App,Category,Rating,Reviews,Size,Installs,Type,Price,Content Rating,Genres,Last Updated,Current Ver,Android Ver
Microsoft Outlook,PRODUCTIVITY,4.3,3252896,50M,"100,000,000+",Free,0,Everyone,Productivity,"August 2, 2018",2.2.194,4.4 and up
FotMob - Live Soccer Scores,SPORTS,4.7,410395,Varies with device,"10,000,000+",Free,0,Everyone,Sports,"July 31, 2018",Varies with device,Varies with device
EO Guide,HEALTH_AND_FITNESS,,15,24M,"1,000+",Paid,$4.99,Everyone,Health & Fitness,"July 23, 2018",1.0.4,4.1 and up
FunForMobile Ringtones & Chat,SOCIAL,4.4,68358,7.2M,"5,000,000+",Free,0,Mature 17+,Social,"May 7, 2016",3.22,4.1 and up
Oral-B App,HEALTH_AND_FITNESS,3.3,14210,96M,"1,000,000+",Free,0,Everyone,Health & Fitness,"July 19, 2018",6.0.1,5.0 and up
EW Neuron Scan,TOOLS,,1,6.5M,10+,Free,0,Everyone,Tools,"January 31, 2018",1.6.2,5.0 and up
Bg TV Online,FAMILY,2.3,50,2.8M,"10,000+",Free,0,Everyone,Entertainment,"October 21, 2017",1.2,4.1 and up
Bike Race Free - Top Motorcycle Racing Games,GAME,4.5,2586261,Varies with device,"100,000,000+",Free,0,Everyone,Racing,"July 31, 2018",7.7.9,4.2 and up
BBVA Spain,FINANCE,4.2,36746,Varies with device,"5,000,000+",Free,0,Everyone,Finance,"July 24, 2018",Varies with device,Varies with device
DT Smart,TOOLS,1.6,39,8.9M,"1,000+",Free,0,Everyone,Tools,"December 7, 2017",1.1.4,4.1 and up
The Vikings,GAME,4.4,15806,42M,"1,000,000+",Free,0,Teen,Arcade,"June 6, 2018",1.0.7,4.1 and up
ReadyOp DT,COMMUNICATION,4.6,8,1.1M,"1,000+",Free,0,Everyone,Communication,"July 6, 2018",1.0.56,2.3.3 and up
Telegram X,SOCIAL,4.6,70449,Varies with device,"5,000,000+",Free,0,Teen,Social,"July 27, 2018",Varies with device,Varies with device
Easy Origami Ideas,ART_AND_DESIGN,4.2,1015,11M,"100,000+",Free,0,Everyone,Art & Design,"January 6, 2018",1.1.0,4.1 and up
DN Snacks,BUSINESS,,0,7.6M,1+,Free,0,Everyone,Business,"April 9, 2018",1.0.0,4.0 and up
Q-See QC View,TOOLS,3.1,657,21M,"100,000+",Free,0,Everyone,Tools,"January 19, 2018",3.49.0202,4.0.3 and up
DV 2019 Entry Guide,BOOKS_AND_REFERENCE,4.5,92,5.1M,"10,000+",Free,0,Everyone,Books & Reference,"October 18, 2017",2.0.0,4.1 and up
Chat Kids - Chat Room For Kids,DATING,4.7,6,4.9M,100+,Free,0,Mature 17+,Dating,"July 24, 2018",1.0,4.0.3 and up
Stats Royale for Clash Royale,BOOKS_AND_REFERENCE,4.5,68226,16M,"1,000,000+",Free,0,Everyone,Books & Reference,"August 6, 2018",1.9.1,4.2 and up
FK Liepaja,SPORTS,,4,26M,100+,Free,0,Everyone,Sports,"March 17, 2018",1.0,4.1 and up
Flow Free,GAME,4.3,1295606,11M,"100,000,000+",Free,0,Everyone,Puzzle,"April 11, 2018",4.0,4.1 and up
CINEMA.BH,FAMILY,3.9,11,16M,"1,000+",Free,0,Everyone,Entertainment,"January 30, 2018",1.2.2,4.2 and up
STARZ,ENTERTAINMENT,4.3,88185,Varies with device,"10,000,000+",Free,0,Mature 17+,Entertainment,"June 20, 2018",Varies with device,Varies with device
Water Drink Reminder,HEALTH_AND_FITNESS,4.6,524299,Varies with device,"10,000,000+",Free,0,Everyone,Health & Fitness,"June 29, 2018",Varies with device,Varies with device
Full Screen Caller ID,COMMUNICATION,4.2,104990,10M,"5,000,000+",Free,0,Everyone,Communication,"May 15, 2018",3.5.0,4.0.3 and up
Ev Dizayn,LIFESTYLE,3.6,30,5.2M,"5,000+",Free,0,Everyone,Lifestyle,"March 4, 2015",1.0,4.0 and up
Geometry Dash Meltdown,GAME,4.6,1591129,48M,"50,000,000+",Free,0,Everyone,Arcade,"December 22, 2017",1.01,4.0 and up
Travelmoji,FAMILY,3.9,13,10M,500+,Free,0,Everyone,Education,"June 24, 2016",2.0,4.3 and up
C3-C4-PİCASSO-ELYSEE RACİNG,GAME,,12,48M,"1,000+",Free,0,Everyone,Arcade,"February 12, 2017","1,01",4.0 and up
All of the parking lot - National Park application (parking lot search / parking sharing / discount payment),AUTO_AND_VEHICLES,4.0,1754,14M,"500,000+",Free,0,Everyone,Auto & Vehicles,"June 2, 2018",2.3.4,4.0 and up
Google Allo,COMMUNICATION,4.3,347086,Varies with device,"10,000,000+",Free,0,Everyone,Communication,"January 23, 2018",Varies with device,4.1 and up
BK Formula Calculator 2,TOOLS,,4,12M,100+,Free,0,Everyone,Tools,"August 7, 2016",0.0.1,4.2 and up
Duaa Ek Ibaadat,BOOKS_AND_REFERENCE,4.9,122,26M,"5,000+",Free,0,Everyone,Books & Reference,"April 10, 2016",1.5,2.2 and up
Candy Crush Saga,GAME,4.4,22426677,74M,"500,000,000+",Free,0,Everyone,Casual,"July 5, 2018",1.129.0.2,4.1 and up
Google Pay,FINANCE,4.2,348132,Varies with device,"100,000,000+",Free,0,Everyone,Finance,"July 26, 2018",2.70.206190089,Varies with device
EZ File Manager(Root Explorer),PRODUCTIVITY,3.5,626,1.2M,"100,000+",Free,0,Everyone,Productivity,"June 23, 2015",1.1,3.2 and up
Jenga® AR,FAMILY,2.9,53,82M,"10,000+",Free,0,Everyone,Puzzle,"March 17, 2018",1.0.1,7.0 and up
World Newspapers,NEWS_AND_MAGAZINES,4.4,185884,7.5M,"1,000,000+",Free,0,Mature 17+,News & Magazines,"September 17, 2017",3.1.9,4.1 and up
Alpha Bank CY,FINANCE,4.7,39,20M,"1,000+",Free,0,Everyone,Finance,"March 20, 2018",1.11,4.3 and up
CZ-70 (CZ-50) pistol explained,BOOKS_AND_REFERENCE,,2,17M,10+,Paid,$5.99,Everyone,Books & Reference,"November 2, 2016",Android 2.1 - 2015,1.6 and up
4 Paws PH,MEDICAL,,1,29M,5+,Free,0,Everyone,Medical,"July 25, 2018",300000.1.11,4.0.3 and up
Shopkins World!,FAMILY,4.3,169609,34M,"10,000,000+",Free,0,Everyone,Arcade;Action & Adventure,"June 13, 2018",3.6.1,4.1 and up
Clash of Clans,GAME,4.6,44891723,98M,"100,000,000+",Free,0,Everyone 10+,Strategy,"July 15, 2018",10.322.16,4.1 and up
PJ Masks: HQ,FAMILY,4.1,13731,55M,"1,000,000+",Free,0,Everyone,Entertainment;Action & Adventure,"June 22, 2018",1.2.1,4.0 and up
VITAS Hospice Referral App for Healthcare Pros,MEDICAL,4.4,27,15M,"5,000+",Free,0,Everyone,Medical,"July 20, 2018",2.5.0 b665,5.0 and up
Bejeweled Classic,FAMILY,4.4,203101,Varies with device,"5,000,000+",Free,0,Everyone,Casual,"May 31, 2018",Varies with device,4.1 and up
Aura Hair Group BC,BEAUTY,,0,Varies with device,100+,Free,0,Everyone,Beauty,"April 23, 2018",Varies with device,4.0.3 and up
gardening ideas flower diy,HOUSE_AND_HOME,,0,5.6M,100+,Free,0,Everyone,House & Home,"May 29, 2017",1.0,2.3 and up
Fr Lupupa Sermons,BUSINESS,4.8,19,21M,100+,Free,0,Everyone,Business,"June 12, 2018",1.0,4.4 and up
Ag PhD Soybean Diseases,BOOKS_AND_REFERENCE,,0,5.9M,"1,000+",Free,0,Everyone,Books & Reference,"May 8, 2017",1.0.3,4.0.3 and up
Zdravei.BG,SOCIAL,,6,6.1M,"1,000+",Free,0,Mature 17+,Social,"January 8, 2018",3.7.17,4.1 and up
CB SmartCAR Monitor,TOOLS,,1,514k,10+,Free,0,Everyone,Tools,"July 20, 2017",4.0,4.3 and up
Gods by Night,DATING,,104,12M,"1,000+",Free,0,Mature 17+,Dating,"July 22, 2018",3.5.4.2.3,4.1 and up
Amazon Drive,PRODUCTIVITY,4.4,18669,4.1M,"1,000,000+",Free,0,Everyone,Productivity,"January 8, 2018",1.9.1.147.0-google,4.2 and up
A hundred,DATING,4.1,236,8.8M,"10,000+",Free,0,Mature 17+,Dating,"March 29, 2018",3.9.2,4.0.3 and up
VetCode,MEDICAL,4.9,28,5.7M,"5,000+",Free,0,Everyone,Medical,"July 7, 2018",1.0,4.4 and up
GATE CS Engineering 2019 Exam Prep App,FAMILY,4.2,162,6.2M,"10,000+",Free,0,Everyone,Education,"February 15, 2018",Y4W-GATE_CS-5.0.0,4.1 and up
BBM - Free Calls & Messages,COMMUNICATION,4.3,12843436,Varies with device,"100,000,000+",Free,0,Everyone,Communication,"August 2, 2018",Varies with device,4.0.3 and up
mobLee Events,EVENTS,,11,11M,"5,000+",Free,0,Everyone,Events,"May 30, 2018",3.05.30.16,4.1 and up
MyRadar NOAA Weather Radar Ad Free,WEATHER,4.5,3005,26M,"10,000+",Paid,$2.99,Everyone,Weather,"August 4, 2018",7.1.4,4.0.3 and up
Number Counting games for toddler preschool kids,FAMILY,4.3,1024,Varies with device,"1,000,000+",Free,0,Everyone,Educational;Education,"May 28, 2018",Varies with device,Varies with device
Draft Simulator for FUT 18,SPORTS,4.6,162933,100M,"5,000,000+",Free,0,Everyone,Sports,"May 11, 2018",25.7,4.1 and up
BankMobile Vibe App,FINANCE,4.3,14627,23M,"1,000,000+",Free,0,Everyone,Finance,"July 9, 2018",5.1,4.1 and up
HD Camera - Quick Snap Photo & Video,PHOTOGRAPHY,4.5,21841,7.7M,"1,000,000+",Free,0,Everyone,Photography,"July 24, 2018",1.6.4,4.2 and up
Beautiful Widgets Free,PERSONALIZATION,3.9,25037,14M,"1,000,000+",Free,0,Everyone,Personalization,"October 20, 2016",5.7.6,2.3 and up
PagesJaunes - local search,TRAVEL_AND_LOCAL,3.8,43935,Varies with device,"10,000,000+",Free,0,Everyone,Travel & Local,"August 1, 2018",8.13.3,5.0 and up
WatchESPN,SPORTS,4.1,288809,6.6M,"10,000,000+",Free,0,Everyone,Sports,"September 27, 2017",2.5.1,4.4 and up
CV maker for Job Applications and Resume Maker,TOOLS,4.2,75,25M,"10,000+",Free,0,Everyone,Tools,"January 31, 2018",1.1,4.0 and up
EX File Explorer File Manager,PRODUCTIVITY,4.0,4660,5.9M,"1,000,000+",Free,0,Everyone,Productivity,"October 6, 2016",1.0,4.0 and up
CompactiMa EC pH Calibration,BOOKS_AND_REFERENCE,,0,8.4M,100+,Free,0,Everyone,Books & Reference,"December 22, 2016",1.1.2,4.1 and up
How to draw Ladybug and Cat Noir,ART_AND_DESIGN,3.8,564,9.2M,"100,000+",Free,0,Everyone,Art & Design,"July 11, 2018",2.1,4.1 and up
GialloZafferano: Recipes,FOOD_AND_DRINK,4.3,30224,Varies with device,"1,000,000+",Free,0,Everyone,Food & Drink,"May 28, 2018",Varies with device,Varies with device
Mesure CI,TOOLS,,9,6.6M,500+,Free,0,Everyone,Tools,"October 4, 2016",1.0.1,4.0 and up
"Polaris Office - Word, Docs, Sheets, Slide, PDF",PRODUCTIVITY,4.3,549900,60M,"10,000,000+",Free,0,Everyone,Productivity,"July 18, 2018",7.3.30,4.1 and up
Dating White Girls,DATING,,0,3.6M,50+,Free,0,Mature 17+,Dating,"July 20, 2018",1.0,4.0 and up
Mukwonago AH,MEDICAL,,1,29M,100+,Free,0,Everyone,Medical,"June 29, 2017",300000.0.85,4.0.3 and up
Podcast App: Free & Offline Podcasts by Player FM,NEWS_AND_MAGAZINES,4.6,66407,19M,"1,000,000+",Free,0,Teen,News & Magazines,"July 25, 2018",4.1.0.72,4.0 and up
DV Portfolio,TOOLS,,0,16M,50+,Free,0,Everyone,Tools,"October 23, 2017",1.0,4.1 and up
EZ Receipts,FINANCE,4.0,2187,Varies with device,"100,000+",Free,0,Everyone,Finance,"August 1, 2018",Varies with device,Varies with device
Van Nien 2018 - Lich Van su & Lich Am,LIFESTYLE,4.4,3829,23M,"1,000,000+",Free,0,Everyone,Lifestyle,"June 1, 2018",3.9.3,4.1 and up
B y H Niños ES,BOOKS_AND_REFERENCE,4.6,53,16M,"5,000+",Free,0,Everyone,Books & Reference,"September 22, 2015",1.0.2,2.3 and up
AE Air Hockey,SPORTS,3.8,926,7.6M,"50,000+",Free,0,Everyone,Sports,"August 1, 2013",1.0.0,2.2 and up
TED,EDUCATION,4.6,181893,18M,"10,000,000+",Free,0,Everyone 10+,Education,"July 27, 2018",3.2.5,4.1 and up
AB Crush Match 3,FAMILY,4.3,96,54M,"10,000+",Free,0,Everyone,Casual,"February 23, 2017",1.1,2.3 and up
CA Mobile OTP,TOOLS,3.3,688,5.5M,"100,000+",Free,0,Everyone,Tools,"September 5, 2017",2.3.5,2.3.3 and up
Firefox Focus: The privacy browser,COMMUNICATION,4.4,36893,4.0M,"1,000,000+",Free,0,Everyone,Communication,"July 6, 2018",5.2,5.0 and up
"CallApp: Caller ID, Blocker & Phone Call Recorder",COMMUNICATION,4.4,483782,20M,"10,000,000+",Free,0,Everyone,Communication,"July 29, 2018",1.286,4.1 and up
F-Secure AV Test,TOOLS,4.5,1250,241k,"50,000+",Free,0,Everyone,Tools,"March 6, 2018",1.0.1,4.0.3 and up
Brick Breaker BR,GAME,5.0,7,19M,5+,Free,0,Everyone,Arcade,"July 23, 2018",1.0,4.1 and up
CG Wallpapers,FAMILY,4.5,11,3.5M,500+,Free,0,Mature 17+,Entertainment,"June 19, 2018",12.1,4.0.3 and up
Message AI - Write Better Messages (Free),SOCIAL,3.7,3,7.9M,100+,Free,0,Everyone,Social,"July 4, 2018",1.3.1-lite,5.0 and up
CE AR LOG,LIFESTYLE,,0,23M,1+,Free,0,Everyone,Lifestyle,"July 11, 2018",1.0.1,4.1 and up
FreedomPop Friends for Free Data,TOOLS,4.4,58,2.5M,"5,000+",Free,0,Everyone,Tools,"July 24, 2018",2017.07.24,4.1 and up
Virtual Brain Surgery Simulator : Kid ER Emergency,FAMILY,3.8,20,55M,"5,000+",Free,0,Teen,Educational,"February 23, 2018",1.1,4.0 and up
iGun Pro -The Original Gun App,GAME,4.2,249308,55M,"10,000,000+",Free,0,Everyone,Arcade,"September 7, 2017",5.26,2.3 and up
Daily Ab Workout - Core & Abs Fitness Exercises,HEALTH_AND_FITNESS,4.4,44939,Varies with device,"10,000,000+",Free,0,Everyone,Health & Fitness,"June 14, 2018",Varies with device,Varies with device
Notepad & To do list,PRODUCTIVITY,4.3,226295,4.2M,"10,000,000+",Free,0,Everyone,Productivity,"June 6, 2018",4.3.19,2.3.3 and up
DK TEL Dialer,COMMUNICATION,,0,4.2M,50+,Free,0,Everyone,Communication,"November 26, 2017",3.8.8,2.2 and up
Spacecraft AR,FAMILY,4.4,83,85M,"10,000+",Free,0,Everyone,Education,"June 28, 2018",1.2,7.0 and up
Penny Finder,SHOPPING,4.2,470,4.1M,"10,000+",Paid,$2.99,Everyone,Shopping,"July 17, 2018",1.3.7,4.1 and up
Rope'n'Fly 3 - Dusk Till Dawn,GAME,4.0,166033,23M,"10,000,000+",Free,0,Everyone 10+,Arcade,"January 31, 2018",3.6,2.3 and up
AB Click2Shop,SHOPPING,3.8,454,18M,"100,000+",Free,0,Everyone,Shopping,"June 26, 2018",1.1.0.0,4.1 and up
BZ Reminder PRO,BUSINESS,4.8,726,5.4M,"1,000+",Paid,$3.99,Everyone,Business,"December 20, 2017",2.3.3,4.1 and up
CE Genius Nurses Edition,MEDICAL,,0,5.1M,1+,Paid,$3.99,Everyone,Medical,"June 1, 2018",1.5,4.0.3 and up
BeWild Free Dating & Chat App,DATING,3.4,1999,8.0M,"100,000+",Free,0,Mature 17+,Dating,"February 3, 2017",1.6.5,4.2 and up
Children Educational Game Full,FAMILY,4.7,30,Varies with device,"1,000+",Paid,$7.49,Everyone,Educational;Education,"May 16, 2018",Varies with device,Varies with device
Manga Rock - Best Manga Reader,COMICS,4.4,238970,28M,"1,000,000+",Free,0,Teen,Comics,"July 9, 2018",3.4.3_world,5.0 and up
Netflix,FAMILY,4.4,5453997,Varies with device,"100,000,000+",Free,0,Teen,Entertainment,"July 31, 2018",Varies with device,Varies with device
au,FAMILY,3.2,9126,5.8M,"1,000,000+",Free,0,Everyone,Strategy,"June 8, 2016",1.0.9,4.0 and up
AT&T FamilyMap®,TOOLS,3.5,21592,25M,"10,000,000+",Free,0,Everyone,Tools,"October 24, 2017",10.1.1,4.0.3 and up
InstaBeauty -Makeup Selfie Cam,PHOTOGRAPHY,4.3,654418,Varies with device,"50,000,000+",Free,0,Everyone,Photography,"February 1, 2018",Varies with device,4.0.3 and up
"BestCam Selfie-selfie, beauty camera, photo editor",BEAUTY,3.9,1739,21M,"500,000+",Free,0,Everyone,Beauty,"July 12, 2018",1.0.6,4.0.3 and up
CW BLE Peripheral Simulator,COMMUNICATION,,2,1.5M,500+,Free,0,Everyone,Communication,"March 8, 2017",1.0,4.4 and up
Accounting App - Zoho Books,BUSINESS,4.5,3079,8.5M,"100,000+",Free,0,Everyone,Business,"August 2, 2018",5.20.7,4.1 and up
BN Pro RobotoXL HD Text,LIBRARIES_AND_DEMO,4.3,15,460k,"1,000+",Free,0,Everyone,Libraries & Demo,"February 5, 2017",2.3.2,1.6 and up
Blackjack Verite Drills,GAME,4.6,17,4.7M,100+,Paid,$14.00,Teen,Casino,"July 9, 2017",1.1.10,3.0 and up
Squeezy CF,MEDICAL,,0,1.4M,10+,Paid,$2.99,Everyone,Medical,"April 26, 2017",1.2.11,4.0 and up
DF@realtime,BUSINESS,4.3,24,8.0M,"1,000+",Free,0,Everyone,Business,"October 26, 2017",6.0.8.2.GM,3.2 and up
Manga Net – Best Online Manga Reader,COMICS,4.1,1010,11M,"50,000+",Free,0,Mature 17+,Comics,"July 7, 2018",1.5,4.1 and up
All Video Downloader,VIDEO_PLAYERS,3.8,165723,1.6M,"10,000,000+",Free,0,Everyone,Video Players & Editors,"August 4, 2018",7.5.9,4.0 and up
DHgate-Shop Wholesale Prices,SHOPPING,4.5,104068,37M,"5,000,000+",Free,0,Teen,Shopping,"August 1, 2018",4.5.1,4.1 and up
Morse Player,FAMILY,5.0,12,2.4M,100+,Paid,$1.99,Everyone,Education,"January 23, 2017",2.1.1,3.0 and up
Plants vs. Zombies™ Heroes,FAMILY,4.4,379415,68M,"10,000,000+",Free,0,Everyone,Casual;Action & Adventure,"June 26, 2018",1.28.01,4.1 and up
WeFi - Free Fast WiFi Connect & Find Wi-Fi Map,COMMUNICATION,4.0,13469,5.1M,"1,000,000+",Free,0,Everyone,Communication,"June 5, 2018",4.7.0.2200000,4.0 and up
ROBLOX,FAMILY,4.5,4450855,67M,"100,000,000+",Free,0,Everyone 10+,Adventure;Action & Adventure,"July 31, 2018",2.347.225742,4.1 and up
SnowMobile Parking Adventure,GAME,3.6,12257,49M,"1,000,000+",Free,0,Everyone,Racing,"September 9, 2016",1.4,2.3 and up
TNEB Quick Pay Easy,FINANCE,4.5,28,1.4M,"10,000+",Free,0,Teen,Finance,"January 29, 2018",1,3.0 and up
"Messenger L SMS, MMS",PERSONALIZATION,4.0,6263,20M,"500,000+",Free,0,Everyone,Personalization,"July 12, 2018",7.46,2.3 and up
Supermarket Cashier Kids Games,FAMILY,3.6,32416,Varies with device,"1,000,000+",Free,0,Everyone,Educational,"July 10, 2017",Varies with device,Varies with device
The CJ Rubric,HEALTH_AND_FITNESS,5.0,5,43M,100+,Free,0,Everyone,Health & Fitness,"December 5, 2017",The CJ Rubric 7.12.0,4.1 and up
Whist - Tinnitus Relief,MEDICAL,4.1,12,5.1M,"1,000+",Paid,$1.99,Everyone,Medical,"March 2, 2017",1.2,4.1 and up
Carnivores: Dinosaur Hunter,GAME,4.2,62636,17M,"1,000,000+",Free,0,Teen,Action,"July 2, 2018",1.8.0,4.0.3 and up
Paint Hit,GAME,4.4,37023,33M,"10,000,000+",Free,0,Everyone,Casual,"July 6, 2018",5.200,5.0 and up
Height Converter feet-inch cm,TOOLS,4.2,498,597k,"100,000+",Free,0,Everyone,Tools,"October 22, 2013",1.0,2.2 and up
Pocket RxTx Pro,PRODUCTIVITY,4.3,253,Varies with device,"5,000+",Paid,$3.99,Everyone,Productivity,"March 4, 2018",Varies with device,Varies with device
Transfer,FINANCE,4.1,31804,9.8M,"5,000,000+",Free,0,Everyone,Finance,"July 27, 2018",3.1.6.12,4.0 and up
El Laberinto del Demonio 2,FAMILY,4.1,3654,25M,"100,000+",Free,0,Teen,Puzzle,"April 14, 2017",1.0.1,4.0 and up
Mini Golf King - Multiplayer Game,GAME,4.5,531458,100M,"5,000,000+",Free,0,Everyone,Sports,"July 20, 2018",3.04.1,4.0.3 and up
Bathroom Decorating Ideas,HOUSE_AND_HOME,4.1,2427,5.3M,"500,000+",Free,0,Everyone,House & Home,"March 12, 2015",1.4,3.0 and up
Plug-in app (System AC),TOOLS,3.6,126,11M,"10,000+",Free,0,Everyone,Tools,"June 8, 2017",v1.1072.35.0,4.0 and up
Survival: Prison Escape,GAME,4.0,127810,33M,"10,000,000+",Free,0,Mature 17+,Action,"August 1, 2018",1.8.8,4.4 and up
Toddler Kids Puzzles PUZZINGO,FAMILY,4.6,14014,60M,"1,000,000+",Free,0,Everyone,Education;Education,"July 6, 2018",7.32,4.0.3 and up
Chrome Dev,COMMUNICATION,4.4,63543,Varies with device,"5,000,000+",Free,0,Everyone,Communication,"August 2, 2018",69.0.3497.24,Varies with device
My Day - Countdown Calendar 🗓️,LIFESTYLE,4.1,49147,13M,"1,000,000+",Free,0,Everyone,Lifestyle,"May 7, 2018",2.9.5,4.1 and up
AE Gun Ball: arcade ball games,GAME,3.7,8581,12M,"1,000,000+",Free,0,Everyone,Arcade,"December 13, 2013",1.0.2,2.2 and up
EzCalculator,TOOLS,4.1,1657,2.0M,"100,000+",Free,0,Everyone,Tools,"September 17, 2017",2.1.0,5.0 and up
do,FAMILY,3.1,1073,5.9M,"100,000+",Free,0,Everyone,Strategy,"June 8, 2016",1.0.4,4.0 and up
211:CK Lite,GAME,4.3,3,39M,10+,Free,0,Mature 17+,Action,"September 22, 2017",1.0,4.1 and up
Live 3D Neon Blue Love Heart Keyboard Theme,PERSONALIZATION,4.3,6626,9.1M,"1,000,000+",Free,0,Everyone,Personalization,"July 25, 2018",6.7.25.2018,4.0.3 and up
Firefox Browser fast & private,COMMUNICATION,4.4,3075096,Varies with device,"100,000,000+",Free,0,Everyone,Communication,"July 10, 2018",Varies with device,Varies with device
FG On-The-Go,TOOLS,4.9,55,25M,"1,000+",Free,0,Everyone,Tools,"June 29, 2018",2.01.0.2,4.1 and up
H Band 2.0,HEALTH_AND_FITNESS,2.9,4031,8.9M,"500,000+",Free,0,Everyone,Health & Fitness,"June 15, 2018",3.0.2,4.4 and up
BD CRICKET LIVE,SPORTS,4.6,1238,9.5M,"100,000+",Free,0,Everyone,Sports,"January 15, 2018",3.0,4.0.3 and up
GolfLogix GPS + Putt Breaks,SPORTS,4.0,11085,61M,"1,000,000+",Free,0,Everyone,Sports,"June 21, 2018",8.9.3,4.0.3 and up
Learn Java,EDUCATION,4.7,52743,5.4M,"1,000,000+",Free,0,Everyone,Education,"December 25, 2017",3.5.2,4.0 and up
Quiz for Clash Royale™,FAMILY,4.0,3788,32M,"100,000+",Free,0,Everyone,Entertainment,"July 18, 2018",3.0.1,4.1 and up
FaceQ,FAMILY,4.4,591411,19M,"10,000,000+",Free,0,Teen,Entertainment,"May 16, 2017",3.4.1,3.0 and up
MOD Black for BM,BOOKS_AND_REFERENCE,,2,7.8M,100+,Free,0,Everyone,Books & Reference,"July 31, 2017",1.0,4.0 and up
Instagram,SOCIAL,4.5,66577313,Varies with device,"1,000,000,000+",Free,0,Teen,Social,"July 31, 2018",Varies with device,Varies with device
Hole.io,GAME,4.2,145353,85M,"10,000,000+",Free,0,Teen,Arcade,"July 24, 2018",1.3.1,4.1 and up
Ai-Ball AV Recorder,PHOTOGRAPHY,2.7,90,4.0M,"5,000+",Paid,$2.99,Everyone,Photography,"October 19, 2017",13,2.3.3 and up
Squid - Take Notes & Markup PDFs,PRODUCTIVITY,4.2,37204,19M,"1,000,000+",Free,0,Everyone,Productivity,"July 21, 2018",3.4.4.4-GP,4.0 and up
BJ-FPV,FAMILY,4.2,16,26M,"1,000+",Free,0,Everyone,Casual,"July 31, 2018",2.0.2,4.4 and up
FG Rockstar,FAMILY,,1,30M,10+,Free,0,Everyone,Education,"August 2, 2018",1.1.5,4.1 and up
CT Lottery,FAMILY,3.8,271,8.3M,"50,000+",Free,0,Teen,Entertainment,"June 12, 2017",1.2.0,4.0 and up
CQ-Mobile,COMMUNICATION,,10,8.1M,"1,000+",Free,0,Everyone,Communication,"November 28, 2016",5.5.0,4.0 and up
ES Anywhere,BUSINESS,4.7,10,Varies with device,100+,Free,0,Everyone,Business,"April 28, 2017",Varies with device,4.0.3 and up
mySharpBranded CI Test,TOOLS,,0,898k,1+,Free,0,Everyone,Tools,"October 4, 2017",1.0.7,4.2 and up
LinkedIn,SOCIAL,4.2,1225339,Varies with device,"100,000,000+",Free,0,Everyone,Social,"August 2, 2018",4.1.202,5.0 and up
Movie DB,FAMILY,,10,2.6M,"1,000+",Free,0,Teen,Entertainment,"December 10, 2016",1.0.1,4.2 and up
Learn Music Notes,FAMILY,4.7,143,4.4M,"1,000+",Paid,$1.99,Everyone,Music;Music & Video,"June 17, 2018",1.2.1,2.2 and up
EHiN-FH conferenceapp,COMMUNICATION,,5,26M,100+,Free,0,Everyone,Communication,"November 15, 2016",1.17,4.1 and up
free video calls and chat,COMMUNICATION,4.2,594720,Varies with device,"50,000,000+",Free,0,Everyone,Communication,"July 19, 2018",7.3(800241),4.4 and up
BL Portfolio,PHOTOGRAPHY,,4,16M,100+,Free,0,Everyone,Photography,"June 13, 2017",1.2,4.1 and up
"Avast Cleanup & Boost, Phone Cleaner, Optimizer",TOOLS,4.5,648380,24M,"10,000,000+",Free,0,Everyone,Tools,"August 1, 2018",4.6.4,4.1 and up
BW-IVMS,PRODUCTIVITY,,0,17M,100+,Free,0,Everyone,Productivity,"July 26, 2018",12.0.18071400,4.1 and up
Técnico Legislativo Câmara Legislativa DF,PRODUCTIVITY,,1,10M,10+,Paid,$2.99,Everyone,Productivity,"June 29, 2018",6.0,4.0.3 and up
VeinSeek,MEDICAL,2.5,79,Varies with device,"1,000+",Paid,$3.99,Everyone,Medical,"December 6, 2017",Varies with device,Varies with device
GMAT Math Flashcards,EDUCATION,4.4,1769,Varies with device,"100,000+",Free,0,Everyone,Education,"July 11, 2018",Varies with device,Varies with device
Tastely,FOOD_AND_DRINK,4.7,611136,19M,"10,000,000+",Free,0,Everyone,Food & Drink,"July 13, 2018",3.2.0d,4.0.3 and up
Free Resume Builder – CV Maker,BUSINESS,4.4,25,12M,"5,000+",Free,0,Everyone,Business,"June 9, 2018",1.5,4.4 and up
Bu Hangi Ünlü?,GAME,,1,19M,10+,Free,0,Everyone,Trivia,"June 9, 2018",3.3.7z,4.0.3 and up
Fever Meter,MEDICAL,3.6,26,975k,"5,000+",Free,0,Everyone,Medical,"May 10, 2015",1.1,2.2 and up
Sygic Truck GPS Navigation,TRAVEL_AND_LOCAL,4.2,18294,28M,"1,000,000+",Free,0,Everyone,Travel & Local,"August 2, 2018",13.8.3,4.0 and up
BS-Mobile,COMMUNICATION,5.0,1,683k,50+,Free,0,Everyone,Communication,"September 3, 2015",0.1,2.3 and up
DC N COMPANY ENTERTAINMENT RADIO!,FAMILY,5.0,22,2.2M,100+,Free,0,Mature 17+,Entertainment,"November 2, 2017",1.4,4.4 and up
Downloader & Private Browser,TOOLS,4.3,1072565,Varies with device,"50,000,000+",Free,0,Everyone,Tools,"July 25, 2018",Varies with device,Varies with device
J Balvin Piano Tiles,GAME,,6,30M,500+,Free,0,Everyone,Music,"May 15, 2018",2.0,4.1 and up
NFL,SPORTS,4.1,459795,Varies with device,"50,000,000+",Free,0,Everyone,Sports,"August 2, 2018",Varies with device,Varies with device
eu sou franky,BUSINESS,3.7,195,4.0M,"10,000+",Free,0,Everyone,Business,"November 21, 2016",1.0.1,4.0 and up
GLASS GO Launcher EX Theme,PERSONALIZATION,4.2,18280,6.0M,"1,000,000+",Free,0,Everyone,Personalization,"January 8, 2015",1.28,1.6 and up
Apex Launcher,PERSONALIZATION,4.3,266401,Varies with device,"10,000,000+",Free,0,Everyone,Personalization,"August 4, 2018",Varies with device,Varies with device
Just She - Top Lesbian Dating,DATING,1.9,953,19M,"100,000+",Free,0,Mature 17+,Dating,"July 18, 2018",6.3.7,5.0 and up
Little Caesars,FOOD_AND_DRINK,3.3,1726,30M,"500,000+",Free,0,Everyone,Food & Drink,"July 19, 2018",4.26,4.4 and up
Hypocam,PHOTOGRAPHY,4.5,12572,8.5M,"1,000,000+",Free,0,Everyone,Photography,"March 14, 2018",1.31,4.0 and up
Holy Quran Mehmet Emin Ay,LIFESTYLE,,649,55M,"10,000+",Free,0,Everyone,Lifestyle,"March 14, 2017",1.3.1,4.0.3 and up
FL House,PRODUCTIVITY,4.4,29,Varies with device,"1,000+",Free,0,Everyone,Productivity,"November 22, 2016",1.6.7,Varies with device
Radio BN,FAMILY,,53,4.2M,"5,000+",Free,0,Everyone,Entertainment,"January 12, 2018",1.0.3,4.4 and up
Little Pets Animal Guardians,FAMILY,4.6,18893,91M,"100,000+",Free,0,Everyone,Casual;Pretend Play,"June 9, 2018",1.4.1,4.0.3 and up
Saiyan Z: Super SSJ Ultimate Combat,GAME,4.4,306,61M,"10,000+",Free,0,Everyone,Adventure,"April 18, 2018",2.0.2,4.0 and up
Santa Fe Thrive,HEALTH_AND_FITNESS,5.0,2,8.3M,50+,Free,0,Everyone,Health & Fitness,"July 9, 2018",4.2.2,4.1 and up
Howlr,DATING,3.9,105,27M,"5,000+",Free,0,Mature 17+,Dating,"June 19, 2018",1.0.4,4.4 and up
Casual Dating & Adult Singles - Joyride,DATING,4.5,61637,11M,"5,000,000+",Free,0,Mature 17+,Dating,"July 31, 2018",4.17.2,4.1 and up
"Starg - Gay, Same Sex, Bi",DATING,3.7,66,7.3M,"10,000+",Free,0,Mature 17+,Dating,"November 29, 2016",1.0.6,4.1 and up
edp re:dy,TOOLS,3.0,172,Varies with device,"10,000+",Free,0,Everyone,Tools,"June 20, 2018",Varies with device,Varies with device
Flame - درب عقلك يوميا,EDUCATION,4.6,56065,37M,"1,000,000+",Free,0,Everyone,Education,"July 26, 2018",3.3,4.1 and up
AC remote control mobile,TOOLS,3.9,3043,7.7M,"100,000+",Free,0,Everyone,Tools,"June 2, 2017",1.3 acremotecontrol,4.0.3 and up
"Super P Launcher for Android P 9.0 launcher, theme",TOOLS,4.4,2026,7.5M,"100,000+",Free,0,Everyone,Tools,"August 3, 2018",1.9,4.0 and up
"Ike - To-Do List, Task List",PRODUCTIVITY,4.6,6320,6.3M,"100,000+",Free,0,Everyone,Productivity,"December 10, 2016",2.0,4.4 and up
Portable Wi-Fi hotspot,COMMUNICATION,3.9,138129,2.1M,"10,000,000+",Free,0,Everyone,Communication,"May 6, 2018",1.5.2.4-23,2.3 and up
autolina.ch has over 120'000 cars on offer.,AUTO_AND_VEHICLES,4.2,25,6.5M,"10,000+",Free,0,Everyone,Auto & Vehicles,"August 2, 2017",1.02,4.2 and up
Fr Daoud Lamei,SOCIAL,4.7,2036,6.8M,"100,000+",Free,0,Everyone,Social,"May 20, 2018",1.72,4.0.3 and up
Toughest Game Ever 2,GAME,4.6,293086,Varies with device,"5,000,000+",Free,0,Everyone,Action,"October 22, 2015",8.1,4.0.3 and up
Archery Physics Objects Destruction Apple shooter,GAME,4.5,6026,39M,"100,000+",Free,0,Teen,Action,"July 7, 2018",1.04,4.1 and up
Pic Collage - Photo Editor,PHOTOGRAPHY,4.6,1451000,Varies with device,"50,000,000+",Free,0,Everyone,Photography,"July 19, 2018",Varies with device,Varies with device
Updates for Samsung - Android Update Versions,NEWS_AND_MAGAZINES,4.0,80368,Varies with device,"10,000,000+",Free,0,Everyone,News & Magazines,"May 17, 2018",Varies with device,Varies with device
YouTube TV - Watch & Record Live TV,FAMILY,4.4,38517,17M,"1,000,000+",Free,0,Teen,Entertainment,"August 2, 2018",2.29.2,5.0 and up
"Bleacher Report: sports news, scores, & highlights",SPORTS,4.4,122282,Varies with device,"5,000,000+",Free,0,Everyone 10+,Sports,"July 20, 2018",Varies with device,Varies with device
DS Flashlight,TOOLS,4.0,127,5.8M,"10,000+",Free,0,Everyone,Tools,"May 30, 2015",1.31,2.2 and up
"Tapas – Comics, Novels, and Stories",COMICS,4.5,29839,29M,"1,000,000+",Free,0,Teen,Comics,"July 31, 2018",4.1.0,4.4 and up
"IndiaMART: Search Products, Buy, Sell & Trade",BUSINESS,4.5,207372,11M,"5,000,000+",Free,0,Everyone,Business,"August 2, 2018",12.2.4,4.0 and up
AJ-COMICS,FOOD_AND_DRINK,,0,27M,5+,Free,0,Everyone,Food & Drink,"July 13, 2018",0.1.0,4.4 and up
Camera51 - a smarter camera,PHOTOGRAPHY,4.0,29707,18M,"1,000,000+",Free,0,Everyone,Photography,"February 10, 2015",1.1.6,4.0 and up
MyScript Calculator,TOOLS,4.5,342336,Varies with device,"10,000,000+",Free,0,Everyone,Tools;Education,"August 10, 2015",Varies with device,Varies with device
Golf Channel,SPORTS,4.1,19230,88M,"1,000,000+",Free,0,Everyone,Sports,"May 30, 2018",4.5.19.56,4.1 and up
Amtrak,TRAVEL_AND_LOCAL,3.7,16815,28M,"1,000,000+",Free,0,Everyone,Travel & Local,"July 15, 2018",3.1.3,5.0 and up
ClanPlay: Community and Tools for Gamers,COMMUNICATION,4.8,34443,27M,"1,000,000+",Free,0,Teen,Communication,"June 28, 2018",1.14.3,5.0 and up
"Cymera Camera- Photo Editor, Filter,Collage,Layout",PHOTOGRAPHY,4.4,2418135,Varies with device,"100,000,000+",Free,0,Everyone,Photography,"July 12, 2018",Varies with device,Varies with device
EW Widgets for Zooper,TOOLS,3.4,5,1.9M,100+,Free,0,Everyone,Tools,"December 3, 2016",1.0.2,4.0.3 and up
Panera Bread,FOOD_AND_DRINK,4.2,10225,36M,"1,000,000+",Free,0,Everyone,Food & Drink,"August 6, 2018",4.4.2,5.0 and up
Dulquer Salmaan HD Wallpapers,PERSONALIZATION,,1,3.9M,100+,Free,0,Everyone,Personalization,"May 22, 2018",1.1.0,4.0 and up
FotMob - Live Soccer Scores,SPORTS,4.7,410384,Varies with device,"10,000,000+",Free,0,Everyone,Sports,"July 31, 2018",Varies with device,Varies with device
Papumba Academy - Fun Learning For Kids,FAMILY,4.4,496,94M,"100,000+",Free,0,Everyone,Education;Education,"July 11, 2018",1.0,4.2 and up
Thomas & Friends: Race On!,FAMILY,4.1,29319,26M,"5,000,000+",Free,0,Everyone,Casual;Action & Adventure,"May 18, 2018",2.4,4.4 and up
CV (Curriculum Vitae / Resume) Maker,BUSINESS,,4,4.4M,"5,000+",Free,0,Everyone,Business,"December 27, 2017",1.1,4.0.3 and up
Apartments & Rentals - Zillow,HOUSE_AND_HOME,4.2,27387,Varies with device,"1,000,000+",Free,0,Everyone,House & Home,"June 21, 2018",Varies with device,Varies with device
"muzmatch: Muslim & Arab Singles, Marriage & Dating",DATING,3.8,5168,25M,"100,000+",Free,0,Mature 17+,Dating,"July 24, 2018",3.8.75a,4.0.3 and up
DRAGON QUEST II,FAMILY,4.5,2576,44M,"10,000+",Paid,$4.99,Everyone,Role Playing,"March 9, 2018",1.0.5,4.0 and up
Baldur's Gate: Enhanced Edition,FAMILY,4.5,20101,7.8M,"100,000+",Paid,$9.99,Teen,Role Playing,"October 2, 2015",1.3,3.0 and up
Burger King Foot Lettuce,FAMILY,4.4,150,5.9M,"10,000+",Free,0,Everyone,Entertainment,"June 11, 2018",1.07,4.0 and up
SAY-U,FAMILY,3.2,1011,Varies with device,"100,000+",Free,0,Teen,Entertainment,"July 13, 2018",Varies with device,4.1 and up
Elif Ba - Learn The Holy Quran,FAMILY,4.8,1491,38M,"50,000+",Free,0,Everyone,Education,"October 31, 2017",1.3,4.1 and up
Barcelona Calendar,SPORTS,4.4,670,3.1M,"10,000+",Free,0,Everyone,Sports,"November 17, 2017",2.2,4.0.3 and up
Weather Radar Widget,WEATHER,4.3,18194,3.2M,"1,000,000+",Free,0,Everyone,Weather,"June 28, 2017",1.7.7,3.0 and up
White Noise ~ Sleeping Sounds,LIFESTYLE,4.5,4427,Varies with device,"100,000+",Free,0,Everyone,Lifestyle,"June 23, 2017",Varies with device,Varies with device
AZ Screen Recorder - No Root,VIDEO_PLAYERS,4.6,751911,Varies with device,"10,000,000+",Free,0,Everyone,Video Players & Editors,"August 2, 2018",Varies with device,5.0 and up
Ulta Beauty,BEAUTY,4.7,42050,Varies with device,"1,000,000+",Free,0,Everyone,Beauty,"June 5, 2018",5.4,5.0 and up
EK Carevec,FAMILY,,1,29M,10+,Free,0,Teen,Entertainment,"July 17, 2018",2.177.5489,4.3 and up
Free TV series,VIDEO_PLAYERS,3.7,400,7.2M,"100,000+",Free,0,Teen,Video Players & Editors,"May 28, 2018",v1.0.3,4.0.3 and up
Turbo FAST,FAMILY,4.3,1329192,97M,"50,000,000+",Free,0,Everyone,Racing;Action & Adventure,"October 4, 2017",2.1.20,2.3.3 and up
FQ - Football Quiz,SPORTS,,1,9.0M,1+,Free,0,Everyone,Sports,"May 29, 2018",1.0,5.0 and up
NB|AZ Business Mobile Banking,FINANCE,4.1,44,13M,"1,000+",Free,0,Everyone,Finance,"April 5, 2018",4.2.31,4.2 and up
Miraculous Ladybug & Cat Noir - The Official Game,GAME,4.5,183846,99M,"10,000,000+",Free,0,Everyone,Action,"July 30, 2018",1.0.6,4.4 and up
Grab Driver,MAPS_AND_NAVIGATION,4.2,301413,48M,"5,000,000+",Free,0,Everyone,Maps & Navigation,"August 1, 2018",5.44.1,4.1 and up
Koch Morse Trainer Pro,COMMUNICATION,4.6,94,1.1M,"1,000+",Paid,$2.49,Everyone,Communication,"February 14, 2015",2.1.1,2.2 and up
BP Assist,TOOLS,,0,9.4M,100+,Free,0,Everyone,Tools,"July 3, 2018",4.4.14.4487,4.0.3 and up
21-Day Meditation Experience,HEALTH_AND_FITNESS,4.4,11506,15M,"100,000+",Free,0,Everyone,Health & Fitness,"August 2, 2018",3.0.0,4.1 and up
Smart Launcher 5,PERSONALIZATION,4.4,512106,Varies with device,"10,000,000+",Free,0,Everyone,Personalization,"July 16, 2018",Varies with device,Varies with device
MIX by Camera360,PHOTOGRAPHY,4.4,111066,74M,"5,000,000+",Free,0,Everyone,Photography,"August 3, 2018",4.8.7,4.0.3 and up
Farming Simulator 18,GAME,4.5,18125,15M,"100,000+",Paid,$4.99,Everyone,Simulation;Education,"July 9, 2018",Varies with device,4.4 and up
Rossmann PL,SHOPPING,4.0,15867,Varies with device,"5,000,000+",Free,0,Everyone,Shopping,"August 6, 2018",Varies with device,4.0.3 and up
I am rich,LIFESTYLE,3.8,3547,1.8M,"100,000+",Paid,$399.99,Everyone,Lifestyle,"January 12, 2018",2.0,4.0.3 and up
Dreamland Arcade - Steven Universe,GAME,4.0,6386,24M,"500,000+",Free,0,Everyone,Arcade,"November 19, 2017",0.99,5.1 and up
Black Survival,FAMILY,4.4,48451,52M,"1,000,000+",Free,0,Teen,Strategy,"August 1, 2018",4.6.00,4.0.3 and up
EC-HRV test,SPORTS,3.0,9,4.3M,"1,000+",Free,0,Everyone,Sports,"July 26, 2018",3.9.13,4.4 and up
Pain Tracker & Diary,MEDICAL,4.3,3,4.6M,100+,Paid,$2.99,Everyone,Medical,"January 2, 2018",1.50,4.1 and up
Ultimate Chest Tracker,PRODUCTIVITY,4.5,40328,23M,"1,000,000+",Free,0,Everyone,Productivity,"October 17, 2016",1.9,2.3 and up
TouchPal Keyboard for vivo,TOOLS,4.3,357,58M,"1,000,000+",Free,0,Everyone,Tools,"May 30, 2018",6.2.6.7,4.0.3 and up
CU of Colorado Mobile Banking,FINANCE,4.0,347,25M,"10,000+",Free,0,Everyone,Finance,"February 6, 2018",4.11.100,4.1 and up
AND CO,FINANCE,4.5,175,12M,"10,000+",Free,0,Everyone,Finance,"August 3, 2018",2.2.0,5.0 and up
U.S. Bank,FINANCE,4.1,70782,50M,"1,000,000+",Free,0,Everyone,Finance,"July 25, 2018",2.34.29,4.0.3 and up
BD Simplist Through Their Eyes,FAMILY,,1,38M,10+,Free,0,Everyone,Simulation,"December 4, 2015",1.0,4.1 and up
IHG®: Hotel Deals & Rewards,TRAVEL_AND_LOCAL,4.3,18622,44M,"1,000,000+",Free,0,Everyone,Travel & Local,"August 3, 2018",4.15.1,4.4 and up
"Emoji keyboard - Cute Emoticons, GIF, Stickers",TOOLS,4.4,1107320,25M,"50,000,000+",Free,0,Everyone,Tools,"August 7, 2018",3.4.500,4.1 and up
A-Z Screen Recorder -,VIDEO_PLAYERS,,17,3.7M,500+,Free,0,Everyone,Video Players & Editors,"July 23, 2018",1.0,4.4 and up
Camera MX - Free Photo & Video Camera,PHOTOGRAPHY,4.3,244302,Varies with device,"10,000,000+",Free,0,Everyone,Photography,"July 5, 2018",Varies with device,Varies with device
8 Ball Pool,GAME,4.5,14200550,52M,"100,000,000+",Free,0,Everyone,Sports,"July 31, 2018",4.0.0,4.0.3 and up
Freecell CY,GAME,4.0,387,1.1M,"50,000+",Free,0,Everyone,Card,"April 16, 2011",1.3.3,1.6 and up
Fairy Kingdom: World of Magic and Farming,FAMILY,4.4,129542,63M,"1,000,000+",Free,0,Everyone,Strategy;Creativity,"July 23, 2018",2.4.9,4.0.3 and up
OkCupid Dating,DATING,4.1,285726,15M,"10,000,000+",Free,0,Mature 17+,Dating,"July 30, 2018",11.10.1,4.1 and up
Christella VoiceUp,MEDICAL,4.1,38,70M,"5,000+",Free,0,Everyone,Medical,"July 12, 2018",2.1.4,4.1 and up
Hambo,GAME,4.4,125578,17M,"5,000,000+",Free,0,Everyone,Action,"July 6, 2015",1.1.8,2.1 and up
slither.io,GAME,4.4,5235294,Varies with device,"100,000,000+",Free,0,Everyone,Action,"November 14, 2017",Varies with device,2.3 and up
Houzz Interior Design Ideas,HOUSE_AND_HOME,4.6,353813,Varies with device,"10,000,000+",Free,0,Everyone,House & Home,"August 1, 2018",Varies with device,Varies with device
My EU,FAMILY,3.8,4,13M,100+,Free,0,Everyone,Education,"May 15, 2017",3.2.1,4.1 and up
Euro Truck Driver (Simulator),FAMILY,4.4,860078,30M,"10,000,000+",Free,0,Everyone,Simulation,"February 15, 2018",1.6.0,4.1 and up
Esporte Interativo - Notícias e Resultados Ao Vivo,SPORTS,4.4,4600,21M,"500,000+",Free,0,Everyone,Sports,"January 14, 2018",6.2.6,4.1 and up
Smart AppLock (App Protect),TOOLS,4.4,137562,Varies with device,"10,000,000+",Free,0,Everyone,Tools,"May 31, 2018",Varies with device,Varies with device
FK Bregalnica Štip,SPORTS,,0,26M,1+,Free,0,Everyone,Sports,"February 24, 2018",1.0,4.1 and up
BV Bombers,SPORTS,,0,12M,100+,Free,0,Everyone,Sports,"January 31, 2017",7.1.5,4.0 and up
Mod GTA V for MCPE,FAMILY,3.3,4288,10M,"500,000+",Free,0,Everyone,Entertainment,"April 23, 2018",1.2.3.4.5,4.0.3 and up
Whoscall - Caller ID & Block,COMMUNICATION,4.4,552635,29M,"10,000,000+",Free,0,Everyone,Communication,"August 1, 2018",6.19.1,4.1 and up
RULES OF SURVIVAL,GAME,4.2,1343106,56M,"10,000,000+",Free,0,Teen,Action,"August 1, 2018",1.180271.184729,4.0 and up
Google Calendar,PRODUCTIVITY,4.2,858227,Varies with device,"500,000,000+",Free,0,Everyone,Productivity,"August 6, 2018",Varies with device,Varies with device
Epson iPrint,TOOLS,4.1,108169,Varies with device,"10,000,000+",Free,0,Everyone,Tools,"June 25, 2018",Varies with device,Varies with device
Shoot M-16 vs AK-47 : realistic weapon simulator,FAMILY,3.0,2,33M,100+,Free,0,Everyone,Simulation,"July 18, 2018",1.0,4.1 and up
Punjab Online - Land Records • EB Bill Pay • RC/DL,TOOLS,3.4,16,4.0M,"5,000+",Free,0,Everyone,Tools,"August 7, 2018",1.0,5.0 and up
Rainbow - Journal & Activities,PARENTING,4.8,6668,20M,"100,000+",Free,0,Everyone,Parenting,"March 28, 2018",2.5.9,4.1 and up
Official NBSTSA CSFA Exam Prep,MEDICAL,4.4,137,11M,"1,000+",Free,0,Everyone,Medical,"May 17, 2018",4.5.1,4.4 and up
Q-slope,TOOLS,4.5,2,3.9M,50+,Paid,$1.76,Everyone,Tools,"December 3, 2017",5.0,4.3 and up
"Pretty Makeup, Beauty Photo Editor & Snappy Camera",PHOTOGRAPHY,4.5,26361,29M,"5,000,000+",Free,0,Everyone,Photography,"July 25, 2018",5.3,4.1 and up
Football Manager Mobile 2018,SPORTS,3.9,11460,Varies with device,"100,000+",Paid,$8.99,Everyone,Sports,"June 27, 2018",Varies with device,4.1 and up
Do Not Crash,FAMILY,3.7,56664,8.3M,"1,000,000+",Free,0,Everyone,Casual,"February 5, 2015",1.4,2.3 and up
EC MANAGER,VIDEO_PLAYERS,,2,17M,100+,Free,0,Everyone,Video Players & Editors,"June 13, 2018",8.3.13.6,4.1 and up
HTC Sense Input-CA,TOOLS,3.1,124,1.9M,"100,000+",Free,0,Everyone,Tools,"April 22, 2014",9.7.753080,4.1 and up
SW-DB,TOOLS,4.5,954,7.6M,"10,000+",Free,0,Teen,Tools,"July 11, 2016",0.4.1,4.1 and up
Retro City Rampage DX,GAME,4.7,416,16M,"10,000+",Paid,$2.99,Teen,Action,"January 12, 2017",1.0.5,4.0 and up
EF Events,EVENTS,5.0,7,4.4M,100+,Free,0,Teen,Events,"October 5, 2017",Varies with device,Varies with device
Aldiko Book Reader,BOOKS_AND_REFERENCE,4.2,210534,22M,"10,000,000+",Free,0,Everyone,Books & Reference,"June 13, 2018",3.0.58,4.0 and up
T-Mobile® FamilyMode™,PARENTING,3.1,103,28M,"10,000+",Free,0,Everyone,Parenting,"June 29, 2018",1.0.2-alpha4,4.4 and up
Anthem BC Anywhere,MEDICAL,2.6,496,24M,"100,000+",Free,0,Everyone,Medical,"July 27, 2018",8.0.226,4.4 and up
SuperVPN Free VPN Client,TOOLS,4.3,576454,6.1M,"50,000,000+",Free,0,Everyone,Tools,"February 5, 2018",2.0.9,4.0.3 and up
"FOX Sports: Live Streaming, Scores & News",SPORTS,4.0,28895,82M,"5,000,000+",Free,0,Teen,Sports,"August 2, 2018",4.4.15,5.0 and up
Uber Eats: Local Food Delivery,FOOD_AND_DRINK,4.2,333208,34M,"10,000,000+",Free,0,Everyone,Food & Drink,"August 1, 2018",1.161.10002,5.0 and up
¡Ay Metro!,GAME,3.8,489,36M,"10,000+",Free,0,Everyone 10+,Arcade,"March 17, 2015",1.0.3.1,4.0 and up
Barcelona Live - Goal Score & News for Barca Fans,SPORTS,4.4,38,2.6M,"10,000+",Free,0,Everyone,Sports,"August 17, 2017",1.0,4.0 and up
BSc Ag Entrance Preparation,FAMILY,4.4,138,6.2M,"10,000+",Free,0,Everyone,Education,"May 31, 2018",3.7,4.1 and up
Your rank CS:GO,GAME,4.1,4946,7.5M,"100,000+",Free,0,Teen,Trivia,"July 16, 2017",1.82,4.0.3 and up
Vote for,VIDEO_PLAYERS,4.2,193381,17M,"50,000,000+",Free,0,Teen,Video Players & Editors,"August 3, 2018",1.78,4.0.3 and up
My Little Pony Celebration,FAMILY,4.3,63192,17M,"1,000,000+",Free,0,Everyone,Simulation;Pretend Play,"July 22, 2016",1.0.0,2.3 and up
EMI Calculator | FD Calculator | RD calculator,FINANCE,4.6,106,4.4M,"10,000+",Free,0,Everyone,Finance,"March 19, 2018",5.3,4.0.3 and up
Weather Forecast Pro,WEATHER,4.7,14051,8.7M,"100,000+",Paid,$3.99,Everyone,Weather,"August 4, 2018",8.5,4.0 and up
Go-Go-Goat! Free Game,FAMILY,4.5,66740,23M,"1,000,000+",Free,0,Everyone,Arcade;Action & Adventure,"July 8, 2016",2.4.4,2.3 and up
AY Sing,BOOKS_AND_REFERENCE,4.8,111,10M,"5,000+",Free,0,Everyone,Books & Reference,"May 21, 2018",1.6.2,4.1 and up
I Love U Theme&Emoji Keyboard,PERSONALIZATION,4.6,655,3.5M,"100,000+",Free,0,Everyone,Personalization,"May 8, 2018",4.3,4.1 and up
My Talking Tom,GAME,4.5,14891223,Varies with device,"500,000,000+",Free,0,Everyone,Casual,"July 19, 2018",4.8.0.132,4.1 and up
DroidAdmin for Android - Advice,EVENTS,4.2,811,2.8M,"10,000+",Free,0,Everyone,Events,"May 29, 2018",3.8,4.0 and up
FO STELIA Méaulte,COMMUNICATION,,2,18M,100+,Free,0,Everyone,Communication,"December 19, 2017",1.1,4.1 and up
Brilliant Distinctions®,MEDICAL,2.8,78,72M,"50,000+",Free,0,Everyone,Medical,"June 27, 2018",2.2.12,4.4 and up
Real Racing 3,FAMILY,4.5,354454,71M,"10,000,000+",Free,0,Everyone,Racing;Action & Adventure,"July 2, 2018",6.4.0,4.1 and up
BS Meter (Ad Supported),FAMILY,3.9,14,592k,"1,000+",Free,0,Teen,Entertainment,"August 14, 2013",2.0,2.2 and up
chomp SMS,COMMUNICATION,4.3,335646,8.3M,"10,000,000+",Free,0,Everyone,Communication,"July 26, 2018",7.21,2.3 and up
News Dz,SOCIAL,,3,9.9M,10+,Free,0,Everyone,Social,"July 19, 2017",1.0,4.0 and up
Hotstar,ENTERTAINMENT,4.3,4885646,Varies with device,"100,000,000+",Free,0,Teen,Entertainment,"August 3, 2018",Varies with device,Varies with device
"Ew, the small alien",GAME,,5,Varies with device,10+,Free,0,Everyone,Adventure,"January 21, 2017",Varies with device,2.3 and up
Power Rangers: Legacy Wars,GAME,4.3,264755,91M,"10,000,000+",Free,0,Teen,Action,"July 17, 2018",2.2.1,4.0 and up
Alachua County Sheriff FL,LIFESTYLE,3.2,5,9.5M,100+,Free,0,Everyone,Lifestyle,"May 13, 2015",1.0,4.0 and up
Crazy Wheels,GAME,4.0,121082,7.0M,"10,000,000+",Free,0,Teen,Adventure,"January 17, 2018",1.0.7,2.1 and up
Best Blood Type AB: Food Diet & Personality,LIFESTYLE,,3,37M,"1,000+",Free,0,Everyone,Lifestyle,"July 11, 2018",1.2,4.0.3 and up
Waterfall Live Wallpaper,PERSONALIZATION,4.1,112977,13M,"10,000,000+",Free,0,Everyone,Personalization,"May 22, 2018",3.6,4.1 and up
"FUN Keyboard – Emoji Keyboard, Sticker,Theme & GIF",PERSONALIZATION,4.7,12089,27M,"500,000+",Free,0,Everyone,Personalization,"July 3, 2018",1.2.5,4.0 and up
EC Tax,FINANCE,4.9,8,3.1M,500+,Free,0,Everyone,Finance,"February 9, 2018",1.2,4.0.3 and up
MobilePatrol Public Safety App,SOCIAL,4.0,22695,Varies with device,"1,000,000+",Free,0,Everyone 10+,Social,"June 21, 2018",Varies with device,Varies with device
How To Color Disney Princess - Coloring Pages,ART_AND_DESIGN,4.0,591,9.4M,"500,000+",Free,0,Everyone,Art & Design,"March 31, 2018",1,4.0 and up
[EF]ShoutBox,COMMUNICATION,,3,2.5M,100+,Free,0,Teen,Communication,"August 7, 2018",Build 54,4.0.3 and up
Professor Online SEDUC-CE,FAMILY,4.1,188,4.6M,"10,000+",Free,0,Everyone,Education,"July 6, 2018",1.3,4.1 and up
SDV Cam,TOOLS,3.2,67,65M,"10,000+",Free,0,Everyone,Tools,"June 2, 2017",1.0.8,4.0.3 and up
Find Real Love — YouLove Premium Dating,DATING,4.5,212626,11M,"10,000,000+",Free,0,Mature 17+,Dating,"July 31, 2018",4.17.2,4.1 and up
The PCH App,LIFESTYLE,4.5,234971,81M,"1,000,000+",Free,0,Everyone,Lifestyle,"July 25, 2018",2.8.7.78579,4.4 and up
X-Plane 10 Flight Simulator,FAMILY,4.2,63197,11M,"1,000,000+",Free,0,Everyone,Simulation,"June 27, 2018",Varies with device,Varies with device
Color by Number - Draw Sandbox Pixel Art,FAMILY,4.6,10247,15M,"1,000,000+",Free,0,Everyone,Entertainment,"July 27, 2018",1.3.13,4.1 and up
Flow Free,GAME,4.3,1295625,11M,"100,000,000+",Free,0,Everyone,Puzzle,"April 11, 2018",4.0,4.1 and up
Quizlet: Learn Languages & Vocab with Flashcards,EDUCATION,4.6,211856,Varies with device,"10,000,000+",Free,0,Everyone,Education,"August 1, 2018",Varies with device,Varies with device
Holl & Co Barbers,LIFESTYLE,4.7,12,6.0M,500+,Free,0,Everyone,Lifestyle,"February 26, 2018",4.9.940,4.0 and up
Guns'n'Glory Zombies Premium,FAMILY,4.1,313,34M,"5,000+",Paid,$2.99,Everyone 10+,Strategy,"July 15, 2016",1.1.5,2.3.3 and up
Aunjai i lert u,HEALTH_AND_FITNESS,4.2,1140,5.5M,"500,000+",Free,0,Teen,Health & Fitness,"January 10, 2017",1.5,3.0 and up
df-Vegetable,BUSINESS,,0,2.9M,5+,Free,0,Everyone,Business,"June 11, 2018",1.1,4.0.3 and up
FANDOM for: DC,FAMILY,4.4,6715,9.5M,"500,000+",Free,0,Mature 17+,Entertainment,"July 20, 2018",2.9.8.1,4.4 and up
BTS V LINE Launcher theme,PERSONALIZATION,4.8,3283,3.6M,"100,000+",Free,0,Everyone,Personalization,"October 17, 2014",4.1,4.0.3 and up
CJ'S TIRE AND AUTO INC.,PRODUCTIVITY,5.0,5,11M,100+,Free,0,Everyone,Productivity,"May 30, 2018",1.0.1,4.1 and up
CM FILE MANAGER Pro,BUSINESS,4.2,2359,2.7M,"10,000+",Paid,$2.99,Everyone,Business,"February 16, 2016",1.16.9,1.6 and up
Q-See Plus,VIDEO_PLAYERS,2.2,32,33M,"5,000+",Free,0,Everyone,Video Players & Editors,"July 9, 2018",3.1.0,4.0.3 and up
Ek Maratha,SOCIAL,4.8,725,3.7M,"10,000+",Free,0,Teen,Social,"October 12, 2016",7.5.3,2.2 and up
My CU - Caucasus University,PRODUCTIVITY,4.6,48,7.3M,"1,000+",Free,0,Everyone,Productivity,"November 22, 2017",1.2.3,4.1 and up
Freedom CU,FINANCE,3.6,117,25M,"10,000+",Free,0,Everyone,Finance,"June 22, 2018",6.5.82-prod,4.2 and up
Bluetooth Auto Connect,COMMUNICATION,3.9,20829,1.9M,"5,000,000+",Free,0,Everyone,Communication,"November 17, 2017",4.5.4,3.0 and up
Blinkist - Nonfiction Books,EDUCATION,4.1,16103,13M,"1,000,000+",Free,0,Everyone,Education,"July 31, 2018",5.7.1,4.1 and up
Kik,COMMUNICATION,4.3,2451136,Varies with device,"100,000,000+",Free,0,Teen,Communication,"August 3, 2018",Varies with device,Varies with device
FH Wallet,FINANCE,,0,9.9M,1+,Free,0,Everyone,Finance,"July 26, 2018",1.0.0,4.1 and up
"Resume Builder Free, 5 Minute CV Maker & Templates",BUSINESS,4.4,72202,6.7M,"1,000,000+",Free,0,Everyone,Business,"June 25, 2018",6.0,4.0.3 and up
DK Eyewitness Audio Walks,TRAVEL_AND_LOCAL,2.3,9,70M,"1,000+",Free,0,Everyone,Travel & Local,"April 6, 2018",1.0.1.8,4.2 and up
Call of Mini™ Dino Hunter,GAME,4.2,326042,10M,"10,000,000+",Free,0,Teen,Action,"June 6, 2014",3.1.7,3.0 and up
Favorite children's songs,PARENTING,4.7,39,95M,"10,000+",Free,0,Everyone,Parenting,"July 6, 2018",1.2.5,4.2 and up
Fashion in Vogue,LIFESTYLE,3.8,1797,6.8M,"100,000+",Free,0,Everyone,Lifestyle,"September 27, 2016",2.0,4.3 and up
AX Window,TOOLS,,0,19M,5+,Free,0,Everyone,Tools,"October 10, 2017",1.0.2,4.3 and up
SpongeBob Diner Dash,FAMILY,4.0,576210,48M,"50,000,000+",Free,0,Everyone,Casual,"August 22, 2013",3.25.3,2.3.3 and up
File Viewer for Android,TOOLS,4.1,7063,Varies with device,"1,000,000+",Free,0,Everyone,Tools,"January 25, 2018",2.3.2,5.0 and up
"X Launcher Pro: PhoneX Theme, OS11 Control Center",ART_AND_DESIGN,4.7,801,3.5M,"5,000+",Paid,$1.99,Everyone,Art & Design,"July 30, 2018",2.1.2,4.1 and up
CP ToolBox,BUSINESS,4.6,70,14M,"1,000+",Free,0,Everyone,Business,"February 11, 2015",1.9.3,2.3.3 and up
BL 1-Click Camera - Free,PHOTOGRAPHY,3.5,52,1.8M,"10,000+",Free,0,Everyone,Photography,"August 18, 2016",2.0.160818,2.3 and up
Codes for GTA San Andreas,FAMILY,3.8,12414,13M,"1,000,000+",Free,0,Everyone,Entertainment,"August 4, 2017",1.0.0,4.1 and up
Gboard - the Google Keyboard,TOOLS,4.2,1859115,Varies with device,"500,000,000+",Free,0,Everyone,Tools,"July 31, 2018",Varies with device,Varies with device
Fuzzy Numbers: Pre-K Number Foundation,FAMILY,4.7,21,44M,"1,000+",Paid,$5.99,Everyone,Education;Education,"July 21, 2017",1.3,4.1 and up
EG Player,FAMILY,,1,13M,100+,Free,0,Everyone,Entertainment,"December 20, 2017",Final,4.0 and up
"Evernote – Organizer, Planner for Notes & Memos",PRODUCTIVITY,4.6,1488289,Varies with device,"100,000,000+",Free,0,Everyone,Productivity,"August 3, 2018",Varies with device,Varies with device
Vector,GAME,4.4,3058687,89M,"100,000,000+",Free,0,Everyone 10+,Arcade,"July 18, 2016",1.2.0,4.0 and up
BV Taxi Sudan,MAPS_AND_NAVIGATION,3.5,8,26M,10+,Free,0,Everyone,Maps & Navigation,"January 17, 2018",1.2.20180117,4.1 and up
Pou,GAME,4.3,10485308,24M,"500,000,000+",Free,0,Everyone,Casual,"May 25, 2018",1.4.77,4.0 and up
EZ Bluetooth,TOOLS,4.2,789,Varies with device,"50,000+",Free,0,Everyone,Tools,"August 5, 2014",Varies with device,Varies with device
kick the buddy,GAME,3.3,294,19M,"10,000+",Free,0,Everyone,Arcade,"July 19, 2018",1.0,3.0 and up
Dots & Co: A Puzzle Adventure,FAMILY,4.5,81001,85M,"1,000,000+",Free,0,Everyone,Puzzle,"April 27, 2018",2.15.2,4.1 and up
DM AirDisk HDD,TOOLS,,4,33M,100+,Free,0,Everyone,Tools,"July 28, 2018",1.4.6,4.0.3 and up
Sugar Daddies Dating App,DATING,2.9,53,14M,"10,000+",Free,0,Mature 17+,Dating,"July 10, 2018",4.1,4.1 and up
Live Radio BD,FAMILY,4.2,69,3.5M,"10,000+",Free,0,Everyone,Entertainment,"May 4, 2015",1.1,4.0 and up
Ad Blocker Turbo - Adblocker Browser,COMMUNICATION,3.9,107,44M,"10,000+",Free,0,Everyone,Communication,"January 29, 2018",1.0.5,4.1 and up
Shopee: No.1 Belanja Online,SHOPPING,4.2,609186,30M,"10,000,000+",Free,0,Everyone,Shopping,"July 23, 2018",2.25.17,4.1 and up
Block Puzzle,GAME,4.6,59907,7.8M,"5,000,000+",Free,0,Everyone,Puzzle,"March 6, 2018",2.9,2.3 and up
New 2018 Weather App & Widget,WEATHER,4.5,2332,20M,"500,000+",Free,0,Teen,Weather,"August 3, 2018",12.2.7.3671,4.1 and up
L.A. Crime Stories Mad City Crime,GAME,4.0,30008,99M,"1,000,000+",Free,0,Mature 17+,Racing,"March 30, 2017",1.26,2.3 and up
Classic Words Solo,GAME,4.4,135739,Varies with device,"5,000,000+",Free,0,Everyone,Word,"August 7, 2018",Varies with device,Varies with device
Download Manager - File & Video,TOOLS,3.9,8780,5.0M,"1,000,000+",Free,0,Everyone,Tools,"June 13, 2018",2.7.5,4.2 and up
My Boy! Free - GBA Emulator,GAME,4.3,531074,2.5M,"10,000,000+",Free,0,Everyone,Arcade,"January 9, 2018",Varies with device,Varies with device
ENCHANT U,FAMILY,4.3,83977,11M,"500,000+",Free,0,Everyone,Casual,"November 8, 2012",1.2.2,2.1 and up
Major Mayhem,GAME,4.6,520962,39M,"10,000,000+",Free,0,Teen,Action,"June 28, 2017",108,4.0 and up
Canon CameraWindow,PHOTOGRAPHY,3.5,12204,6.8M,"1,000,000+",Free,0,Everyone,Photography,"March 14, 2017",1.5.2.21,2.3.3 and up
3D Color Pixel by Number - Sandbox Art Coloring,ART_AND_DESIGN,4.4,1518,37M,"100,000+",Free,0,Everyone,Art & Design,"August 3, 2018",1.2.3,2.3 and up
"Emoji Keyboard - Cute Emoji,GIF, Sticker, Emoticon",PERSONALIZATION,4.7,114851,20M,"10,000,000+",Free,0,Everyone,Personalization,"July 20, 2018",2.1.9,4.1 and up
"EMI, FD, RD - Bank Calculator",FINANCE,4.7,42,3.5M,"5,000+",Free,0,Everyone,Finance,"April 2, 2017",2.3,4.1 and up
"NerdWallet: Personal Finance, Credit Score & Cash",FINANCE,4.6,2417,28M,"100,000+",Free,0,Everyone,Finance,"August 3, 2018",3.5.0,4.4 and up
AK-47 Simulation and Info,FAMILY,,2,18M,100+,Free,0,Everyone,Entertainment,"May 5, 2018",2.0.0,5.0 and up
Plants vs. Zombies FREE,FAMILY,4.4,4064868,69M,"100,000,000+",Free,0,Everyone 10+,Strategy,"July 6, 2018",2.2.00,4.1 and up
LEGO® Friends,FAMILY,4.4,854,6.9M,"10,000+",Paid,$4.99,Everyone,Casual;Pretend Play,"December 1, 2015",Varies with device,4.0.3 and up
VAT Checker for EU company,BUSINESS,4.7,78,Varies with device,"1,000+",Free,0,Everyone,Business,"January 24, 2017",Varies with device,Varies with device
Union League,FAMILY,4.0,939,38M,"10,000+",Free,0,Everyone,Role Playing,"June 8, 2018",1.0.0.96,4.1 and up
weight conversion calculator,TOOLS,4.0,807,1.8M,"100,000+",Free,0,Everyone,Tools,"May 18, 2018",20180517,2.3 and up
"Movies by Flixster, with Rotten Tomatoes",ENTERTAINMENT,4.5,653008,16M,"10,000,000+",Free,0,Everyone,Entertainment,"June 20, 2018",9.1.4,4.4 and up
Background Changer & Eraser,PHOTOGRAPHY,4.0,2076,11M,"500,000+",Free,0,Teen,Photography,"May 21, 2018",2.5,4.1 and up
Interracial Match Dating App,DATING,3.6,143,27M,"10,000+",Free,0,Mature 17+,Dating,"July 23, 2018",2.2.7,4.1 and up
Hondata Mobile,MAPS_AND_NAVIGATION,4.3,334,676k,"10,000+",Free,0,Everyone,Maps & Navigation,"August 23, 2016",1.3,2.3.3 and up
CJ IT ApS,BUSINESS,,0,18M,10+,Free,0,Everyone,Business,"July 2, 2015",1.31.62.109,4.0 and up
The Secret Daily Teachings,LIFESTYLE,4.3,206,32M,"1,000+",Paid,$4.99,Everyone,Lifestyle,"February 11, 2018",14.0,4.0.3 and up
Frontback - Social Photos,SOCIAL,3.8,19446,Varies with device,"1,000,000+",Free,0,Mature 17+,Social,"December 1, 2017",3.4.5,4.0.3 and up
Tomb of the Mask,GAME,4.1,55380,39M,"5,000,000+",Free,0,Everyone,Action,"July 24, 2018",1.2.1,5.0 and up
P Icon Pack,FAMILY,,0,21M,10+,Paid,$0.99,Everyone,Entertainment,"July 16, 2018",1.0.6,4.0.3 and up
"Shutterfly: Free Prints, Photo Books, Cards, Gifts",PHOTOGRAPHY,4.6,98717,59M,"5,000,000+",Free,0,Everyone,Photography,"August 1, 2018",5.13.1,5.0 and up
postit.bm,SHOPPING,,1,16M,500+,Free,0,Everyone,Shopping,"March 14, 2018",2.53,4.1 and up
Granny,GAME,4.5,1128805,59M,"50,000,000+",Free,0,Teen,Arcade,"May 29, 2018",1.4.0.1,4.0 and up
Trulia Real Estate & Rentals,HOUSE_AND_HOME,4.5,175293,Varies with device,"10,000,000+",Free,0,Everyone,House & Home,"July 24, 2018",Varies with device,Varies with device
Glide - Video Chat Messenger,COMMUNICATION,4.3,350154,Varies with device,"10,000,000+",Free,0,Everyone,Communication,"July 29, 2018",Varies with device,Varies with device
Box,BUSINESS,4.2,159872,Varies with device,"10,000,000+",Free,0,Everyone,Business,"July 31, 2018",Varies with device,Varies with device
LightInTheBox Online Shopping,SHOPPING,4.0,41986,26M,"5,000,000+",Free,0,Teen,Shopping,"August 6, 2018",3.69.0,4.1 and up
Snapchat,SOCIAL,4.0,17000166,Varies with device,"500,000,000+",Free,0,Teen,Social,"July 30, 2018",Varies with device,Varies with device
Tubi TV - Free Movies & TV,ENTERTAINMENT,4.3,296829,11M,"10,000,000+",Free,0,Teen,Entertainment,"July 15, 2018",2.13.5,4.1 and up
DEER HUNTER CHALLENGE,GAME,3.7,38767,4.1M,"5,000,000+",Free,0,Everyone 10+,Action,"April 11, 2011",1.4.3,2.0 and up
Sentin Information Map,MAPS_AND_NAVIGATION,4.1,2909,5.2M,"100,000+",Free,0,Everyone,Maps & Navigation,"June 26, 2018",1.39,4.1 and up
Johns Hopkins Guides ABX...,MEDICAL,4.7,73,6.3M,"10,000+",Free,0,Everyone,Medical,"December 8, 2017",2.7.36,4.1 and up
CT Scan Generations,FAMILY,4.7,6,5.1M,"1,000+",Free,0,Everyone,Education,"April 1, 2018",1.0,4.0 and up
QuickShortcutMaker,PERSONALIZATION,4.6,41000,2.0M,"1,000,000+",Free,0,Everyone,Personalization,"February 23, 2014",2.4.0,1.6 and up
dt Pro,FINANCE,4.8,4,4.5M,"1,000+",Free,0,Everyone,Finance,"May 16, 2017",3.10,2.2 and up
Zombie Hunter King,GAME,4.3,10306,50M,"1,000,000+",Free,0,Mature 17+,Action,"August 1, 2018",1.0.8,2.3 and up
MedM Blood Pressure,MEDICAL,4.0,255,16M,"10,000+",Free,0,Everyone,Medical,"May 25, 2018",2.5.80,4.2 and up
EY Events,BUSINESS,2.5,31,54M,"10,000+",Free,0,Everyone,Business,"April 4, 2018",2.6,4.1 and up
NYTimes - Latest News,NEWS_AND_MAGAZINES,3.9,63640,23M,"10,000,000+",Free,0,Everyone 10+,News & Magazines,"August 1, 2018",6.19.5,4.4 and up
A-Y Collection,SHOPPING,5.0,2,2.9M,100+,Free,0,Teen,Shopping,"February 16, 2018",1.2,4.1 and up
Boston AH,MEDICAL,,1,29M,50+,Free,0,Everyone,Medical,"November 30, 2017",300000.0.93,4.0.3 and up
The Lost Lands:DH Lite,FAMILY,4.3,1130,48M,"50,000+",Free,0,Teen,Simulation,"April 3, 2015",1.01,4.2 and up
Monitor My BP,HEALTH_AND_FITNESS,,0,4.6M,50+,Paid,$5.99,Everyone,Health & Fitness,"November 26, 2016",2.0.1,4.0 and up
Resume App,BUSINESS,4.4,11310,Varies with device,"1,000,000+",Free,0,Everyone,Business,"July 19, 2018",Varies with device,Varies with device
Video Status,VIDEO_PLAYERS,4.3,6685,4.0M,"1,000,000+",Free,0,Everyone,Video Players & Editors,"August 2, 2018",1.1.4,4.1 and up
EK Platinum,LIFESTYLE,3.8,52,10M,"10,000+",Free,0,Everyone,Lifestyle,"December 26, 2017",1.0.6®,4.0 and up
Fotor Photo Editor - Photo Collage & Photo Effects,PHOTOGRAPHY,4.5,597068,Varies with device,"10,000,000+",Free,0,Everyone,Photography,"July 9, 2018",Varies with device,Varies with device
BH INVEST,FINANCE,,7,1.1M,500+,Free,0,Everyone,Finance,"February 5, 2016",1.3,3.2 and up
Self-help Anxiety Management,HEALTH_AND_FITNESS,4.0,2894,23M,"500,000+",Free,0,Everyone 10+,Health & Fitness,"February 22, 2017",1.2.6,4.0.3 and up
Adult Dating - AdultFinder,DATING,3.3,1601,3.8M,"500,000+",Free,0,Mature 17+,Dating,"February 1, 2017",1.5,4.1 and up
Top Novini BG,NEWS_AND_MAGAZINES,,2,2.9M,100+,Free,0,Everyone,News & Magazines,"June 14, 2016",1.2,4.1 and up
Můj T-Mobile Business,PRODUCTIVITY,3.7,10490,5.8M,"1,000,000+",Free,0,Everyone,Productivity,"July 24, 2018",3.1.7,4.1 and up
DV-2019 Results,FAMILY,4.3,158,2.6M,"10,000+",Free,0,Everyone,Entertainment,"June 14, 2018",17.0,4.0 and up
Pedi STAT,MEDICAL,4.6,129,2.9M,"10,000+",Paid,$5.49,Everyone,Medical,"April 6, 2018",3.0.1.0,4.1 and up
100 Doors of Revenge,FAMILY,4.1,105766,48M,"10,000,000+",Free,0,Teen,Puzzle,"May 24, 2018",2.2.2,4.4 and up
Stop Smoking - EasyQuit free,HEALTH_AND_FITNESS,4.8,39068,4.0M,"500,000+",Free,0,Everyone,Health & Fitness,"July 7, 2018",1.2.2,4.1 and up
HOLSTON EC,TOOLS,4.1,7,4.2M,"1,000+",Free,0,Everyone,Tools,"January 23, 2018",1.278.0037,2.3.3 and up
Calculator Fn,TOOLS,,9,3.6M,500+,Free,0,Everyone,Tools,"November 12, 2015",1.4,4.0 and up
Emo Ads Blocker Browser,TOOLS,3.4,1555,4.1M,"100,000+",Free,0,Everyone,Tools,"September 17, 2015",1.4,3.0 and up
RIDE ZERO,GAME,4.6,8778,36M,"100,000+",Free,0,Teen,Music,"January 2, 2018",1.3.1,4.3 and up
BGKontakti London BG Kontakti,SOCIAL,,4,8.9M,500+,Free,0,Everyone,Social,"March 23, 2017",1.2,3.0 and up
"Shutterfly: Free Prints, Photo Books, Cards, Gifts",PHOTOGRAPHY,4.6,98716,59M,"5,000,000+",Free,0,Everyone,Photography,"August 1, 2018",5.13.1,5.0 and up
Arrow.io,GAME,4.5,343263,Varies with device,"10,000,000+",Free,0,Everyone 10+,Action,"August 6, 2018",1.2.6,4.0.3 and up
Smashy Road: Arena,GAME,4.3,45558,53M,"5,000,000+",Free,0,Everyone 10+,Action,"May 24, 2018",1.1.9,4.1 and up
Anti-virus Dr.Web Light,TOOLS,4.5,1094094,Varies with device,"100,000,000+",Free,0,Everyone,Tools,"July 10, 2018",Varies with device,Varies with device
CPlus for Craigslist - Officially Licensed,LIFESTYLE,4.5,8096,16M,"1,000,000+",Free,0,Mature 17+,Lifestyle,"August 3, 2018",1.6.4,4.1 and up
Remote CT - Smart Remote,TOOLS,3.5,3988,11M,"1,000,000+",Free,0,Everyone,Tools,"December 22, 2015",1.0.5,4.4 and up
Nights Keeper (do not disturb),LIFESTYLE,4.5,16426,1.6M,"500,000+",Free,0,Everyone,Lifestyle,"February 26, 2017",2.7.8,2.2 and up
Cyborg AX-001,GAME,,0,Varies with device,50+,Free,0,Everyone 10+,Action,"June 25, 2018",Varies with device,Varies with device
Bo's Bedtime Story,FAMILY,4.2,13,23M,"1,000+",Paid,$2.49,Everyone,Education;Pretend Play,"December 25, 2017",2.6,4.0.3 and up
CY Spray nozzle,BOOKS_AND_REFERENCE,,0,3.3M,10+,Free,0,Everyone,Books & Reference,"August 3, 2017",1.01.00,4.0.3 and up
Cooking in the Kitchen,FAMILY,4.1,217736,87M,"10,000,000+",Free,0,Everyone,Casual;Pretend Play,"August 2, 2018",1.1.64,4.1 and up
cronometer (ad free),HEALTH_AND_FITNESS,3.9,1075,8.3M,"50,000+",Paid,$2.99,Everyone,Health & Fitness,"July 13, 2018",2.1.2,4.4 and up
Out There Chronicles - Ep. 1,FAMILY,4.4,1516,44M,"50,000+",Paid,$2.99,Everyone,Role Playing,"November 27, 2017",1.0.4,4.2 and up
Black Commando | Special Ops | FPS Shooting,GAME,4.1,1167,72M,"100,000+",Free,0,Teen,Action,"May 3, 2018",1.4,4.1 and up
DCUO|CR Calculator Lite,TOOLS,4.0,182,1.7M,"10,000+",Free,0,Everyone,Tools,"August 14, 2017",3.3,3.0 and up
AdventureQuest Dragons,FAMILY,3.9,10114,48M,"100,000+",Free,0,Everyone,Casual,"June 13, 2018",1.0.63,4.0 and up
DM Die Roller 9000,TOOLS,,0,3.3M,5+,Paid,$0.99,Everyone,Tools,"May 14, 2018",1.2,2.1 and up
Choices: Stories You Play,FAMILY,4.6,807155,93M,"10,000,000+",Free,0,Teen,Simulation,"July 30, 2018",2.3.5,4.0.3 and up
Galaxies of Hope,MEDICAL,5.0,2,24M,50+,Free,0,Everyone,Medical,"July 27, 2018",1.0,4.1 and up
Motorbike Driving Simulator 3D,GAME,3.9,178723,65M,"10,000,000+",Free,0,Everyone,Racing,"December 25, 2016",4.1,2.3.3 and up
[root] Pry-Fi,TOOLS,3.9,6736,72k,"500,000+",Free,0,Everyone,Tools,"February 2, 2014",1.20,4.2 and up
CF Etowah,HEALTH_AND_FITNESS,,0,8.8M,100+,Free,0,Everyone,Health & Fitness,"July 9, 2018",4.2.2,4.1 and up
Calorie Counter - Macros,HEALTH_AND_FITNESS,4.0,3061,5.5M,"100,000+",Free,0,Everyone,Health & Fitness,"August 27, 2016",2.3.4,5.0 and up
Battery HD Pro,TOOLS,4.7,17861,Varies with device,"100,000+",Paid,$3.99,Everyone,Tools,"May 6, 2018",Varies with device,Varies with device
Metal Soldiers 2,GAME,4.4,153649,Varies with device,"10,000,000+",Free,0,Teen,Action,"June 18, 2018",1.11.2,4.1 and up
abeoCoder,MEDICAL,3.1,83,3.2M,"10,000+",Free,0,Everyone,Medical,"July 30, 2018",6.6,4.1 and up
Who am I? (Biblical),GAME,4.5,5849,5.1M,"500,000+",Free,0,Everyone,Trivia,"September 13, 2017",1.2.2_comAds,4.0.3 and up
BetterMe: Weight Loss Workouts,HEALTH_AND_FITNESS,4.2,14709,15M,"5,000,000+",Free,0,Everyone,Health & Fitness,"July 26, 2018",2.8.2,5.0 and up
Garden Photo Frames - Garden Photo Editor,PHOTOGRAPHY,4.4,1864,13M,"500,000+",Free,0,Everyone,Photography,"May 3, 2018",22.0,4.0.3 and up
Bike Computer - GPS Cycling Tracker,HEALTH_AND_FITNESS,4.4,12029,4.3M,"1,000,000+",Free,0,Everyone,Health & Fitness,"August 4, 2018",2.6,4.2 and up
High-Powered Flashlight,TOOLS,4.5,429580,Varies with device,"10,000,000+",Free,0,Everyone,Tools,"March 16, 2018",Varies with device,Varies with device
Wonder5 Masters R,FAMILY,4.1,1655,83M,"100,000+",Free,0,Everyone,Role Playing,"August 2, 2018",1.1.52,4.3 and up
The SCP Foundation DB fr nn5n,BOOKS_AND_REFERENCE,4.5,114,Varies with device,"1,000+",Free,0,Mature 17+,Books & Reference,"January 19, 2015",Varies with device,Varies with device
Period Tracker,MEDICAL,4.9,100082,3.7M,"1,000,000+",Free,0,Everyone,Medical,"July 9, 2018",1.2.2,4.1 and up
Oxford A-Z of English Usage,BOOKS_AND_REFERENCE,4.0,5300,11M,"1,000,000+",Free,0,Everyone,Books & Reference,"November 28, 2017",9.1.284,4.1 and up
imo beta free calls and text,COMMUNICATION,4.3,659395,11M,"100,000,000+",Free,0,Everyone,Communication,"June 7, 2018",9.8.000000010492,4.0 and up
Soccer Clubs Logo Quiz,GAME,4.2,21661,16M,"1,000,000+",Free,0,Everyone,Trivia,"May 24, 2018",1.3.81,4.0 and up
Naruto Shippuden - Watch Free!,VIDEO_PLAYERS,3.9,141515,5.7M,"10,000,000+",Free,0,Teen,Video Players & Editors,"April 23, 2014",0.6.0,2.3 and up
UC Browser - Fast Download Private & Secure,COMMUNICATION,4.5,17712922,40M,"500,000,000+",Free,0,Teen,Communication,"August 2, 2018",12.8.5.1121,4.0 and up
BG Score,SPORTS,2.6,64,1.6M,"10,000+",Free,0,Everyone,Sports,"July 26, 2017",2.1,4.0.3 and up
PIP-Camera FN Photo Effect,PHOTOGRAPHY,4.6,8,9.0M,"1,000+",Free,0,Everyone,Photography,"December 4, 2016",1.0,2.3 and up
DM for IG 😘 - Image & Video Saver for Instagram,SOCIAL,3.7,55,3.7M,"5,000+",Free,0,Teen,Social,"March 3, 2018",3.20.3,4.4 and up
CS-Touch,FAMILY,3.9,337,22M,"10,000+",Free,0,Everyone,Education,"May 11, 2018",3.6,5.0 and up
Lottery Results: Florida,FAMILY,4.2,582,3.2M,"100,000+",Free,0,Teen,Entertainment,"January 22, 2018",4.0,4.0 and up
My Budget Book,FINANCE,4.7,19784,7.3M,"100,000+",Paid,$2.99,Everyone,Finance,"June 13, 2018",7.6,4.0 and up
Messenger – Text and Video Chat for Free,COMMUNICATION,4.0,56642847,Varies with device,"1,000,000,000+",Free,0,Everyone,Communication,"August 1, 2018",Varies with device,Varies with device
EBookDroid - PDF & DJVU Reader,PRODUCTIVITY,4.5,75951,Varies with device,"5,000,000+",Free,0,Everyone,Productivity,"July 8, 2018",Varies with device,Varies with device
Monitor Your Weight,HEALTH_AND_FITNESS,4.5,126017,4.3M,"5,000,000+",Free,0,Everyone,Health & Fitness,"July 5, 2018",4.9.8.1,4.0 and up
Mirror Photo:Editor Collage (HD),PHOTOGRAPHY,4.1,373606,Varies with device,"10,000,000+",Free,0,Everyone,Photography,"March 27, 2018",Varies with device,Varies with device
BW COMPANY FINDER,BUSINESS,4.6,48,7.4M,"1,000+",Free,0,Everyone,Business,"August 21, 2017",1.5,4.0 and up
DEER HUNTER RELOADED,GAME,4.3,314774,43M,"5,000,000+",Free,0,Teen,Action,"September 16, 2013",3.8.2,2.1 and up
DU Flashlight - Brightest LED & Flashlight Free,TOOLS,4.3,73821,Varies with device,"5,000,000+",Free,0,Everyone,Tools,"March 7, 2018",Varies with device,Varies with device
Learn SAP BW,BOOKS_AND_REFERENCE,,2,20M,500+,Free,0,Everyone,Books & Reference,"February 13, 2018",1.1,4.0 and up
magicApp Calling & Messaging,SOCIAL,4.1,207712,Varies with device,"10,000,000+",Free,0,Everyone,Social,"June 9, 2018",4.18.962.5,2.3 and up
AE City Jump,GAME,4.5,804,27M,"10,000+",Free,0,Everyone,Action,"July 18, 2018",1.0.4,4.0 and up
WhatsApp Business,COMMUNICATION,4.4,136662,32M,"10,000,000+",Free,0,Everyone,Communication,"July 30, 2018",2.18.116,4.0.3 and up
Psiphon Pro - The Internet Freedom VPN,COMMUNICATION,4.3,298041,Varies with device,"10,000,000+",Free,0,Everyone,Communication,"July 3, 2018",Varies with device,Varies with device
DU Browser—Browse fast & fun,COMMUNICATION,4.3,1133501,4.7M,"10,000,000+",Free,0,Everyone,Communication,"April 1, 2016",6.4.0.4,4.0 and up
FP NFC Rewrite,TOOLS,,17,67k,"1,000+",Free,0,Everyone,Tools,"January 29, 2016",1.1,4.0 and up
What is my IP address,TOOLS,4.5,4228,656k,"500,000+",Free,0,Everyone,Tools,"July 2, 2018",2.95,4.0 and up
Emergency Brain CT,MEDICAL,,2,19M,10+,Paid,$0.99,Everyone,Medical,"April 17, 2018",1.0.0,4.1 and up
Florida map,TRAVEL_AND_LOCAL,,11,3.4M,"5,000+",Free,0,Everyone,Travel & Local,"May 15, 2016",0.0.7,4.0 and up
HBO NOW: Stream TV & Movies,FAMILY,3.9,61230,Varies with device,"10,000,000+",Free,0,Teen,Entertainment,"July 19, 2018",Varies with device,Varies with device
Wolf of the BF:Commando MOBILE,GAME,3.4,32,27M,"1,000+",Paid,$0.99,Everyone 10+,Arcade,"March 23, 2017",1.00.10,4.0 and up
TripIt: Travel Organizer,TRAVEL_AND_LOCAL,4.4,49190,25M,"1,000,000+",Free,0,Everyone,Travel & Local,"June 15, 2018",7.5.0,5.0 and up
Peak – Brain Games & Training,EDUCATION,4.4,272145,Varies with device,"10,000,000+",Free,0,Everyone,Education;Brain Games,"August 3, 2018",3.14.15,5.0 and up
Home Decoration Game,FAMILY,4.0,17543,19M,"5,000,000+",Free,0,Everyone,Casual,"January 25, 2018",3.0.1,4.0 and up
Themes DAF CF 85 Trucks,PERSONALIZATION,,2,17M,100+,Free,0,Teen,Personalization,"June 9, 2016",1.0,2.3.3 and up
Step By Step Hairstyles For Women,BEAUTY,4.1,66,2.9M,"10,000+",Free,0,Everyone,Beauty,"April 5, 2018",3.1.89,4.0.3 and up
Best New Ringtones 2018 Free 🔥 For Android™,LIBRARIES_AND_DEMO,4.6,3014,21M,"100,000+",Free,0,Everyone,Libraries & Demo,"June 27, 2018",1.1,5.0 and up
EXO-L Amino for EXO Fans,SOCIAL,4.9,5677,67M,"50,000+",Free,0,Teen,Social,"July 13, 2018",1.8.19106,4.0.3 and up
El Dorado App,TRAVEL_AND_LOCAL,4.4,221,33M,"10,000+",Free,0,Everyone,Travel & Local,"April 6, 2018",2.4,4.1 and up
Fun Texas Hold'em Poker,GAME,4.5,32831,24M,"500,000+",Free,0,Teen,Casino,"May 12, 2017",17.05.11,4.0.3 and up
ricardo.ch,SHOPPING,4.0,13232,27M,"500,000+",Free,0,Everyone,Shopping,"July 21, 2018",7.5.1,4.1 and up
Chess PRO Free,FAMILY,3.8,1123,5.7M,"100,000+",Free,0,Everyone,Board;Brain Games,"September 8, 2016",4.2,2.3 and up
Marcus Theatres,ENTERTAINMENT,3.6,2639,8.5M,"100,000+",Free,0,Everyone,Entertainment,"February 7, 2018",2.9.43,6.0 and up
Diário Escola Mestres EF,FAMILY,,11,6.6M,"1,000+",Free,0,Everyone,Education,"July 31, 2018",3.0.18 Fundamental,4.0 and up
A Manual of Acupuncture,MEDICAL,3.5,214,68M,"1,000+",Paid,$33.99,Everyone,Medical,"October 2, 2017",2.1.35,4.0 and up
cx advance call blocker,PERSONALIZATION,5.0,3,3.4M,50+,Free,0,Everyone,Personalization,"April 9, 2018",1.0,4.0 and up
HotSpot Tethering Free/WiFi AP,TOOLS,3.9,478,2.0M,"100,000+",Free,0,Everyone,Tools,"September 12, 2016",2.003,2.3 and up
EI SmartMiles,FINANCE,2.4,9,3.8M,"1,000+",Free,0,Everyone,Finance,"January 21, 2018",1.0.0,4.0 and up
Blur,PHOTOGRAPHY,4.0,9013,2.4M,"1,000,000+",Free,0,Everyone,Photography,"June 18, 2018",4.0.2,4.4 and up
PrimeDelivery,MEDICAL,5.0,3,53M,10+,Free,0,Everyone,Medical,"July 13, 2018",0.1,4.1 and up
R Programming Language (Paperset 1) MCQ Quiz,FAMILY,,1,3.4M,10+,Free,0,Everyone,Education,"March 19, 2018",1.0,4.0.3 and up
Silence Premium Do Not Disturb,TOOLS,4.5,3356,Varies with device,"10,000+",Paid,$2.95,Everyone,Tools,"February 17, 2018",Varies with device,Varies with device
Au-allstar for KR,GAME,3.6,2433,47M,"100,000+",Free,0,Everyone,Music,"June 15, 2018",1.6.4,4.3 and up
DC Public Library,BOOKS_AND_REFERENCE,4.2,20,3.4M,"1,000+",Free,0,Everyone,Books & Reference,"June 8, 2015",4.6.1,1.6 and up
FHR 5-Tier 2.0,MEDICAL,5.0,2,1.2M,500+,Paid,$2.99,Everyone,Medical,"December 16, 2015",1.0,4.0 and up
AJ렌터카 법인 카셰어링,MAPS_AND_NAVIGATION,,0,27M,10+,Free,0,Everyone,Maps & Navigation,"July 30, 2018",1.0.0.0,4.3 and up
DIY Garden Ideas,LIFESTYLE,4.1,3309,13M,"500,000+",Free,0,Everyone,Lifestyle,"August 5, 2018",10.0,4.0 and up
dk Verk,BUSINESS,4.4,9,31M,500+,Free,0,Everyone,Business,"March 14, 2018",2.0.14,4.1 and up
Ghouls'n Ghosts MOBILE,GAME,3.9,168,49M,"5,000+",Paid,$1.99,Everyone 10+,Arcade,"May 18, 2017",1.00.00,4.1 and up
Chatime AB Rewards,FAMILY,,9,22M,"1,000+",Free,0,Everyone,Entertainment,"June 22, 2018",2.7.0621,4.2 and up
Download Accelerator Plus,TOOLS,4.2,43677,Varies with device,"1,000,000+",Free,0,Everyone,Tools,"August 30, 2017",20170828,Varies with device
10 Minutes a Day Times Tables,FAMILY,4.1,681,48M,"100,000+",Free,0,Everyone,Education,"July 3, 2014",1.2,2.2 and up
Dash Tag - Fun Endless Runner!,FAMILY,4.5,6750,43M,"100,000+",Free,0,Everyone,Casual,"June 13, 2018",2.0.3,4.3 and up
Photo Collage - InstaMag,PHOTOGRAPHY,4.3,542561,46M,"10,000,000+",Free,0,Everyone,Photography,"January 2, 2018",4.7.0,4.0 and up
Google Drive,PRODUCTIVITY,4.4,2728941,Varies with device,"1,000,000,000+",Free,0,Everyone,Productivity,"July 30, 2018",Varies with device,Varies with device
"GO Weather - Widget, Theme, Wallpaper, Efficient",WEATHER,4.5,1422858,Varies with device,"50,000,000+",Free,0,Everyone,Weather,"August 3, 2018",Varies with device,Varies with device
Park Limousine: Realistic Limo Parking Simulator,FAMILY,4.8,4,25M,"1,000+",Free,0,Everyone,Simulation,"July 20, 2018",1.0,4.0 and up
VOLT DROP CALCULATOR BS 7671,TOOLS,3.9,71,1.1M,"10,000+",Free,0,Everyone,Tools,"January 26, 2016",2.0,2.3 and up
CMB Free Dating App,DATING,4.0,48845,40M,"1,000,000+",Free,0,Mature 17+,Dating,"August 1, 2018",4.19.0.2320,4.4 and up
The ClubHouse CR,HEALTH_AND_FITNESS,,5,8.7M,100+,Free,0,Everyone,Health & Fitness,"July 9, 2018",4.2.2,4.1 and up
"Survival Mobile:10,000 BC",FAMILY,4.3,7441,52M,"500,000+",Free,0,Everyone 10+,Strategy,"August 2, 2018",0.1.801,2.3 and up
DHV accountancy BV,BUSINESS,,0,10M,10+,Free,0,Everyone,Business,"April 21, 2016",1.0,4.0 and up
Warfarin Dose Calculator,MEDICAL,,0,6.9M,50+,Free,0,Everyone,Medical,"July 15, 2018",3.0.0,4.1 and up
Graffiti Letters (A-Z),LIFESTYLE,3.9,386,7.9M,"50,000+",Free,0,Everyone,Lifestyle,"February 18, 2017",2.1.5,4.0 and up
Shooting King,GAME,4.4,257724,69M,"10,000,000+",Free,0,Everyone 10+,Sports,"May 25, 2018",1.4.2,4.0.3 and up
Offroad Car H,FAMILY,4.2,1960,87M,"100,000+",Free,0,Everyone,Simulation,"October 6, 2017",1.4,2.3 and up
DP Creator for WhatsApp,PHOTOGRAPHY,3.8,4813,5.1M,"100,000+",Free,0,Everyone,Photography,"March 19, 2016",1.5,2.2 and up
Sketch - Draw & Paint,ART_AND_DESIGN,4.5,215644,25M,"50,000,000+",Free,0,Teen,Art & Design,"June 8, 2018",Varies with device,4.2 and up
Dolphins Live Wallpaper,PERSONALIZATION,4.2,25807,5.5M,"1,000,000+",Free,0,Everyone,Personalization,"October 29, 2017",15.0,4.1 and up
Z Ringtones PREMIUM 2018,PERSONALIZATION,4.5,10158,3.6M,"500,000+",Free,0,Everyone,Personalization,"March 1, 2018",1.5,4.0.3 and up
GGDE: Prevent & Beat Depression Symptoms,MEDICAL,,2,20M,50+,Free,0,Everyone,Medical,"July 24, 2018",2.01.12,4.0 and up
Cardi B HD Wallpapers Lock Screen,PERSONALIZATION,4.5,2,10M,500+,Free,0,Mature 17+,Personalization,"June 10, 2018",1.3,4.0.3 and up
Discovery K!ds Play! Español,FAMILY,4.2,11263,35M,"1,000,000+",Free,0,Everyone,Entertainment;Music & Video,"May 3, 2018",2.1.0.2173,4.0.3 and up
RocketDial Dialer & Contacts,COMMUNICATION,4.4,32254,5.5M,"1,000,000+",Free,0,Everyone,Communication,"December 4, 2017",3.9.7,2.1 and up
Math Games for Pre-K - Grade 4,FAMILY,4.6,28,23M,"1,000+",Paid,$1.99,Everyone,Education;Education,"January 13, 2014",1.02,2.2 and up
Timetable,EDUCATION,4.2,40209,Varies with device,"1,000,000+",Free,0,Everyone,Education,"May 24, 2018",Varies with device,Varies with device
BK Murli Dictionary (H to E),FAMILY,4.6,106,3.9M,"10,000+",Free,0,Everyone,Education,"November 19, 2016",1.1,2.2 and up
Microsoft Excel,PRODUCTIVITY,4.5,1079616,Varies with device,"100,000,000+",Free,0,Everyone,Productivity,"July 14, 2018",16.0.10325.20059,4.4 and up
happn – Local dating app,LIFESTYLE,4.3,1118201,Varies with device,"10,000,000+",Free,0,Mature 17+,Lifestyle,"July 24, 2018",Varies with device,Varies with device
Clash of Kings : The King Of Fighters version,FAMILY,4.2,2233681,97M,"50,000,000+",Free,0,Teen,Strategy,"August 1, 2018",3.44.0,2.3.3 and up
Complete Spanish Movies,ENTERTAINMENT,4.0,11656,4.5M,"1,000,000+",Free,0,Everyone,Entertainment,"January 20, 2018",1.02,4.0.3 and up
AutoScout24 Switzerland – Find your new car,AUTO_AND_VEHICLES,4.6,13372,Varies with device,"1,000,000+",Free,0,Everyone,Auto & Vehicles,"August 3, 2018",Varies with device,Varies with device
BU Alsace,BOOKS_AND_REFERENCE,,3,4.0M,100+,Free,0,Everyone,Books & Reference,"October 3, 2017",3.1.1,2.3 and up
Dialer theme Droid L,PERSONALIZATION,4.3,1734,2.8M,"100,000+",Free,0,Mature 17+,Personalization,"April 2, 2016",4.0,4.0.3 and up
Camera360 Lite - Selfie Camera,PHOTOGRAPHY,4.4,221878,Varies with device,"10,000,000+",Free,0,Everyone,Photography,"August 1, 2018",Varies with device,4.1 and up
NPR News,NEWS_AND_MAGAZINES,4.0,24790,Varies with device,"1,000,000+",Free,0,Everyone,News & Magazines,"July 20, 2018",Varies with device,Varies with device
FC Red Bull Salzburg App,SPORTS,4.5,1526,89M,"50,000+",Free,0,Everyone,Sports,"August 7, 2018",4.0.4-R,5.0 and up
Bleacher Report Live,SPORTS,4.0,232,32M,"50,000+",Free,0,Everyone,Sports,"August 1, 2018",2.1.2,5.0 and up
VPlayer,VIDEO_PLAYERS,3.6,5639,Varies with device,"1,000,000+",Free,0,Everyone,Video Players & Editors,"April 12, 2018",Varies with device,Varies with device
Analog and Digital Clock AW-7,TOOLS,4.0,202,2.9M,"50,000+",Free,0,Everyone,Tools,"March 15, 2018",2.0,4.3 and up
CK 初一 十五,LIFESTYLE,4.0,294,153k,"10,000+",Free,0,Everyone,Lifestyle,"July 3, 2013",1.0.12,2.1 and up
¿Es Vegan?,FOOD_AND_DRINK,4.6,438,1.7M,"10,000+",Free,0,Everyone,Food & Drink,"August 1, 2017",2.2.3,3.0 and up
BU School of Public Health,TRAVEL_AND_LOCAL,,0,29M,10+,Free,0,Everyone,Travel & Local,"May 20, 2018",1.4,4.4 and up
Digit Save Money Automatically,FINANCE,4.5,8188,22M,"100,000+",Free,0,Everyone,Finance,"July 31, 2018",2.29.01,4.1 and up
Flashlight & LED Torch,TOOLS,4.3,111507,Varies with device,"10,000,000+",Free,0,Everyone,Tools,"December 29, 2017",Varies with device,Varies with device
BI Mobile,FINANCE,4.4,337,3.3M,"10,000+",Free,0,Everyone,Finance,"March 15, 2018",1.0,4.0.3 and up
US Army Training Courses Game,FAMILY,4.1,27130,35M,"5,000,000+",Free,0,Everyone,Simulation,"December 8, 2017",1.4,2.3 and up
DRAGON BALL LEGENDS,GAME,4.6,337913,48M,"5,000,000+",Free,0,Teen,Action,"August 3, 2018",1.11.0,6.0 and up
Treasure Hunt Hidden Objects Adventure Game,FAMILY,4.3,1231,Varies with device,"100,000+",Free,0,Everyone,Puzzle,"May 24, 2018",2.2,4.1 and up
HD Camera for Android,PHOTOGRAPHY,4.1,351255,4.0M,"10,000,000+",Free,0,Everyone,Photography,"June 29, 2018",4.6.0.0,4.2 and up
LinkedIn Learning: Online Courses to Learn Skills,EDUCATION,4.6,7973,18M,"1,000,000+",Free,0,Everyone,Education,"July 27, 2018",0.29.74,4.4 and up
AT&T Digital Life,LIFESTYLE,4.1,10067,Varies with device,"1,000,000+",Free,0,Everyone,Lifestyle,"December 7, 2017",Varies with device,4.3 and up
Cook 'n Learn Smart Kitchen,FAMILY,3.5,205,62M,"50,000+",Free,0,Everyone,Educational;Education,"March 6, 2017",1.0.4,4.3 and up
Safeway,LIFESTYLE,4.3,33572,37M,"1,000,000+",Free,0,Everyone,Lifestyle,"August 2, 2018",6.2.0,4.4 and up
KakaoTalk: Free Calls & Text,COMMUNICATION,4.3,2546527,Varies with device,"100,000,000+",Free,0,Everyone,Communication,"August 3, 2018",Varies with device,Varies with device
Slickdeals: Coupons & Shopping,SHOPPING,4.5,33599,12M,"1,000,000+",Free,0,Everyone,Shopping,"July 30, 2018",3.9,4.4 and up
Aviary Stickers: Free Pack,LIBRARIES_AND_DEMO,3.5,126862,624k,"10,000,000+",Free,0,Everyone,Libraries & Demo,"January 17, 2012",1.0,2.2 and up
R File Manager,TOOLS,4.8,17,6.7M,50+,Free,0,Everyone,Tools,"May 5, 2018",v2,4.4 and up
Lionel Messi Wallpapers,SPORTS,4.7,950,18M,"100,000+",Free,0,Everyone,Sports,"July 17, 2018",2.6,4.1 and up
Mahalaxmi Dindarshika 2018,PRODUCTIVITY,4.2,25427,9.2M,"1,000,000+",Free,0,Everyone,Productivity,"January 5, 2018",18.0,4.0 and up
Music - Mp3 Player,VIDEO_PLAYERS,4.4,259605,3.1M,"10,000,000+",Free,0,Everyone,Video Players & Editors,"August 3, 2018",1.6.1,4.0.3 and up
ONEC DZ,FAMILY,,40,3.1M,"1,000+",Free,0,Everyone,Education,"June 13, 2018",4.0,4.0.3 and up
Fuzzy Numbers: Pre-K Number Foundation,EDUCATION,4.7,21,44M,"1,000+",Paid,$5.99,Everyone,Education;Education,"July 21, 2017",1.3,4.1 and up
video player for android,VIDEO_PLAYERS,4.5,351168,13M,"10,000,000+",Free,0,Everyone,Video Players & Editors,"October 18, 2016",2.0.0,2.3 and up
Looper!,GAME,4.6,48256,62M,"1,000,000+",Free,0,Everyone,Puzzle,"July 20, 2018",1.2.0,4.1 and up
Bitcoin BX Thailand,FINANCE,3.7,120,31M,"10,000+",Free,0,Everyone,Finance,"October 23, 2017",4.1,4.0.3 and up
Force LTE Only,TOOLS,4.1,10426,7.2M,"1,000,000+",Free,0,Everyone,Tools,"February 4, 2018",1.4,4.0 and up
FK Crvena Zvezda Izzy,TOOLS,4.8,1456,15M,"50,000+",Free,0,Everyone,Tools,"November 14, 2016",1.2,4.4 and up
REI Co-op Mastercard,FINANCE,2.9,320,23M,"10,000+",Free,0,Everyone,Finance,"June 14, 2018",2.13.11,4.4 and up
American Sniper City Fight Shooting Assassin,GAME,4.1,395,54M,"50,000+",Free,0,Teen,Action,"November 24, 2017",1.4,2.3 and up
AK-47 Assault Rifle,FAMILY,3.7,165,25M,"10,000+",Free,0,Teen,Entertainment,"April 26, 2015",1.0,2.3 and up
Simulator Brawl Box for BS,FAMILY,3.9,168,6.4M,"5,000+",Free,0,Everyone,Simulation,"June 27, 2017",1.1,4.0.3 and up
BF 3d View Wallpapers,FAMILY,,4,2.5M,"1,000+",Free,0,Teen,Entertainment,"June 18, 2015",4.6,3.0 and up
Gaydorado,FAMILY,3.9,8419,47M,"100,000+",Free,0,Teen,Role Playing,"August 1, 2018",0.0.42,4.0.3 and up
waut.ch!,FAMILY,4.5,10,2.5M,100+,Free,0,Everyone,Educational,"June 30, 2018",fcbd82b2-dd5b-41d2-af62-432271c42921,2.0 and up
Account Manager,TOOLS,4.1,76604,Varies with device,"100,000,000+",Free,0,Everyone,Tools,"July 27, 2016",Varies with device,Varies with device
Bodyworks DW,HEALTH_AND_FITNESS,,0,10M,10+,Free,0,Everyone,Health & Fitness,"July 9, 2018",4.2.2,4.1 and up
YouCam Makeup - Magic Selfie Makeovers,PHOTOGRAPHY,4.6,3337952,Varies with device,"100,000,000+",Free,0,Everyone,Photography,"August 6, 2018",Varies with device,Varies with device
DC Super Hero Girls™,FAMILY,4.3,43060,95M,"5,000,000+",Free,0,Everyone,Action;Action & Adventure,"June 29, 2018",2.8.0,4.0 and up
Fancy,SHOPPING,4.2,39735,18M,"5,000,000+",Free,0,Teen,Shopping,"July 25, 2018",3.13.09,4.0 and up
EC Designer 2.0,TOOLS,,0,12M,50+,Free,0,Everyone,Tools,"July 9, 2018",0.0.44,4.0 and up
Scratch Logo Quiz. Challenging brain puzzle,GAME,3.3,152102,18M,"10,000,000+",Free,0,Teen,Trivia,"June 30, 2018",4.16,4.1 and up
BV Frankfurt inside,SPORTS,,3,4.8M,50+,Free,0,Everyone,Sports,"June 21, 2018",1.5,4.4 and up
Candy Crush Saga,FAMILY,4.4,22419455,74M,"500,000,000+",Free,0,Everyone,Casual,"July 5, 2018",1.129.0.2,4.1 and up
Gogo Vision (Biz Av),FAMILY,3.3,11,7.3M,"1,000+",Free,0,Teen,Entertainment,"August 23, 2017",3.4.0,4.1 and up
Discover Color,BEAUTY,4.0,364,6.4M,"100,000+",Free,0,Everyone,Beauty,"May 24, 2018",1.1,4.0.3 and up
search.ch,TRAVEL_AND_LOCAL,4.4,11514,2.2M,"500,000+",Free,0,Everyone,Travel & Local,"March 29, 2018",5.5,4.0 and up
Apartments.com Rental Search,HOUSE_AND_HOME,4.3,22584,16M,"1,000,000+",Free,0,Everyone,House & Home,"July 16, 2018",4.7.13,4.4 and up
Hot Bhojpuri Video songs,FAMILY,4.1,28892,6.3M,"5,000,000+",Free,0,Teen,Entertainment,"July 11, 2018",1.3,4.0 and up
News Republic,NEWS_AND_MAGAZINES,4.3,479594,18M,"10,000,000+",Free,0,Teen,News & Magazines,"July 28, 2018",9.2.3,4.0 and up
Inquiry Fines and Debits of Vehicles,AUTO_AND_VEHICLES,4.4,2680,2.2M,"500,000+",Free,0,Everyone,Auto & Vehicles,"March 20, 2018",1.03,4.0.3 and up
LINE: Free Calls & Messages,COMMUNICATION,4.2,10790092,Varies with device,"500,000,000+",Free,0,Everyone,Communication,"July 26, 2018",Varies with device,Varies with device
comico Popular Original Cartoon Updated Everyday Comico,COMICS,3.2,93965,15M,"5,000,000+",Free,0,Teen,Comics,"July 3, 2018",6.3.0,4.0.3 and up
DB Ultra Saiyan Battle,GAME,4.5,33,44M,"1,000+",Free,0,Everyone 10+,Action,"July 25, 2018",1.3.7,2.3 and up
AI Image Recognizer (beta),PHOTOGRAPHY,,0,3.7M,500+,Free,0,Everyone,Photography,"September 13, 2017",closed,4.0 and up
Trauma CT Head Rules,MEDICAL,,2,1.4M,100+,Free,0,Everyone,Medical,"April 23, 2017",1.1,4.0.3 and up
WeChat,COMMUNICATION,4.2,5387446,Varies with device,"100,000,000+",Free,0,Everyone,Communication,"July 31, 2018",Varies with device,Varies with device
CASHIER,FINANCE,3.3,335738,Varies with device,"10,000,000+",Free,0,Everyone,Finance,"May 3, 2018",Varies with device,Varies with device
Bowers & Wilkins DB Subwoofers,TOOLS,3.9,21,11M,"10,000+",Free,0,Everyone,Tools,"January 19, 2018",1.2.0.27,5.0 and up
FG VOC,BUSINESS,4.8,6,7.7M,"1,000+",Free,0,Everyone,Business,"August 7, 2018",2.1.5,4.1 and up
Mirror Camera (Mirror + Selfie Camera),BEAUTY,4.1,9315,2.6M,"1,000,000+",Free,0,Everyone,Beauty,"November 21, 2017",1.4.2,4.0 and up
DM Collection,SHOPPING,,3,1.2M,100+,Free,0,Everyone,Shopping,"June 25, 2015",1.1,2.2 and up
DreamTrips,TRAVEL_AND_LOCAL,4.7,9971,22M,"500,000+",Free,0,Teen,Travel & Local,"August 6, 2018",1.28.1,5.0 and up
ParaTek Ai Speech generator,TOOLS,3.6,448,4.3M,"50,000+",Free,0,Everyone,Tools,"March 23, 2017",1.9,1.6 and up
Beast of Lycan Isle CE,FAMILY,4.1,2683,20M,"50,000+",Free,0,Everyone 10+,Casual,"January 23, 2014",1.0,2.3 and up
F-Stop Gallery,PHOTOGRAPHY,4.2,12726,15M,"1,000,000+",Free,0,Everyone,Photography,"July 21, 2018",4.9.18,4.1 and up
Learn CW,FAMILY,,0,21M,1+,Paid,$2.49,Everyone,Education,"April 6, 2018",1.1,4.3 and up
Vudu Movies & TV,ENTERTAINMENT,3.9,58082,Varies with device,"10,000,000+",Free,0,Teen,Entertainment,"August 1, 2018",Varies with device,Varies with device
Cymath - Math Problem Solver,FAMILY,4.5,10159,6.4M,"1,000,000+",Free,0,Everyone,Education,"April 13, 2018",2.17,4.1 and up
TEKKEN™,GAME,4.2,147791,38M,"5,000,000+",Free,0,Teen,Action,"July 26, 2018",1.3,5.0 and up
EU FTL Calculator,BUSINESS,3.6,60,1.8M,"10,000+",Free,0,Everyone,Business,"June 1, 2018",1.5.1,4.1 and up
U-48 Submarine Commander Free,GAME,3.5,4575,3.8M,"500,000+",Free,0,Everyone,Arcade,"October 7, 2017",1.24,4.0.3 and up
Block Craft 3D: Building Simulator Games For Free,GAME,4.5,946926,57M,"50,000,000+",Free,0,Everyone,Simulation,"March 5, 2018",2.10.2,4.0.3 and up
Ad Remove Plugin for App2SD,PRODUCTIVITY,4.1,66,17k,"1,000+",Paid,$1.29,Everyone,Productivity,"September 25, 2013",1.0.0,2.2 and up
Panera Bread,FOOD_AND_DRINK,4.2,10159,36M,"1,000,000+",Free,0,Everyone,Food & Drink,"July 17, 2018",4.3.3,5.0 and up
Be Like Bill - Maker,FAMILY,4.3,18,1.7M,"1,000+",Free,0,Everyone,Entertainment,"January 27, 2016",1.2,3.2 and up
Mutual - LDS Dating,DATING,3.7,1439,38M,"50,000+",Free,0,Mature 17+,Dating,"July 30, 2018",1.1.46,4.2 and up
Builder Craft: House Building & Exploration,FAMILY,4.2,20807,52M,"1,000,000+",Free,0,Everyone 10+,Simulation,"August 2, 2017",1.3,4.1 and up
iTooch Mathématiques CP,FAMILY,4.3,1018,35M,"100,000+",Free,0,Everyone,Education;Education,"June 28, 2017",4.6.2,4.0.3 and up
Buscapé - Offers and discounts,SHOPPING,4.4,108592,8.3M,"10,000,000+",Free,0,Everyone,Shopping,"July 24, 2018",4.7.5,4.1 and up
BN Pro Black Text,LIBRARIES_AND_DEMO,3.8,18,496k,"1,000+",Free,0,Everyone,Libraries & Demo,"February 5, 2017",2.3.2,1.6 and up
C-E Federal Credit Union,FINANCE,,1,2.8M,500+,Free,0,Everyone,Finance,"March 23, 2018",3.0.6,4.1 and up
Dz Camera,TOOLS,,1,33M,10+,Free,0,Everyone,Tools,"November 19, 2017",1.0,4.3 and up
gCMOB,TOOLS,4.2,7935,21M,"1,000,000+",Free,0,Everyone,Tools,"January 8, 2018",2.4.7,3.0 and up
Trailer Addict Movie Trailers,ENTERTAINMENT,3.9,2646,9.1M,"100,000+",Free,0,Teen,Entertainment,"February 14, 2018",2.2.0,4.2 and up
The Visitor: Ep.2 - Sleepover Slaughter,GAME,4.3,5731,31M,"1,000,000+",Free,0,Mature 17+,Adventure,"January 2, 2018",1.1.5,4.1 and up
"GO Keyboard - Cute Emojis, Themes and GIFs",TOOLS,4.5,4594198,Varies with device,"100,000,000+",Free,0,Everyone,Tools,"July 31, 2018",Varies with device,Varies with device
Fate GO Ap Counter,TOOLS,4.6,70,3.2M,"1,000+",Free,0,Everyone,Tools,"January 19, 2018",1.1.4,4.1 and up
Gold Teeth Photo Editor,PHOTOGRAPHY,2.8,1022,3.8M,"100,000+",Free,0,Everyone,Photography,"August 24, 2016",2.0,2.3 and up
Ebenezer AH,MEDICAL,4.0,4,27M,500+,Free,0,Everyone,Medical,"May 5, 2017",300000.0.79,4.0.3 and up
Rope Hero 3,GAME,4.4,45871,99M,"5,000,000+",Free,0,Teen,Action,"May 8, 2017",1.6,2.3 and up
Bonjour 2017 Abidjan CI ❤❤❤❤❤,FAMILY,,235,3.3M,"10,000+",Free,0,Everyone,Entertainment,"February 16, 2017",1.0.2.0,2.0 and up
BK Shivani Videos,LIFESTYLE,4.7,29,3.2M,"1,000+",Free,0,Everyone,Lifestyle,"July 25, 2018",1.3,4.0.3 and up
Run with Map My Run,HEALTH_AND_FITNESS,4.5,183669,57M,"5,000,000+",Free,0,Everyone,Health & Fitness,"July 27, 2018",18.7.1,5.0 and up
Memes Button,COMICS,4.4,5968,5.7M,"1,000,000+",Free,0,Everyone,Comics,"May 28, 2018",1.4,4.0 and up
L!FE Premium Training,HEALTH_AND_FITNESS,,2,10M,100+,Free,0,Everyone,Health & Fitness,"July 9, 2018",4.2.2,4.1 and up
Placement Tips for BE (CE/IT),FAMILY,4.4,7,6.3M,500+,Free,0,Everyone,Education,"June 24, 2016",1.4,4.0 and up
"The Report, Fox, Breitbart - Conservative News",NEWS_AND_MAGAZINES,4.6,2090,4.6M,"50,000+",Free,0,Everyone,News & Magazines,"August 5, 2018",1.9.0,4.1 and up
"Yahoo Sports - scores, stats, news, & highlights",SPORTS,4.5,32386,19M,"1,000,000+",Free,0,Everyone,Sports,"August 1, 2018",7.8.0,5.1 and up
EO,BUSINESS,,0,3.1M,50+,Free,0,Everyone,Business,"July 1, 2015",1.0,4.0.3 and up
Caller ID +,COMMUNICATION,4.0,9498,118k,"1,000,000+",Free,0,Everyone,Communication,"June 7, 2016",5.28.0,2.3 and up
J - Style Pro,HEALTH_AND_FITNESS,2.3,74,2.6M,"10,000+",Free,0,Everyone,Health & Fitness,"January 20, 2016",1.1,4.3 and up
Galaxy at War Online,FAMILY,3.9,65119,46M,"1,000,000+",Free,0,Everyone 10+,Strategy,"May 22, 2018",2.1.0,3.0 and up
Wrecker's Revenge - Gumball,FAMILY,4.3,2263,55M,"100,000+",Free,0,Everyone,Puzzle;Action & Adventure,"September 21, 2017",14.15,4.3 and up
OfficeSuite : Free Office + PDF Editor,BUSINESS,4.3,1002859,35M,"100,000,000+",Free,0,Everyone,Business,"August 2, 2018",9.7.14188,4.1 and up
T-Mobile SyncUP DRIVE,AUTO_AND_VEHICLES,4.0,1981,18M,"100,000+",Free,0,Everyone,Auto & Vehicles,"August 1, 2018",2.15.1.4,5.0 and up
Plants vs. Zombies™ 2,FAMILY,4.4,567632,15M,"10,000,000+",Free,0,Everyone 10+,Casual,"June 12, 2018",6.8.1,4.1 and up
FX LITE BO,FINANCE,3.6,73,14M,"10,000+",Free,0,Everyone,Finance,"October 18, 2016",1.5.0,4.1 and up
Lookout Security & Antivirus,TOOLS,4.4,951413,13M,"100,000,000+",Free,0,Everyone,Tools,"July 31, 2018",10.23.2-964159b,4.4 and up
JAL (Domestic and international flights),TRAVEL_AND_LOCAL,3.4,2277,27M,"1,000,000+",Free,0,Everyone,Travel & Local,"May 7, 2018",4.4.7,4.0.3 and up
Check Lottery Tickets - Florida,FAMILY,2.0,27,31M,"5,000+",Free,0,Teen,Entertainment,"October 17, 2017",2.1,4.0.3 and up
Lose Weight in 30 Days,HEALTH_AND_FITNESS,4.8,220125,11M,"10,000,000+",Free,0,Everyone,Health & Fitness,"July 31, 2018",1.0.14,4.0 and up
StyleSeat,LIFESTYLE,4.7,20304,24M,"500,000+",Free,0,Everyone,Lifestyle,"July 31, 2018",4.35,4.0.3 and up
StartPage Private Search,LIFESTYLE,4.6,10198,2.2M,"100,000+",Free,0,Everyone,Lifestyle,"August 21, 2017",1.10,2.1 and up
Learn Basic C - For Beginners,FAMILY,4.7,27,772k,"5,000+",Free,0,Everyone,Education,"January 20, 2016",1.0,3.0 and up
F*ck This Game,GAME,4.6,8,6.3M,100+,Paid,$0.99,Teen,Action,"July 18, 2015",1.0.0,2.3 and up
Learn Morse Code - G0HYN Learn Morse,COMMUNICATION,4.0,27,600k,"5,000+",Free,0,Everyone,Communication,"May 8, 2018",5.0,2.2 and up
A/C Air Conditioner Remote,TOOLS,3.4,7816,5.1M,"1,000,000+",Free,0,Everyone,Tools,"July 30, 2016",1.1.1,3.0 and up
Ramdor DM Mobile,BUSINESS,,1,23M,100+,Free,0,Everyone,Business,"June 13, 2018",21 - Rel2.0,3.0 and up
Team CF,LIFESTYLE,,0,3.0M,100+,Free,0,Everyone,Lifestyle,"June 7, 2018",3.9.9.2,2.3 and up
P Launcher Theme For Android™ 9.0,PERSONALIZATION,3.9,213,28M,"10,000+",Free,0,Everyone,Personalization,"May 18, 2018",1.4,4.0 and up
U + professional baseball,SPORTS,4.3,2486,18M,"500,000+",Free,0,Everyone,Sports,"July 30, 2018",06.11.00,4.4 and up
Coloring & Learn,FAMILY,4.4,12753,51M,"5,000,000+",Free,0,Everyone,Educational;Creativity,"July 17, 2018",1.49,4.0.3 and up
Multicraft Miner Exploration,GAME,4.0,14563,74M,"1,000,000+",Free,0,Everyone 10+,Adventure,"December 22, 2017",0.6.49,4.1 and up
Notepad,PRODUCTIVITY,4.2,80581,2.5M,"10,000,000+",Free,0,Everyone,Productivity,"October 16, 2016",2.4,2.3 and up
Knights N Squires,FAMILY,4.4,148826,49M,"1,000,000+",Free,0,Teen,Role Playing,"June 19, 2018",1.4.9,4.0.3 and up
Grabo.bg,SHOPPING,4.6,8175,3.2M,"100,000+",Free,0,Everyone,Shopping,"April 5, 2018",3.2.3,4.0.3 and up
FrostWire: Torrent Downloader & Music Player,VIDEO_PLAYERS,4.1,253207,13M,"10,000,000+",Free,0,Everyone,Video Players & Editors,"August 2, 2018",2.0.7,4.4 and up
BX Memo,FAMILY,4.3,131,2.0M,"5,000+",Free,0,Everyone,Education,"November 17, 2016",3.3.1,2.2 and up
Lifetime - Watch Full Episodes & Original Movies,ENTERTAINMENT,4.0,35928,19M,"1,000,000+",Free,0,Teen,Entertainment,"July 16, 2018",3.1.4,4.4 and up
ICQ — Video Calls & Chat Messenger,COMMUNICATION,4.4,697939,Varies with device,"10,000,000+",Free,0,Everyone,Communication,"July 18, 2018",7.3(823181),4.4 and up
DTPay,SHOPPING,4.5,18,994k,"1,000+",Free,0,Everyone,Shopping,"July 11, 2018",0.8.2,4.0 and up
FP Transportation,AUTO_AND_VEHICLES,,1,885k,1+,Free,0,Everyone,Auto & Vehicles,"March 9, 2018",10.0.0,4.0 and up
Dr B R Ambedkar (Jai Bhim),SOCIAL,4.7,2068,7.5M,"100,000+",Free,0,Everyone,Social,"April 13, 2014",1.0,2.2 and up
ByssWeather for Wear OS,WEATHER,4.2,19666,Varies with device,"1,000,000+",Free,0,Everyone,Weather,"April 11, 2018",Varies with device,Varies with device
"Blendr - Chat, Flirt & Meet",DATING,4.0,28671,Varies with device,"1,000,000+",Free,0,Mature 17+,Dating,"August 1, 2018",Varies with device,Varies with device
Meetup,SOCIAL,4.2,79129,23M,"5,000,000+",Free,0,Teen,Social,"August 2, 2018",3.10.26,4.4 and up
Poshmark - Buy & Sell Fashion,SHOPPING,4.3,46153,17M,"10,000,000+",Free,0,Everyone,Shopping,"August 4, 2018",2.124.01,4.4 and up
Ain Arabic Kids Alif Ba ta,FAMILY,,0,33M,0+,Paid,$2.99,Everyone,Education,"April 15, 2016",1.0,3.0 and up
Flippy Axe : Flip The Knife & Axe Simulator,GAME,5.0,7,15M,100+,Free,0,Everyone,Arcade,"September 27, 2017",1.1,4.2 and up
Block Buddy,MEDICAL,4.0,15,5.0M,"1,000+",Paid,$14.99,Everyone,Medical,"August 1, 2018",7.6.14,4.0 and up
"Maps, GPS Navigation & Directions, Street View",MAPS_AND_NAVIGATION,4.2,207440,6.4M,"10,000,000+",Free,0,Everyone,Maps & Navigation,"July 23, 2018",7.0.3,4.0 and up
EJ.by,NEWS_AND_MAGAZINES,,10,2.3M,500+,Free,0,Everyone,News & Magazines,"October 27, 2015",1.2,4.0.3 and up
Invasion: Defend EU,GAME,,7,20M,50+,Free,0,Everyone,Arcade,"December 8, 2017",1.0.|,2.3 and up
Microsoft Remote Desktop,BUSINESS,4.2,97702,Varies with device,"5,000,000+",Free,0,Everyone,Business,"July 11, 2018",Varies with device,Varies with device
Photo BG Changer,PHOTOGRAPHY,3.8,11,17M,"1,000+",Free,0,Everyone,Photography,"February 21, 2018",1.3,4.1 and up
Company Kitchen Inventory,BUSINESS,,3,2.3M,"1,000+",Free,0,Everyone,Business,"July 16, 2015",2.38,4.0 and up
foodpanda - Local Food Delivery,FOOD_AND_DRINK,4.0,292969,16M,"10,000,000+",Free,0,Everyone,Food & Drink,"July 30, 2018",4.11.3,4.2 and up
Anime X Wallpaper,PERSONALIZATION,4.7,32613,3.2M,"1,000,000+",Free,0,Everyone,Personalization,"May 31, 2018",3.11,4.1 and up
HD Themes Toyota Cruiser 80,PERSONALIZATION,,2,13M,100+,Free,0,Teen,Personalization,"October 3, 2016",1.0,2.3.3 and up
JuiceNet - Smart EV Charging,MAPS_AND_NAVIGATION,3.5,106,24M,"5,000+",Free,0,Everyone,Maps & Navigation,"July 9, 2018",2.1.223,4.0 and up
BF 3d Wallpapers,FAMILY,4.1,256,2.5M,"100,000+",Free,0,Teen,Entertainment,"June 18, 2015",4.7,3.0 and up
Digital Falak,TOOLS,4.7,3408,15M,"50,000+",Free,0,Everyone,Tools,"May 30, 2018",2.1.1,4.1 and up
Space Coast CU Mobile,FINANCE,3.8,922,2.1M,"100,000+",Free,0,Everyone,Finance,"July 13, 2017",2.1.0.1108,2.3 and up
MY LITTLE PONY: Magic Princess,FAMILY,4.4,1309728,Varies with device,"50,000,000+",Free,0,Everyone,Casual,"July 11, 2018",Varies with device,Varies with device
Philips IQon Spectral CT Fundamentals.,MEDICAL,,2,77M,100+,Free,0,Everyone,Medical,"September 21, 2017",1.0.0,4.0 and up
Power Booster - Junk Cleaner & CPU Cooler & Boost,PRODUCTIVITY,4.5,9653,5.1M,"1,000,000+",Free,0,Everyone,Productivity,"August 6, 2018",1.2.5,4.1 and up
"CYANOGEN. Rent, buy an apartment, a room, a cottage 3+",HOUSE_AND_HOME,4.3,37711,40M,"1,000,000+",Free,0,Everyone,House & Home,"July 31, 2018",2.51.0,4.4 and up
G-Pix [Android P] EMUI 8/5 THEME,PERSONALIZATION,4.1,720,10M,"100,000+",Free,0,Everyone,Personalization,"March 13, 2018",12,4.4 and up
ColorNote Notepad Notes,PRODUCTIVITY,4.6,2401017,Varies with device,"100,000,000+",Free,0,Everyone,Productivity,"June 27, 2018",Varies with device,Varies with device
Speedtest by Ookla,TOOLS,4.4,1028794,Varies with device,"100,000,000+",Free,0,Everyone,Tools,"July 19, 2018",Varies with device,Varies with device
Brave Browser: Fast AdBlocker,COMMUNICATION,4.3,40241,Varies with device,"5,000,000+",Free,0,Everyone,Communication,"June 30, 2018",1.0.52,4.1 and up
DW Arabic By dw-arab.com,NEWS_AND_MAGAZINES,4.3,386,6.0M,"50,000+",Free,0,Everyone,News & Magazines,"October 27, 2017",3.2,4.1 and up
Southwest Airlines,TRAVEL_AND_LOCAL,3.9,24781,8.3M,"5,000,000+",Free,0,Everyone,Travel & Local,"July 11, 2018",5.6.1,6.0 and up
White Noise for Baby,PARENTING,4.9,717,6.6M,"100,000+",Free,0,Everyone,Parenting,"December 30, 2017",1.6.0,4.1 and up
Unit Converter,TOOLS,4.5,85387,5.4M,"1,000,000+",Free,0,Everyone,Tools,"July 3, 2018",2.1.54,4.0 and up
BF CG View Wallpapers,FAMILY,3.6,13,2.5M,"1,000+",Free,0,Teen,Entertainment,"June 19, 2015",3.0,3.0 and up
Forgotten Hill: Puppeteer,GAME,4.5,2917,22M,"100,000+",Free,0,Teen,Adventure,"October 30, 2017",2.6,2.3 and up
Quiz: Logo game,GAME,4.5,306764,29M,"10,000,000+",Free,0,Everyone,Trivia,"August 3, 2018",6.2,4.0.3 and up
BU Students' Rep. Council,FAMILY,4.7,38,5.3M,500+,Free,0,Everyone,Education,"July 5, 2018",5.45.0_713,4.0 and up
Nurse Grid,MEDICAL,4.5,1686,15M,"100,000+",Free,0,Everyone,Medical,"July 30, 2018",2.9,4.4 and up
NCAA Sports,SPORTS,3.9,4272,16M,"500,000+",Free,0,Everyone,Sports,"April 23, 2018",3.0.13,4.1 and up
Painel EJ SSH - INTERNET GRÁTIS,TOOLS,,10,13M,50+,Free,0,Everyone,Tools,"July 30, 2018",5.1,4.1 and up
BIG Launcher,PERSONALIZATION,4.3,881,5.9M,"10,000+",Paid,$9.99,Everyone,Personalization,"June 20, 2018",2.5.9,2.1 and up
12 Step Meditations & Sober Prayers AA NA AL-ANON,LIFESTYLE,4.7,759,15M,"50,000+",Free,0,Everyone 10+,Lifestyle,"January 22, 2018",1.4.5,4.1 and up
FJ Toolkit,TOOLS,,1,2.5M,100+,Paid,$1.49,Everyone,Tools,"December 21, 2015",14,4.0 and up
Branch,FINANCE,4.6,69973,3.8M,"1,000,000+",Free,0,Everyone,Finance,"July 23, 2018",1.17.1,4.0 and up
The Fish Master!,GAME,4.1,15763,54M,"1,000,000+",Free,0,Everyone,Arcade,"July 17, 2018",1.6,4.1 and up
Color By Number - Sandbox Pixel Coloring Book,FAMILY,4.7,24557,24M,"1,000,000+",Free,0,Everyone,Casual;Creativity,"August 3, 2018",1.3.6,4.4 and up
Collage&Add Stickers papelook,PHOTOGRAPHY,4.0,32896,31M,"5,000,000+",Free,0,Everyone,Photography,"March 14, 2018",3.3.5,2.3.3 and up
Tuner - gStrings Free,TOOLS,4.5,214265,Varies with device,"10,000,000+",Free,0,Everyone,Tools,"June 4, 2018",Varies with device,Varies with device
Best CG Backgrounds,FAMILY,3.6,8,3.7M,500+,Free,0,Everyone,Entertainment,"May 20, 2018",8.0,4.0.3 and up
Unicorn Photo,PHOTOGRAPHY,3.7,3362,Varies with device,"1,000,000+",Free,0,Everyone,Photography,"May 22, 2018",Varies with device,4.0 and up
Faceoff DP Battle App,FAMILY,4.8,38,6.7M,"1,000+",Free,0,Everyone,Entertainment,"June 15, 2018",5.2,4.4 and up
Commission Manager,PRODUCTIVITY,3.2,12,2.2M,"1,000+",Free,0,Everyone,Productivity,"March 26, 2015",1.0.0.0,2.3.3 and up
Photo Editor by Aviary,PHOTOGRAPHY,4.4,1490732,21M,"50,000,000+",Free,0,Everyone,Photography,"July 19, 2018",4.8.4,4.1 and up
Br Browser,SOCIAL,4.9,29,2.5M,500+,Free,0,Everyone,Social,"March 20, 2018",5.0,5.0 and up
Body Scanner xray Real Camera Prank Entertaintment,FAMILY,2.6,17,4.6M,"5,000+",Free,0,Everyone,Entertainment,"May 5, 2018",1.0,2.3 and up
Case Simulator Hero for CS:GO,FAMILY,4.3,14604,68M,"500,000+",Free,0,Teen,Simulation,"July 4, 2018",3.1.2,4.2 and up
BG Burger,FOOD_AND_DRINK,,1,19M,10+,Free,0,Everyone,Food & Drink,"March 29, 2017",1.0,4.1 and up
Wendy’s – Food and Offers,FOOD_AND_DRINK,3.4,6507,18M,"1,000,000+",Free,0,Everyone,Food & Drink,"April 12, 2018",5.7.0,4.4 and up
Ready4 SAT (Prep4 SAT),EDUCATION,4.6,13612,48M,"100,000+",Free,0,Everyone,Education,"May 10, 2018",7.2.3633,4.4 and up
C J Academy,FAMILY,,0,5.2M,10+,Free,0,Everyone,Education,"April 2, 2018",1.0,4.4 and up
Wallpaper,PERSONALIZATION,4.5,69488,9.7M,"1,000,000+",Free,0,Everyone,Personalization,"July 8, 2018",6.07,4.1 and up
I am Rich Plus,FAMILY,4.0,856,8.7M,"10,000+",Paid,$399.99,Everyone,Entertainment,"May 19, 2018",3.0,4.4 and up
Photo frame,PHOTOGRAPHY,4.5,859,21M,"100,000+",Free,0,Everyone,Photography,"July 18, 2018",1.5.1,4.0.3 and up
"Calculator - free calculator ,multi calculator app",TOOLS,4.4,1236,5.8M,"100,000+",Free,0,Everyone,Tools,"July 6, 2018",8.1.6,4.2 and up
Navy Gunner Shoot War 3D,GAME,4.0,103199,44M,"10,000,000+",Free,0,Teen,Action,"August 2, 2018",1.0.7.8,4.2 and up
e-DN - den digitala tidningen från Dagens Nyheter,NEWS_AND_MAGAZINES,2.2,160,32M,"50,000+",Free,0,Everyone 10+,News & Magazines,"May 24, 2018",1.3.2,4.4 and up
Runtastic Running App & Mile Tracker,HEALTH_AND_FITNESS,4.5,827597,Varies with device,"10,000,000+",Free,0,Everyone,Health & Fitness,"July 25, 2018",Varies with device,Varies with device
BN Pro RobotoXL-b HD Text,LIBRARIES_AND_DEMO,4.2,86,459k,"10,000+",Free,0,Everyone,Libraries & Demo,"February 5, 2017",2.3.2,1.6 and up
420 BZ Budeze Delivery,MEDICAL,5.0,2,11M,100+,Free,0,Mature 17+,Medical,"June 6, 2018",1.0.1,4.1 and up
Egg,FAMILY,2.9,72,27M,"5,000+",Free,0,Mature 17+,Simulation,"June 9, 2018",1.2.2,2.3 and up
Robin - AI Voice Assistant,MAPS_AND_NAVIGATION,4.2,55313,16M,"1,000,000+",Free,0,Everyone,Maps & Navigation,"August 5, 2018",4.435,4.1 and up
stranger chat - anonymous chat,DATING,3.5,13204,6.1M,"1,000,000+",Free,0,Mature 17+,Dating,"July 7, 2018",2.4.1,4.1 and up
CX-10WiFi,FAMILY,4.0,1419,12M,"100,000+",Free,0,Everyone,Casual,"October 25, 2017",2.5_16,4.0 and up
Dragon BZ Wallpapers HD,PERSONALIZATION,,5,17M,"1,000+",Free,0,Everyone,Personalization,"April 4, 2018",1.11,4.0 and up
BT Church,LIFESTYLE,4.9,26,8.4M,"1,000+",Free,0,Teen,Lifestyle,"June 25, 2018",3.8.0,4.1 and up
British Columbia Transit Info,MAPS_AND_NAVIGATION,,0,5.0M,100+,Free,0,Everyone 10+,Maps & Navigation,"February 19, 2016",3.0,2.2 and up
Dp For Whatsapp,SOCIAL,4.3,39,12M,"5,000+",Free,0,Everyone,Social,"April 13, 2017",1.0,4.0.3 and up
Scanner Radio - Fire and Police Scanner,FAMILY,4.4,175509,Varies with device,"10,000,000+",Free,0,Everyone,Entertainment,"August 7, 2018",Varies with device,Varies with device
Wipe out,EVENTS,4.7,30,Varies with device,500+,Free,0,Teen,Events,"May 23, 2018",Varies with device,Varies with device
USA TODAY,NEWS_AND_MAGAZINES,4.1,49259,Varies with device,"5,000,000+",Free,0,Everyone 10+,News & Magazines,"August 2, 2018",Varies with device,Varies with device
GUN ZOMBIE,GAME,4.4,243121,38M,"5,000,000+",Free,0,Teen,Arcade,"October 17, 2014",5.3,2.3 and up
Lie Detector Test Prank,FAMILY,4.4,222308,6.9M,"10,000,000+",Free,0,Everyone,Entertainment,"July 31, 2018",3.0.2,4.4 and up
Tennis Temple - Live Scores,SPORTS,4.6,5305,Varies with device,"100,000+",Free,0,Everyone,Sports,"May 18, 2018",Varies with device,Varies with device
Triceratops - Dino Robot,FAMILY,4.4,3032,30M,"1,000,000+",Free,0,Everyone,Casual,"December 18, 2017",1.2.3,4.0 and up
ASUS SuperNote,PRODUCTIVITY,4.5,26559,Varies with device,"10,000,000+",Free,0,Everyone,Productivity,"April 14, 2017",Varies with device,Varies with device
Otto DM,SOCIAL,,0,2.4M,10+,Free,0,Teen,Social,"March 7, 2018",1.0,4.0 and up
PUBG MOBILE,GAME,4.4,3715656,36M,"50,000,000+",Free,0,Teen,Action,"July 24, 2018",0.7.0,4.3 and up
Pill Identifier and Drug list,MEDICAL,4.0,488,17M,"100,000+",Free,0,Everyone,Medical,"August 1, 2018",3.8,4.1 and up
"Bleacher Report: sports news, scores, & highlights",SPORTS,4.4,122283,Varies with device,"5,000,000+",Free,0,Everyone 10+,Sports,"July 20, 2018",Varies with device,Varies with device
Brightest Flashlight - LED Light,TOOLS,4.5,876866,9.1M,"50,000,000+",Free,0,Everyone,Tools,"July 27, 2018",1.4.9,4.0.3 and up
FINAL FANTASY BRAVE EXVIUS,GAME,4.6,745684,83M,"5,000,000+",Free,0,Teen,Role Playing,"July 17, 2018",3.0.2,4.0.3 and up
Talking Tom Gold Run,GAME,4.6,2698889,78M,"100,000,000+",Free,0,Everyone,Action,"July 31, 2018",2.8.2.59,4.1 and up
Empire Z: Endless War,FAMILY,4.2,367951,76M,"5,000,000+",Free,0,Teen,Strategy,"July 16, 2018",2.2.8,4.0.3 and up
Eat Right Diet (by Dt Shreya's Family Diet Clinic),HEALTH_AND_FITNESS,,0,12M,10+,Free,0,Everyone,Health & Fitness,"August 7, 2018",1.0.7,5.0 and up
Transit: Real-Time Transit App,MAPS_AND_NAVIGATION,4.2,43252,Varies with device,"5,000,000+",Free,0,Everyone,Maps & Navigation,"July 18, 2018",4.4.7,Varies with device
Free Foreclosure Real Estate Search by USHUD.com,HOUSE_AND_HOME,3.4,287,27M,"100,000+",Free,0,Everyone,House & Home,"May 29, 2018",2.4.2,4.4 and up
【Ranobbe complete free】 Novelba - Free app that you can read and write novels,COMICS,,1330,22M,"50,000+",Free,0,Everyone,Comics,"July 3, 2018",6.1.1,4.2 and up
Android P | Xperia™ Theme 4800+ icons,PERSONALIZATION,4.6,29,39M,100+,Paid,$1.99,Everyone,Personalization,"May 16, 2018",1.0.0,6.0 and up
Web Browser,COMMUNICATION,4.2,10965,2.3M,"500,000+",Free,0,Everyone,Communication,"February 2, 2015",2.0,3.0 and up
Puffin Browser Pro,COMMUNICATION,4.0,18247,Varies with device,"100,000+",Paid,$3.99,Everyone,Communication,"July 5, 2018",7.5.3.20547,4.1 and up
Superhero Doctor 2 -ER Surgery,FAMILY,4.0,39647,72M,"10,000,000+",Free,0,Everyone 10+,Casual,"September 30, 2017",1.7,4.0.3 and up
Sumine side dish - dish recipe side dish,FOOD_AND_DRINK,,82,4.9M,"10,000+",Free,0,Everyone,Food & Drink,"June 23, 2018",1.1,4.1 and up
BV Aventure,TRAVEL_AND_LOCAL,,0,5.0M,100+,Free,0,Everyone,Travel & Local,"July 22, 2016",1.3.6,4.0 and up
Fertility Friend Ovulation App,HEALTH_AND_FITNESS,4.5,12955,7.2M,"1,000,000+",Free,0,Teen,Health & Fitness,"June 27, 2018",10.24,4.4 and up
AE Lucky Fishing,GAME,4.3,18277,17M,"1,000,000+",Free,0,Teen,Arcade,"March 14, 2016",2.0.2,2.3 and up
BN Más Cerca de Usted,FINANCE,3.9,8185,45M,"500,000+",Free,0,Everyone,Finance,"July 6, 2018",5.1,4.4 and up
Cake Shop - Kids Cooking,FAMILY,4.3,30668,33M,"5,000,000+",Free,0,Everyone,Casual;Pretend Play,"July 16, 2018",2.1.3181,4.0.3 and up
EMT Review Plus,MEDICAL,4.5,199,1.8M,"10,000+",Paid,$11.99,Everyone,Medical,"June 27, 2018",3.0.5,4.4W and up
CS Customizer,COMMUNICATION,3.7,25,3.7M,"1,000+",Free,0,Everyone,Communication,"February 6, 2017",1.2.11,3.0 and up
Pick Your Part Garage,AUTO_AND_VEHICLES,3.9,142,32M,"50,000+",Free,0,Everyone,Auto & Vehicles,"July 24, 2018",1.1.5.0,6.0 and up
Angry Birds Classic,GAME,4.4,5566889,97M,"100,000,000+",Free,0,Everyone,Arcade,"May 24, 2018",7.9.3,4.1 and up
EatStreet Food Delivery App,FOOD_AND_DRINK,4.6,7690,25M,"100,000+",Free,0,Everyone,Food & Drink,"July 3, 2018",3.1.14,5.0 and up
FP Notebook,MEDICAL,4.5,410,60M,"50,000+",Free,0,Everyone,Medical,"March 24, 2018",2.1.0.372,4.4 and up
Best Park in the Universe,GAME,4.3,3904,5.5M,"10,000+",Paid,$2.99,Everyone 10+,Action,"September 10, 2014",1.2.1,4.0 and up
Messenger – Text and Video Chat for Free,COMMUNICATION,4.0,56642847,Varies with device,"1,000,000,000+",Free,0,Everyone,Communication,"August 1, 2018",Varies with device,Varies with device
Marble - Temple Quest,GAME,4.3,42053,24M,"10,000,000+",Free,0,Everyone,Puzzle,"June 21, 2018",4.9,4.0.3 and up
"Niche: College, K-12, and Neighborhood Search",LIFESTYLE,4.0,42,26M,"5,000+",Free,0,Everyone,Lifestyle,"July 6, 2018",1.0.1,4.4 and up
Live chat - free video chat,DATING,,1,8.7M,500+,Free,0,Mature 17+,Dating,"July 23, 2018",3.52,4.0.3 and up
Combat BF: Black Ops 3,GAME,4.2,7699,83M,"500,000+",Free,0,Mature 17+,Action,"March 2, 2017",5.1.6,2.3 and up
DaBang - Rental Homes in Korea,HOUSE_AND_HOME,4.4,23013,26M,"5,000,000+",Free,0,Everyone,House & Home,"July 17, 2018",3.2.4,4.1 and up
Baby Name Together,PARENTING,4.0,464,24M,"100,000+",Free,0,Everyone,Parenting,"August 6, 2018",2.3.1,5.0 and up
Dungeon Rush,FAMILY,4.0,28633,81M,"1,000,000+",Free,0,Everyone 10+,Role Playing,"December 23, 2016",1.14.0,2.3 and up
EF Staff,PRODUCTIVITY,,0,11M,100+,Free,0,Everyone,Productivity,"May 8, 2018",1.2,4.2 and up
Frequencies Free,TOOLS,3.5,382,3.1M,"100,000+",Free,0,Everyone,Tools,"February 4, 2018",1.9,4.0.3 and up
Ice Crush 10.000 B.C.,FAMILY,4.4,31,4.2M,100+,Paid,$0.99,Everyone,Casual,"August 15, 2013",1.48,2.0 and up
Get Over Your Ex,DATING,4.1,10,11M,"5,000+",Free,0,Everyone,Dating,"April 12, 2017",1.1,4.0.3 and up
bm Wallet,FINANCE,3.5,196,27M,"10,000+",Free,0,Everyone,Finance,"August 20, 2017",1.8,4.1 and up
Perfect Viewer,COMICS,4.4,51981,Varies with device,"5,000,000+",Free,0,Everyone,Comics,"August 1, 2018",4.2.0.2,2.3 and up
Drift Legends,GAME,4.2,33788,27M,"1,000,000+",Free,0,Everyone,Racing,"March 29, 2018",1.8.5,4.1 and up
Scanning body and undressing people,FAMILY,3.4,1012,12M,"100,000+",Free,0,Teen,Entertainment,"February 24, 2018",2.0,3.0 and up
FOX NOW - On Demand & Live TV,ENTERTAINMENT,3.9,60841,Varies with device,"5,000,000+",Free,0,Teen,Entertainment,"July 26, 2018",Varies with device,4.4 and up
CW Seed,FAMILY,4.5,16391,13M,"500,000+",Free,0,Teen,Entertainment,"July 18, 2018",1.16,4.4 and up
"Bleacher Report: sports news, scores, & highlights",SPORTS,4.4,122283,Varies with device,"5,000,000+",Free,0,Everyone 10+,Sports,"July 20, 2018",Varies with device,Varies with device
Tiny Scanner Pro: PDF Doc Scan,BUSINESS,4.8,10295,39M,"100,000+",Paid,$4.99,Everyone,Business,"April 11, 2017",3.4.6,3.0 and up
FL Bankers,EVENTS,,0,3.4M,10+,Free,0,Everyone,Events,"June 5, 2018",1.0.1,4.2 and up
E! News,NEWS_AND_MAGAZINES,4.0,15443,25M,"1,000,000+",Free,0,Teen,News & Magazines,"June 19, 2018",4.2.133,4.4 and up
ESPN Fantasy Sports,SPORTS,4.0,176450,10M,"5,000,000+",Free,0,Everyone,Sports,"November 21, 2017",5.3.0,4.4 and up
"Evernote – Organizer, Planner for Notes & Memos",PRODUCTIVITY,4.6,1488396,Varies with device,"100,000,000+",Free,0,Everyone,Productivity,"August 3, 2018",Varies with device,Varies with device
Calculator CM,TOOLS,4.4,8,1.8M,500+,Free,0,Everyone,Tools,"March 9, 2015",1.0,2.3 and up
Microsoft OneDrive,PRODUCTIVITY,4.4,1038306,Varies with device,"100,000,000+",Free,0,Everyone,Productivity,"August 1, 2018",Varies with device,Varies with device
Brica BPRO5 AE,PHOTOGRAPHY,3.9,4726,3.9M,"500,000+",Free,0,Everyone,Photography,"June 17, 2015",v1.0,3.1 and up
Learn Body Parts in English,FAMILY,4.0,7243,42M,"1,000,000+",Free,0,Everyone,Education,"December 6, 2016",5.13,2.3 and up
Tic Tac Toe,FAMILY,4.1,6007,18M,"1,000,000+",Free,0,Everyone,Board;Action & Adventure,"July 3, 2017",1.6.3028.0,2.3 and up
"Newton Mail - Email App for Gmail, Outlook, IMAP",COMMUNICATION,4.0,122595,30M,"1,000,000+",Free,0,Everyone,Communication,"July 19, 2018",9.8.376,5.0 and up
Learn C# - .Net - C Sharp Programming Tutorial App,FAMILY,4.0,1320,8.6M,"100,000+",Free,0,Everyone,Education,"June 3, 2018",4.1.0,4.1 and up
FC BARCELONA EVENTS,SPORTS,4.3,6,11M,100+,Free,0,Everyone,Sports,"April 22, 2018",v2.7.11.16,4.1 and up
Web Browser & Fast Explorer,SOCIAL,4.4,54768,2.6M,"5,000,000+",Free,0,Everyone,Social,"May 16, 2018",3.6.1,4.0.3 and up
"theScore: Live Sports Scores, News, Stats & Videos",SPORTS,4.4,133833,34M,"10,000,000+",Free,0,Everyone 10+,Sports,"July 25, 2018",6.17.2,4.4 and up
Galaxy Attack: Alien Shooter,GAME,4.6,506593,Varies with device,"10,000,000+",Free,0,Everyone,Arcade,"August 1, 2018",5.66,4.1 and up
صور حرف H,ART_AND_DESIGN,4.4,13,4.5M,"1,000+",Free,0,Everyone,Art & Design,"March 27, 2018",2.0,4.0.3 and up
Firefighters First CU,FINANCE,4.8,495,12M,"5,000+",Free,0,Everyone,Finance,"May 1, 2018",5.7.1.0,5.0 and up
Art Drawing Ideas,ART_AND_DESIGN,4.1,227,5.2M,"50,000+",Free,0,Everyone,Art & Design,"May 31, 2018",1.2,2.3 and up
Hideman VPN,TOOLS,4.1,88675,9.6M,"5,000,000+",Free,0,Everyone,Tools,"July 24, 2018",6.0.1,4.0 and up
Mehmet Emin Ay İlahileri,FAMILY,,0,5.1M,10+,Free,0,Everyone,Entertainment,"July 13, 2018",1.0,4.1 and up
Live Weather & Daily Local Weather Forecast,WEATHER,4.5,13426,19M,"1,000,000+",Free,0,Everyone,Weather,"July 17, 2018",9.9.1.1910,4.1 and up
C Examples,FAMILY,4.2,1002,4.4M,"10,000+",Free,0,Everyone,Education,"August 31, 2016",3.9,4.0 and up
We Heart It,SOCIAL,4.5,637254,Varies with device,"10,000,000+",Free,0,Teen,Social,"July 18, 2018",Varies with device,Varies with device
"Trading 212 - Forex, Stocks, CFDs",FINANCE,4.3,37580,Varies with device,"5,000,000+",Free,0,Everyone,Finance,"August 1, 2018",4.5.2.1,4.4 and up
Cordova BG Geolocation,MAPS_AND_NAVIGATION,3.0,4,Varies with device,"1,000+",Free,0,Everyone,Maps & Navigation,"May 25, 2018",Varies with device,Varies with device
E-cigarette for free,FAMILY,3.6,1354,4.8M,"500,000+",Free,0,Mature 17+,Entertainment,"October 23, 2017",1.0,2.3 and up
My Talking Angela,GAME,4.5,9881908,99M,"100,000,000+",Free,0,Everyone,Casual,"July 3, 2018",3.7.2.51,4.1 and up
Mas Akıllı Ev,HOUSE_AND_HOME,,13,43M,100+,Free,0,Everyone,House & Home,"April 18, 2018",3.2,4.4 and up
The Florida Trail Guide,TRAVEL_AND_LOCAL,4.3,100,13M,"5,000+",Free,0,Everyone,Travel & Local,"April 1, 2017",6.0.18,4.1 and up
Bubble,TOOLS,4.5,31621,208k,"5,000,000+",Free,0,Everyone,Tools,"July 10, 2011",2.0.1,1.6 and up
Empires and Allies,FAMILY,4.3,398746,Varies with device,"10,000,000+",Free,0,Everyone 10+,Strategy,"August 6, 2018",Varies with device,4.1 and up
Avast Wi-Fi Finder,PRODUCTIVITY,4.3,37277,13M,"1,000,000+",Free,0,Everyone,Productivity,"February 26, 2018",2.3.1,4.0.3 and up
CT POSITIONING,MEDICAL,4.5,18,9.3M,"5,000+",Free,0,Everyone,Medical,"March 10, 2018",2.0,4.0.3 and up
LEGO® TV,ENTERTAINMENT,3.7,17247,7.2M,"1,000,000+",Free,0,Everyone 10+,Entertainment;Music & Video,"August 4, 2018",4.0.2,5.0 and up
Everlance: Free Mileage Log,FINANCE,4.7,7514,14M,"100,000+",Free,0,Everyone,Finance,"July 31, 2018",1.9.9.9.3,4.4 and up
Bitcoin Ticker Widget,FINANCE,4.6,25744,Varies with device,"500,000+",Free,0,Everyone,Finance,"July 30, 2018",Varies with device,Varies with device
One Today by Google,LIFESTYLE,4.5,2586,9.4M,"100,000+",Free,0,Everyone,Lifestyle,"December 17, 2015",1.9.0.110162364,4.0.3 and up
Parallel Space - Multiple accounts & Two face,PERSONALIZATION,4.6,3062845,7.4M,"100,000,000+",Free,0,Everyone,Personalization,"August 3, 2018",4.0.8552,4.0.3 and up
UFC,SPORTS,4.0,30840,Varies with device,"1,000,000+",Free,0,Teen,Sports,"May 22, 2018",Varies with device,Varies with device
Greater London A-Z 2016,TRAVEL_AND_LOCAL,3.7,40,9.0M,"1,000+",Paid,$8.49,Everyone,Travel & Local,"August 18, 2016",1.0.1,4.1 and up
Futbol24,SPORTS,4.3,31908,Varies with device,"1,000,000+",Free,0,Everyone,Sports,"September 27, 2017",Varies with device,Varies with device
FH Dortmund FB4,FAMILY,,40,9.9M,"1,000+",Free,0,Everyone,Education,"May 22, 2018",1.2.0,4.0.3 and up
Romance et Mystères au Lycée,FAMILY,,350,6.4M,"10,000+",Free,0,Teen,Entertainment,"February 23, 2017",1.0.0,4.0.3 and up
Kurio - Read the Latest News,NEWS_AND_MAGAZINES,4.2,40167,8.7M,"1,000,000+",Free,0,Everyone,News & Magazines,"July 30, 2018",3.12.0,4.4 and up
Seznam.cz,COMMUNICATION,4.3,46702,Varies with device,"1,000,000+",Free,0,Everyone,Communication,"July 4, 2018",Varies with device,Varies with device
Marked by King Bs,FAMILY,4.6,70335,58M,"500,000+",Free,0,Teen,Simulation,"October 17, 2017",1.0.7,4.3 and up
"Yelp: Food, Shopping, Services Nearby",TRAVEL_AND_LOCAL,4.3,397422,Varies with device,"10,000,000+",Free,0,Teen,Travel & Local,"August 3, 2018",Varies with device,Varies with device
EF Academy,HEALTH_AND_FITNESS,5.0,4,15M,50+,Free,0,Everyone,Health & Fitness,"March 23, 2018",7.7.3,4.1 and up
LED Flashlight,TOOLS,4.4,207706,4.3M,"10,000,000+",Free,0,Everyone,Tools,"July 10, 2017",2.4,3.0 and up
Learn SAP BW on HANA,BOOKS_AND_REFERENCE,,0,13M,500+,Free,0,Everyone,Books & Reference,"February 13, 2018",1.1,4.0 and up
Fr Ignacio Outreach,FAMILY,4.9,52,19M,"1,000+",Free,0,Everyone,Education,"January 19, 2018",1.0,4.4 and up
Best Buy,SHOPPING,4.4,186116,34M,"5,000,000+",Free,0,Everyone,Shopping,"August 3, 2018",11.6.0,4.4 and up
"Any.do: To-do list, Calendar, Reminders & Planner",PRODUCTIVITY,4.5,298843,Varies with device,"10,000,000+",Free,0,Everyone,Productivity,"August 5, 2018",Varies with device,Varies with device
"VideoShow-Video Editor, Video Maker, Beauty Camera",VIDEO_PLAYERS,4.6,4016834,Varies with device,"100,000,000+",Free,0,Everyone,Video Players & Editors,"July 23, 2018",Varies with device,Varies with device
DW Amharic by AudioNow Digital,NEWS_AND_MAGAZINES,4.5,322,31M,"10,000+",Free,0,Everyone,News & Magazines,"June 26, 2018",4.0.9,4.1 and up
English Persian Dictionary,BOOKS_AND_REFERENCE,4.5,26875,73M,"500,000+",Free,0,Everyone,Books & Reference,"August 1, 2018",6.0.8,4.0.3 and up
DN Premium Hookah Lounge,BUSINESS,,1,4.2M,50+,Free,0,Everyone,Business,"October 21, 2015",1.0,2.3 and up
BT One Voice mobile access,COMMUNICATION,4.0,32,437k,"5,000+",Free,0,Everyone,Communication,"July 30, 2015",Version 1.6,1.6 and up
Racing in Car 2,GAME,4.3,234110,38M,"50,000,000+",Free,0,Everyone,Racing,"November 22, 2016",1.0,2.3.3 and up
Penn State Health OnDemand,MEDICAL,,0,40M,50+,Free,0,Everyone,Medical,"July 24, 2018",10.4.1.018_06,4.0.3 and up
10 Best Foods for You,HEALTH_AND_FITNESS,4.0,2490,3.8M,"500,000+",Free,0,Everyone 10+,Health & Fitness,"February 17, 2017",1.9,2.3.3 and up
Garden Fever - Free!,FAMILY,3.9,13253,12M,"1,000,000+",Free,0,Everyone,Puzzle,"August 9, 2016",2.1.080,2.3 and up
BS Films,FAMILY,,1,24M,100+,Free,0,Everyone,Entertainment,"December 12, 2017",2.0.0,4.3 and up
Neon-R (Red),PERSONALIZATION,4.7,25,41M,100+,Paid,$0.99,Everyone,Personalization,"March 12, 2015",1.0,4.0.3 and up
Homeopathic Medicine Finder,MEDICAL,3.6,10,15M,"1,000+",Free,0,Everyone,Medical,"November 20, 2017",0.0.1,4.0 and up
Weapons simulator AK-47,FAMILY,4.1,21,26M,"5,000+",Free,0,Everyone,Simulation,"May 15, 2017",1,4.1 and up
DV-4036 by Somikon,PHOTOGRAPHY,,17,44M,"1,000+",Free,0,Everyone,Photography,"January 19, 2017",0.0.5,4.3 and up
Zapzapmath: K-6 Math Games,FAMILY,4.3,1065,61M,"100,000+",Free,0,Everyone,Educational;Education,"May 13, 2018",4.1.10,4.1 and up
My Calendar - Period Tracker,MEDICAL,4.7,156410,14M,"5,000,000+",Free,0,Everyone,Medical,"August 3, 2018",5.9.6,4.1 and up
MI-BP,HEALTH_AND_FITNESS,5.0,1,12M,50+,Free,0,Everyone,Health & Fitness,"April 9, 2018",1.0.8.506,5.0 and up
Picai - Smart AI Camera,PHOTOGRAPHY,4.0,529,Varies with device,"100,000+",Free,0,Everyone,Photography,"July 17, 2018",1.2.3,6.0 and up
AG Subway Simulator Pro,FAMILY,,0,Varies with device,"1,000+",Free,0,Everyone,Simulation,"July 27, 2018",Varies with device,Varies with device
Apartments.com Rental Search,HOUSE_AND_HOME,4.3,22584,16M,"1,000,000+",Free,0,Everyone,House & Home,"July 16, 2018",4.7.13,4.4 and up
AP European History: Practice Tests and Flashcards,FAMILY,4.7,7,5.4M,"1,000+",Free,0,Everyone,Education,"July 3, 2018",1.6.7.1,4.1 and up
Sketch 'n' go,VIDEO_PLAYERS,3.8,3965,6.4M,"100,000+",Free,0,Everyone,Video Players & Editors,"March 26, 2018",2.2.9,4.1 and up
HDWallpaper DK,PERSONALIZATION,,0,6.6M,10+,Free,0,Teen,Personalization,"October 5, 2017",1.0,4.0 and up
bigbasket - online grocery,SHOPPING,4.3,216741,Varies with device,"5,000,000+",Free,0,Everyone,Shopping,"August 6, 2018",4.6.0,4.1 and up
DC Comics,COMICS,4.2,25671,Varies with device,"1,000,000+",Free,0,Teen,Comics,"June 5, 2018",Varies with device,Varies with device
QuickBooks Self-Employed:Mileage Tracker and Taxes,FINANCE,4.4,15141,25M,"1,000,000+",Free,0,Everyone,Finance,"July 24, 2018",4.63,5.0 and up
PTA Content Master,MEDICAL,4.2,64,41M,"1,000+",Paid,$29.99,Everyone,Medical,"December 22, 2015",2.1,2.2 and up
Bo Aung Din,EVENTS,4.1,110,2.6M,"5,000+",Free,0,Teen,Events,"June 5, 2018",Version 1.3.1,4.0.3 and up
Sun & Moon AR Locator,WEATHER,3.3,115,5.1M,"10,000+",Free,0,Everyone,Weather,"February 23, 2017",1.4,4.1 and up
Downvids Helper - One touch DW,VIDEO_PLAYERS,3.5,197,9.8M,"10,000+",Free,0,Everyone,Video Players & Editors,"February 5, 2017",1.0,4.0.3 and up
DK Online,FAMILY,,21,3.5M,100+,Free,0,Everyone,Entertainment,"May 18, 2018",8.2,4.0.3 and up
EO.TRADE - Coin sale,FINANCE,4.3,95,1.5M,"10,000+",Free,0,Everyone,Finance,"June 5, 2018",0.3,4.0.3 and up
Wallpapers FN SCAR H,PERSONALIZATION,5.0,4,9.2M,100+,Free,0,Teen,Personalization,"April 12, 2018",1.0,4.1 and up
Five Nights at Pizzeria,GAME,3.5,1976,21M,"100,000+",Free,0,Teen,Action,"March 3, 2018",1.6,4.1 and up
Free antivirus and VPN,TOOLS,4.3,27749,16M,"1,000,000+",Free,0,Everyone,Tools,"July 19, 2018",3.3.6,4.0.3 and up
Nasihat - Chalo ae Pyaara,FAMILY,4.7,557,6.7M,"10,000+",Free,0,Everyone,Education,"October 9, 2015",1.0,2.1 and up
ClassDojo,FAMILY,4.4,148536,59M,"10,000,000+",Free,0,Everyone,Education;Education,"August 3, 2018",4.21.1,4.1 and up
CI View,BUSINESS,,2,9.9M,100+,Free,0,Everyone,Business,"April 19, 2017",2.9,4.1 and up
Brain Waves - Binaural Beats,HEALTH_AND_FITNESS,4.4,5038,10M,"500,000+",Free,0,Everyone,Health & Fitness,"July 15, 2018",5.2,4.4 and up
Nextdoor - Local neighborhood news & classifieds,SOCIAL,4.3,51504,20M,"5,000,000+",Free,0,Teen,Social,"July 25, 2018",2.69,5.0 and up
Travis CU,FINANCE,2.0,207,2.9M,"10,000+",Free,0,Everyone,Finance,"February 16, 2018",1.0.0.9,4.4 and up
Super ABC! Learning games for kids! Preschool apps,FAMILY,4.6,20267,46M,"1,000,000+",Free,0,Everyone,Educational;Education,"July 16, 2018",1.1.6.7,4.1 and up
DS video,VIDEO_PLAYERS,3.8,12443,Varies with device,"1,000,000+",Free,0,Everyone,Video Players & Editors,"August 6, 2018",Varies with device,Varies with device
BX Thailand - Crypto Tracking & Analyse Bitcoin,FINANCE,,2,34M,100+,Free,0,Everyone,Finance,"March 10, 2018",1.7,4.0.3 and up
Little Teddy Bear Colouring Book Game,ART_AND_DESIGN,4.2,85,8.0M,"100,000+",Free,0,Everyone,Art & Design,"December 17, 2017",2.0.0,4.1 and up
Alfa-Bank (Alfa-Bank),FINANCE,4.0,44545,Varies with device,"1,000,000+",Free,0,Everyone,Finance,"July 31, 2018",Varies with device,Varies with device
Guess the Class 🔥 AQW,GAME,4.7,57,12M,"1,000+",Free,0,Everyone,Word,"November 1, 2017",1.0.0,4.1 and up
Toca Kitchen 2,FAMILY,4.5,1014846,56M,"50,000,000+",Free,0,Everyone,Educational;Pretend Play,"June 29, 2017",1.2.3-play,4.1 and up
FC Zenit official Android app,SPORTS,4.5,5675,49M,"100,000+",Free,0,Everyone,Sports,"April 18, 2018",3.0.10,4.1 and up
SUBWAY®,FOOD_AND_DRINK,3.8,21381,41M,"1,000,000+",Free,0,Everyone,Food & Drink,"July 24, 2018",7.9.0.0,4.4 and up
KeePass DX,TOOLS,,0,Varies with device,"5,000+",Free,0,Everyone,Tools,"August 2, 2018",Varies with device,Varies with device
Tour BD (Bahir Dar Map),MAPS_AND_NAVIGATION,4.9,49,3.9M,100+,Free,0,Everyone,Maps & Navigation,"October 16, 2017",2.0,4.2 and up
Shadow Fight 2 Special Edition,GAME,4.5,10440,86M,"50,000+",Paid,$4.99,Teen,Action,"May 30, 2018",1.0.3,4.1 and up
PIP Selfie Camera Photo Editor,PHOTOGRAPHY,4.4,156322,Varies with device,"10,000,000+",Free,0,Everyone,Photography,"February 1, 2018",Varies with device,Varies with device
RT 516 VET,MEDICAL,,0,29M,10+,Free,0,Everyone,Medical,"July 13, 2018",300000.1.11,4.0.3 and up
Microsoft News,NEWS_AND_MAGAZINES,4.2,31504,31M,"1,000,000+",Free,0,Everyone 10+,News & Magazines,"July 30, 2018",18.201.01,5.0 and up
Add Text To Photo,PHOTOGRAPHY,4.1,21578,1.6M,"1,000,000+",Free,0,Everyone,Photography,"September 8, 2017",1.1.3,2.3 and up
Gboard - the Google Keyboard,TOOLS,4.2,1855262,Varies with device,"500,000,000+",Free,0,Everyone,Tools,"July 31, 2018",Varies with device,Varies with device
BH Açaí,FOOD_AND_DRINK,,3,4.7M,100+,Free,0,Everyone,Food & Drink,"May 29, 2018",7.0 RELEASE,4.0.3 and up
Tophatter - 90 Second Auctions,SHOPPING,4.3,105773,Varies with device,"10,000,000+",Free,0,Everyone,Shopping,"August 5, 2018",Varies with device,4.4 and up
Shortcuts for After Effects,FAMILY,3.7,464,1.9M,"50,000+",Free,0,Everyone,Education,"August 9, 2014",1.0,2.3 and up
Camera FV-5,PHOTOGRAPHY,3.8,16320,Varies with device,"100,000+",Paid,$3.95,Everyone,Photography,"November 10, 2017",Varies with device,Varies with device
Compass,MAPS_AND_NAVIGATION,4.3,286454,3.7M,"10,000,000+",Free,0,Everyone,Maps & Navigation,"August 9, 2016",2.1.2,2.3 and up
"Youboox - Livres, BD et magazines",BOOKS_AND_REFERENCE,3.7,4071,Varies with device,"500,000+",Free,0,Teen,Books & Reference,"April 3, 2018",Varies with device,Varies with device
Simple x3DS Emulator - BETA,GAME,,0,Varies with device,"50,000+",Free,0,Everyone,Arcade,"June 13, 2018",Varies with device,Varies with device
Hungry Shark Evolution,GAME,4.5,6074334,100M,"100,000,000+",Free,0,Teen,Arcade,"July 25, 2018",6.0.0,4.1 and up
AZ Mobile Gizmo,BUSINESS,4.4,16,3.7M,"1,000+",Free,0,Everyone,Business,"April 2, 2018",3.4.4,4.2 and up
Kids Mode,EDUCATION,3.8,2469,11M,"500,000+",Free,0,Everyone,Education,"March 23, 2018",Varies with device,Varies with device
NBC Sports Gold,SPORTS,2.9,3017,24M,"100,000+",Free,0,Everyone,Sports,"July 2, 2018",3.7,4.1 and up
Nick,ENTERTAINMENT,4.2,123279,25M,"10,000,000+",Free,0,Everyone 10+,Entertainment;Music & Video,"January 24, 2018",2.0.8,4.4 and up
T-Mobile Tuesdays,LIFESTYLE,4.0,53144,21M,"5,000,000+",Free,0,Everyone,Lifestyle,"July 13, 2018",4.8.0,5.0 and up
CT Scan Cross Sectional Anatomy,MEDICAL,4.3,10,46M,100+,Free,0,Everyone,Medical,"July 19, 2018",5.0.16,4.1 and up
The House of Da Vinci,FAMILY,4.8,12400,Varies with device,"100,000+",Paid,$4.99,Everyone,Puzzle,"June 14, 2018",1.0.4,4.1 and up
Truck Transport Raw Material,FAMILY,4.2,632,50M,"100,000+",Free,0,Everyone,Simulation,"July 20, 2018",1.4,4.1 and up
LOVOO,SOCIAL,4.0,852455,68M,"10,000,000+",Free,0,Mature 17+,Social,"August 3, 2018",27.0,4.2 and up
mobileRx Pharmacy,MEDICAL,2.5,124,43M,"10,000+",Free,0,Everyone,Medical,"January 13, 2017",3.0.2,3.0 and up
Pin-fo,FAMILY,4.6,19,1.6M,500+,Free,0,Everyone,Entertainment,"August 15, 2016",3rd Release Aug 2016,2.2 and up
LocaToWeb - Live GPS tracking,SPORTS,4.6,200,3.0M,"1,000+",Paid,$2.49,Everyone,Sports,"August 2, 2018",3.9.1,5.0 and up
"AG Contacts, Lite edition",COMMUNICATION,4.5,185,3.7M,"5,000+",Free,0,Everyone,Communication,"May 18, 2018",8.05.18.14250,4.0.3 and up
Leghe Fantagazzetta,SPORTS,4.1,79464,27M,"1,000,000+",Free,0,Everyone,Sports,"August 6, 2018",5.0.8,4.4 and up
BG LINKED (BGLINKED),SOCIAL,4.7,22,11M,"1,000+",Free,0,Everyone,Social,"January 19, 2018",v2.0.02_prod,4.1 and up
No.Draw - Colors by Number 2018,ENTERTAINMENT,4.5,235496,13M,"10,000,000+",Free,0,Everyone,Entertainment;Brain Games,"July 29, 2018",1.2.0,4.1 and up
Text Free: WiFi Calling App,SOCIAL,4.2,83488,Varies with device,"5,000,000+",Free,0,Everyone,Social,"July 24, 2018",Varies with device,Varies with device
Breweries (CZ/SK),LIFESTYLE,4.4,1740,4.4M,"50,000+",Free,0,Teen,Lifestyle,"July 27, 2017",3.1.0,4.1 and up
Garena Free Fire,GAME,4.5,5476569,53M,"100,000,000+",Free,0,Teen,Action,"August 3, 2018",1.21.0,4.0.3 and up
Avokiddo Emotions,FAMILY,4.6,73,12M,"1,000+",Paid,$2.99,Everyone,Education;Pretend Play,"May 21, 2018",1.7.0,4.0.3 and up
English Bite,FAMILY,3.5,268,9.8M,"10,000+",Free,0,Everyone,Education,"January 25, 2016",1.3.0,4.0 and up
Classical music for baby,PARENTING,4.8,1940,38M,"100,000+",Free,0,Everyone,Parenting;Music & Video,"July 18, 2018",1.04,4.2 and up
Bridge-C - Get More Storage,TOOLS,2.0,24,35M,"1,000+",Free,0,Everyone,Tools,"December 29, 2017",1.7,6.0 and up
BT App,NEWS_AND_MAGAZINES,,24,14M,"1,000+",Free,0,Everyone,News & Magazines,"July 19, 2018",1.0.124,4.2 and up
I am Rich Person,LIFESTYLE,4.2,134,1.8M,"1,000+",Paid,$37.99,Everyone,Lifestyle,"July 18, 2017",1.0,4.0.3 and up
Ag Valley Cooperative,BUSINESS,5.0,6,74M,500+,Free,0,Everyone,Business,"June 26, 2017",2.3,4.0 and up
myAT&T,PRODUCTIVITY,3.7,80816,Varies with device,"50,000,000+",Free,0,Everyone,Productivity,"July 18, 2018",Varies with device,5.0 and up
White Classic Petite Watch Theme for DW,LIFESTYLE,,2,3.0M,500+,Free,0,Everyone,Lifestyle,"July 24, 2018",1.1.1,4.0 and up
Eb & flow Yoga Studio,HEALTH_AND_FITNESS,,0,7.3M,10+,Free,0,Everyone,Health & Fitness,"July 9, 2018",4.2.2,4.1 and up
Learn To Draw Glow Flower,FAMILY,4.4,7320,10M,"1,000,000+",Free,0,Everyone,Entertainment;Education,"July 7, 2017",1.0.1,4.0.3 and up
Darkness Rises,FAMILY,4.7,456474,86M,"5,000,000+",Free,0,Teen,Role Playing,"July 24, 2018",1.2.0,4.4 and up
Babbel – Learn Languages,FAMILY,4.3,267787,21M,"10,000,000+",Free,0,Everyone,Education,"July 30, 2018",20.7.2,4.4 and up
"Chat Rooms, Avatars, Date - Galaxy",DATING,4.3,135418,Varies with device,"10,000,000+",Free,0,Mature 17+,Dating,"July 7, 2018",Varies with device,Varies with device
F & M Mobile Banking,FINANCE,4.0,43,13M,"5,000+",Free,0,Everyone,Finance,"February 20, 2018",4.5.0,4.0 and up
Apps Ads Detector,TOOLS,3.5,315,8.3M,"100,000+",Free,0,Everyone,Tools,"February 19, 2018",25,4.0.3 and up
Tenh Ey,SHOPPING,,0,4.5M,10+,Free,0,Everyone,Shopping,"March 31, 2017",1.0.1,4.4 and up
Live Golf Scores - US & European Golf,SPORTS,4.2,798,4.7M,"50,000+",Free,0,Everyone 10+,Sports,"August 1, 2018",3.5,4.0 and up
Flashlight Ultimate,TOOLS,4.6,16936,5.0M,"1,000,000+",Free,0,Everyone,Tools,"January 25, 2018",2.94,4.0 and up
"Any.do: To-do list, Calendar, Reminders & Planner",PRODUCTIVITY,4.5,298854,Varies with device,"10,000,000+",Free,0,Everyone,Productivity,"August 5, 2018",Varies with device,Varies with device
EC - Encumbrance Search - telangana state,BUSINESS,3.4,45,5.5M,"10,000+",Free,0,Everyone,Business,"June 18, 2017",1.0,2.3 and up
Axe Throw: Flip Champ Axes Champion Throwing Games,GAME,,1,13M,50+,Free,0,Everyone,Arcade,"May 31, 2018",1.0.0,4.0 and up
PROFESSOR SEE-BA LINGUAGENS E SUAS TECNOLOGIAS,PRODUCTIVITY,,0,3.7M,10+,Paid,$2.99,Everyone,Productivity,"December 1, 2017",1.0,4.0 and up
payermonstationnement.fr,MAPS_AND_NAVIGATION,,38,9.8M,"5,000+",Free,0,Everyone,Maps & Navigation,"June 13, 2018",2.0.148.0,4.0 and up
"Mint: Budget, Bills, Finance",FINANCE,4.3,129304,Varies with device,"5,000,000+",Free,0,Everyone,Finance,"August 2, 2018",Varies with device,Varies with device
"Priceline Hotel Deals, Rental Cars & Flights",TRAVEL_AND_LOCAL,4.4,48930,15M,"5,000,000+",Free,0,Everyone,Travel & Local,"July 26, 2018",4.38.176,4.4 and up
Karta GPS - Offline Navigation,MAPS_AND_NAVIGATION,4.5,53562,60M,"1,000,000+",Free,0,Everyone,Maps & Navigation,"May 4, 2018",2.10.06,5.0 and up
Netflix,ENTERTAINMENT,4.4,5456708,Varies with device,"100,000,000+",Free,0,Teen,Entertainment,"July 31, 2018",Varies with device,Varies with device
BeautyPlus - Easy Photo Editor & Selfie Camera,PHOTOGRAPHY,4.4,3157936,53M,"100,000,000+",Free,0,Everyone,Photography,"July 31, 2018",6.9.031,4.1 and up
"Bleacher Report: sports news, scores, & highlights",SPORTS,4.4,122283,Varies with device,"5,000,000+",Free,0,Everyone 10+,Sports,"July 20, 2018",Varies with device,Varies with device
Listen and learn English in seven days,EDUCATION,4.3,1516,3.9M,"100,000+",Free,0,Everyone,Education,"July 28, 2018",3.1,4.1 and up
News24,NEWS_AND_MAGAZINES,4.1,30693,Varies with device,"1,000,000+",Free,0,Everyone 10+,News & Magazines,"August 1, 2018",Varies with device,Varies with device
AK Phone,COMMUNICATION,4.4,9,4.2M,"5,000+",Free,0,Everyone,Communication,"May 29, 2017",3.8.8,2.2 and up
Neuvaines et prières au Coeur Sacré de Jésus,LIFESTYLE,,17,3.7M,"5,000+",Free,0,Everyone,Lifestyle,"September 5, 2017",1.1,4.0 and up
BxPort - Bitcoin Bx (Thailand),FINANCE,5.0,4,4.1M,50+,Free,0,Everyone,Finance,"July 14, 2018",1.0.4,4.2 and up
OBJECTIFINFOS.CD,NEWS_AND_MAGAZINES,,2,4.2M,50+,Free,0,Everyone,News & Magazines,"May 23, 2018",1.1,4.1 and up
"News-Journal-Daytona Beach, FL",NEWS_AND_MAGAZINES,4.5,76,7.8M,"5,000+",Free,0,Everyone,News & Magazines,"July 3, 2018",5.0,4.4 and up
EG Groups,EVENTS,,0,1.1M,10+,Free,0,Everyone,Events,"October 15, 2017",1.0.0,4.0 and up
Shred! Downhill Mountainbiking,GAME,3.9,41683,63M,"1,000,000+",Free,0,Everyone,Arcade,"February 2, 2017",1.67,2.3 and up
FD Fitness,HEALTH_AND_FITNESS,,3,21M,50+,Free,0,Everyone,Health & Fitness,"July 4, 2018",6.3.1,4.0.3 and up
Block Gun 3D: Call of Destiny,GAME,3.7,31883,20M,"1,000,000+",Free,0,Teen,Action,"March 23, 2017",1.4.3,2.3 and up
Miami crime simulator,GAME,4.0,254518,100M,"10,000,000+",Free,0,Mature 17+,Action,"July 9, 2018",2.0,4.0 and up
OkCupid Dating,DATING,4.1,285726,15M,"10,000,000+",Free,0,Mature 17+,Dating,"July 30, 2018",11.10.1,4.1 and up
Miller's Bar B-Q,FOOD_AND_DRINK,,0,12M,50+,Free,0,Everyone,Food & Drink,"November 30, 2016",2.6.003,4.0 and up
Resume Builder / CV Maker & Templates,BUSINESS,4.4,25,7.9M,"5,000+",Free,0,Everyone,Business,"January 19, 2018",1.0.3,4.0.3 and up
📏 Smart Ruler ↔️ cm/inch measuring for homework!,TOOLS,4.0,19,3.2M,"10,000+",Free,0,Everyone,Tools,"October 21, 2017",1.0,4.2 and up
BG Monitor Diabetes,MEDICAL,4.4,643,2.8M,"10,000+",Free,0,Everyone,Medical,"April 23, 2017",8.0.1,4.4 and up
Fart sound pranks,FAMILY,3.8,283823,Varies with device,"50,000,000+",Free,0,Everyone 10+,Casual,"November 23, 2016",Varies with device,Varies with device
La Fe de Jesús,BOOKS_AND_REFERENCE,,10,2.9M,500+,Free,0,Everyone,Books & Reference,"August 23, 2017",1,4.0.3 and up
V for Vampire - Free,FAMILY,4.3,2772,35M,"500,000+",Free,0,Teen,Puzzle,"September 20, 2014",1.0.1,2.1 and up
2018Emoji Keyboard 😂 Emoticons Lite -sticker&gif,PERSONALIZATION,4.2,115773,Varies with device,"10,000,000+",Free,0,Everyone,Personalization,"May 22, 2018",Varies with device,4.1 and up
Beautiful Widgets Free,PERSONALIZATION,3.9,25035,14M,"1,000,000+",Free,0,Everyone,Personalization,"October 20, 2016",5.7.6,2.3 and up
FRONTLINE COMMANDO,GAME,4.4,1351833,12M,"10,000,000+",Free,0,Teen,Action,"October 28, 2013",3.0.3,2.1 and up
Rock n Roll Music Quiz Game,GAME,3.7,80,7.6M,"10,000+",Free,0,Everyone,Trivia,"June 6, 2018",5.0,4.1 and up
Fresh EBT - Food Stamp Balance,FINANCE,4.5,19870,7.4M,"1,000,000+",Free,0,Everyone,Finance,"July 24, 2018",2.9.5,4.0.3 and up
trivago: Hotels & Travel,TRAVEL_AND_LOCAL,4.2,219848,Varies with device,"50,000,000+",Free,0,Everyone,Travel & Local,"August 2, 2018",Varies with device,Varies with device
DS-L4 Viewer,PHOTOGRAPHY,3.5,13,7.9M,"1,000+",Free,0,Everyone,Photography,"January 29, 2018",1.2.0.9,5.0 and up
Solo Locker (DIY Locker),TOOLS,4.5,474439,7.9M,"10,000,000+",Free,0,Everyone,Tools,"June 26, 2018",6.1.7.5,4.2 and up
Weather From DMI/YR,WEATHER,4.3,2143,Varies with device,"100,000+",Free,0,Everyone,Weather,"July 31, 2018",Varies with device,Varies with device
Ruler,HOUSE_AND_HOME,4.7,126,1.9M,"10,000+",Free,0,Everyone,House & Home,"August 21, 2017",1.0,4.0 and up
My Dy Dice - 3D Dice Roller,LIFESTYLE,4.2,9,22M,100+,Free,0,Everyone,Lifestyle,"September 20, 2016",1.01,4.1 and up
Emerge EV App (eBike App),LIFESTYLE,3.0,26,Varies with device,"1,000+",Free,0,Everyone,Lifestyle,"May 15, 2018",Varies with device,6.0 and up
Verify - Receipts & Expenses,BUSINESS,4.5,413,29M,"10,000+",Free,0,Everyone,Business,"July 25, 2018",2.0.19,5.0 and up
Renesas PMA,MEDICAL,,0,6.6M,5+,Free,0,Everyone,Medical,"July 18, 2018",1.2.9,4.4 and up
CX-40,FAMILY,3.0,2,33M,100+,Free,0,Everyone,Entertainment,"December 14, 2017",3.0,4.0 and up
Genius Scan - PDF Scanner,BUSINESS,4.4,42492,Varies with device,"1,000,000+",Free,0,Everyone,Business,"July 11, 2018",Varies with device,Varies with device
Kariyer.net,BUSINESS,3.9,45964,16M,"1,000,000+",Free,0,Everyone,Business,"July 18, 2018",5.1.5,4.1 and up
AU Mobile Indonesia,GAME,3.6,16521,23M,"1,000,000+",Free,0,Everyone,Music,"May 9, 2018",1.8.0502,2.3 and up
8 Ball Pool,GAME,4.5,14198602,52M,"100,000,000+",Free,0,Everyone,Sports,"July 31, 2018",4.0.0,4.0.3 and up
We're Working Out - Al Kavadlo,HEALTH_AND_FITNESS,4.3,979,Varies with device,"50,000+",Free,0,Everyone,Health & Fitness,"December 24, 2017",Varies with device,Varies with device
Five Nights at Freddy's 4 Demo,GAME,4.4,889425,45M,"10,000,000+",Free,0,Teen,Action,"July 26, 2015",1.1,2.3 and up
Ah !,FAMILY,,3,22M,50+,Free,0,Everyone,Entertainment,"December 27, 2017",1.1.2,5.0 and up
EliteSingles – Dating for Single Professionals,DATING,2.5,5377,19M,"500,000+",Free,0,Mature 17+,Dating,"July 31, 2018",4.8.5,4.0.3 and up
Antivirus & Mobile Security,TOOLS,4.6,351267,5.0M,"10,000,000+",Free,0,Everyone,Tools,"February 9, 2018",3.1.0,4.0 and up
Transenger – Ts Dating and Chat for Free,DATING,3.6,8,14M,"1,000+",Free,0,Mature 17+,Dating,"July 29, 2018",1.4.0,4.4 and up
Free Florida DMV Test 2018,FAMILY,4.1,665,5.3M,"50,000+",Free,0,Everyone,Education,"May 24, 2018",8.1,4.0.3 and up
DZ Mobile Market,SHOPPING,,59,6.0M,"10,000+",Free,0,Everyone,Shopping,"February 1, 2018",1.0.3-DzMobile,4.0.3 and up
DL Image Manager,PRODUCTIVITY,5.0,2,1.7M,10+,Paid,$0.99,Everyone,Productivity,"July 29, 2018",1.0.5,4.0 and up
Amazing Fart Sounds,FAMILY,4.0,28136,Varies with device,"5,000,000+",Free,0,Everyone,Casual,"August 24, 2017",Varies with device,Varies with device
Wish - Shopping Made Fun,SHOPPING,4.5,6200739,15M,"100,000,000+",Free,0,Everyone,Shopping,"August 3, 2018",4.20.5,4.1 and up
My College Bookstore,SHOPPING,3.2,661,7.6M,"100,000+",Free,0,Everyone,Shopping,"March 19, 2018",3.0.2,4.1 and up
EF Parеnts,FAMILY,4.1,435,17M,"50,000+",Free,0,Everyone,Education,"June 21, 2018",3.1.0,4.1 and up
Crazy Bike attack Racing New: motorcycle racing,GAME,4.2,20364,45M,"5,000,000+",Free,0,Everyone,Racing,"July 12, 2018",1.2.1,4.1 and up
Garena Free Fire,GAME,4.5,5465624,53M,"100,000,000+",Free,0,Teen,Action,"August 3, 2018",1.21.0,4.0.3 and up
Train Racing Games 3D 2 Player,GAME,4.3,192374,56M,"10,000,000+",Free,0,Everyone,Racing,"January 9, 2018",Varies with device,5.0 and up
PlayTexas Hold'em Poker Free,GAME,3.8,3543,Varies with device,"1,000,000+",Free,0,Teen,Card,"March 10, 2018",Varies with device,Varies with device
Ninja Dash - Ronin Jump RPG,FAMILY,4.7,8508,54M,"500,000+",Free,0,Everyone 10+,Arcade;Action & Adventure,"August 2, 2018",1.1.23,4.0.3 and up
Blitzer.de,MAPS_AND_NAVIGATION,4.5,65590,18M,"5,000,000+",Free,0,Everyone,Maps & Navigation,"July 9, 2018",3.1.0,4.0 and up
FE IP,TOOLS,,3,12M,"1,000+",Free,0,Everyone,Tools,"October 27, 2017",1.51,3.0 and up
DisneyNOW – TV Shows & Games,FAMILY,4.3,82499,Varies with device,"5,000,000+",Free,0,Everyone,Entertainment;Music & Video,"July 5, 2018",Varies with device,4.4 and up
Financial Calculator Pro EF,FINANCE,4.3,634,2.0M,"50,000+",Free,0,Everyone,Finance,"October 4, 2013",2.1.0.9,2.1 and up
Video Editor,FAMILY,4.1,159619,23M,"5,000,000+",Free,0,Everyone,Video Players & Editors;Creativity,"July 17, 2018",6.14.091,4.3 and up
Viber Messenger,COMMUNICATION,4.3,11335481,Varies with device,"500,000,000+",Free,0,Everyone,Communication,"July 18, 2018",Varies with device,Varies with device
Grand Theft Auto: San Andreas,GAME,4.4,348962,26M,"1,000,000+",Paid,$6.99,Mature 17+,Action,"March 21, 2015",1.08,3.0 and up
DS-Students,FAMILY,4.8,5,8.4M,100+,Free,0,Everyone,Education,"July 3, 2018",2.0,4.1 and up
Flashlight - Torch LED Light,TOOLS,4.4,192661,8.5M,"10,000,000+",Free,0,Everyone,Tools,"July 7, 2018",2.4.1,4.1 and up
"Speed Booster - Ram, Battery & Game Speed Booster",TOOLS,4.7,85079,2.8M,"1,000,000+",Free,0,Everyone,Tools,"July 17, 2018",1.0.4,2.3 and up
All Football - Latest News & Videos,SPORTS,4.6,152867,17M,"10,000,000+",Free,0,Everyone,Sports,"August 3, 2018",3.0.5,4.1 and up
Free Wi-fi HotspoT,COMMUNICATION,4.1,382,2.3M,"50,000+",Free,0,Everyone,Communication,"July 20, 2018",2.5,4.0 and up
RadRevision: Anatomy on CT,MEDICAL,3.8,568,42M,"50,000+",Free,0,Everyone,Medical,"January 22, 2014",1.2,4.0 and up
Alumni BJ,SOCIAL,,2,5.4M,100+,Free,0,Everyone,Social,"November 8, 2017",1.0,4.1 and up
K-Chiing VPN (Free),TOOLS,3.7,43,10M,"5,000+",Free,0,Mature 17+,Tools,"July 24, 2018",2.1.2,4.1 and up
Sanu Ek Pal Chain - Raid,TOOLS,,1,2.6M,500+,Free,0,Everyone,Tools,"May 12, 2018",2.0,4.4W and up
Roman Clock AW-7,TOOLS,4.4,52,3.0M,"5,000+",Free,0,Everyone,Tools,"March 17, 2018",2.0,4.3 and up
Banking Calculator,FINANCE,4.5,3704,4.6M,"100,000+",Free,0,Everyone,Finance,"March 20, 2018",34,2.3 and up
Bus Rush: Subway Edition,GAME,4.1,753043,57M,"100,000,000+",Free,0,Teen,Action,"August 1, 2018",1.15.2,4.0.3 and up
The List,NEWS_AND_MAGAZINES,3.5,66,12M,"10,000+",Free,0,Everyone,News & Magazines,"June 1, 2017",6.11,4.1 and up
Dude Perfect 2,GAME,4.5,401648,70M,"10,000,000+",Free,0,Everyone,Action,"April 12, 2017",1.6.1,4.0.3 and up
Hello Kitty Lunchbox,FAMILY,4.2,51838,15M,"5,000,000+",Free,0,Everyone,Casual;Creativity,"November 21, 2017",1.6,4.1 and up
MX Player,VIDEO_PLAYERS,4.5,6474426,Varies with device,"500,000,000+",Free,0,Everyone,Video Players & Editors,"August 6, 2018",Varies with device,Varies with device
DC Metro,MAPS_AND_NAVIGATION,3.4,59,1.3M,"10,000+",Free,0,Everyone,Maps & Navigation,"January 26, 2015",1.0,1.5 and up
Rolling Sky,GAME,4.5,1117212,50M,"50,000,000+",Free,0,Everyone,Board,"August 3, 2018",Varies with device,4.0.3 and up
B612 - Beauty & Filter Camera,PHOTOGRAPHY,4.4,5282578,Varies with device,"100,000,000+",Free,0,Everyone,Photography,"July 30, 2018",7.6.5,4.3 and up
"The FN ""Baby"" pistol explained",BOOKS_AND_REFERENCE,,1,8.8M,10+,Paid,$5.99,Everyone,Books & Reference,"September 6, 2015",Android 3.0 - 2015,1.6 and up
Anthem Anywhere,MEDICAL,2.7,2657,24M,"500,000+",Free,0,Everyone,Medical,"July 27, 2018",8.0.226,4.4 and up
"9GAG: Funny Gifs, Pics, Memes & Videos for IGTV",FAMILY,4.6,1450632,Varies with device,"10,000,000+",Free,0,Teen,Entertainment,"August 3, 2018",Varies with device,Varies with device
Treadmill Workouts Free (P),HEALTH_AND_FITNESS,3.3,10,3.3M,"1,000+",Free,0,Everyone,Health & Fitness,"April 5, 2018",1.8 P,4.4 and up
Galaxy Gift,LIFESTYLE,4.4,95557,16M,"10,000,000+",Free,0,Everyone,Lifestyle,"July 23, 2018",7.0.8,4.0.3 and up
Nursing Central,MEDICAL,4.3,168,5.8M,"10,000+",Free,0,Everyone,Medical,"January 29, 2018",2.7.38,4.1 and up
Tie - Always be happy,BEAUTY,4.7,964,9.0M,"50,000+",Free,0,Everyone,Beauty,"June 21, 2018",4.0,4.2 and up
BatControl Pro,TOOLS,4.9,83,3.1M,500+,Paid,$3.99,Everyone,Tools,"June 1, 2018",2.0.0,5.0 and up
CG Shikshak,FAMILY,4.4,211,6.8M,"10,000+",Free,0,Everyone,Education,"July 5, 2016",2.0,4.0.3 and up
"Hide App, Private Dating, Safe Chat - PrivacyHider",DATING,4.4,35205,7.2M,"1,000,000+",Free,0,Everyone,Dating,"May 21, 2018",2.9.6,4.0 and up
Modern Combat 5: eSports FPS,GAME,4.3,2903386,58M,"100,000,000+",Free,0,Mature 17+,Action,"July 24, 2018",3.2.1c,4.0 and up
Call of Duty®: Heroes,GAME,4.4,1604146,57M,"10,000,000+",Free,0,Teen,Action,"June 27, 2018",4.8.0,4.1 and up
Axe Spinner,FAMILY,3.0,2,Varies with device,10+,Free,0,Everyone,Casual,"January 4, 2018",1.0.0,4.1 and up
DS Companion,HEALTH_AND_FITNESS,,0,4.6M,50+,Free,0,Everyone,Health & Fitness,"November 3, 2017",1.7,4.4 and up
Train driving simulator,FAMILY,3.8,91645,36M,"10,000,000+",Free,0,Teen,Simulation,"May 8, 2018",1.94,4.1 and up
Skyscanner,TRAVEL_AND_LOCAL,4.5,481546,29M,"10,000,000+",Free,0,Everyone,Travel & Local,"August 6, 2018",5.48,4.4 and up
FP FCU,FINANCE,3.6,48,26M,"5,000+",Free,0,Everyone,Finance,"April 5, 2018",4.6.71,4.0.3 and up
BL Flowers Digital,SHOPPING,5.0,21,2.5M,100+,Free,0,Everyone,Shopping,"October 31, 2017",1.6,4.2 and up
Zepp Golf Swing Analyzer,SPORTS,4.4,2020,84M,"100,000+",Free,0,Everyone,Sports,"May 24, 2018",4.4.0,5.0 and up
FJ-link,TOOLS,,1,20M,10+,Free,0,Everyone,Tools,"January 3, 2018",1.1.2,4.1 and up
Current debit card and app made for teens,FINANCE,4.3,685,21M,"50,000+",Free,0,Everyone,Finance,"August 3, 2018",3.0.22,4.4 and up
Websites.co.in Instant Website,BUSINESS,4.3,327,13M,"10,000+",Free,0,Everyone,Business,"June 25, 2018",1.48,4.1 and up
Amleen Ey,SOCIAL,,0,19M,1+,Free,0,Everyone,Social,"July 24, 2017",1.0,4.1 and up
3G/4G Config Dz,TOOLS,4.2,2058,2.3M,"100,000+",Free,0,Everyone,Tools,"May 15, 2017",3.0.2,4.0 and up
Microsoft OneNote,PRODUCTIVITY,4.4,480643,Varies with device,"100,000,000+",Free,0,Everyone,Productivity,"July 22, 2018",16.0.10325.20024,4.4 and up
Fraction Calculator Plus Free,TOOLS,4.5,148506,11M,"5,000,000+",Free,0,Everyone,Tools,"July 15, 2018",Varies with device,Varies with device
Fatal Raid - No.1 Mobile FPS,GAME,4.3,56496,81M,"1,000,000+",Free,0,Teen,Action,"August 7, 2018",1.5.447,4.0 and up
Clean Master Lite - For Low-End Phone,TOOLS,4.6,2246379,5.1M,"50,000,000+",Free,0,Everyone,Tools,"June 28, 2018",2.1.4,4.0 and up
Ek Bander Ne Kholi Dukan,FAMILY,5.0,10,3.0M,"10,000+",Free,0,Everyone,Entertainment,"June 26, 2017",1.0.9,4.0 and up
DS Thermometer,WEATHER,3.7,631,3.0M,"100,000+",Free,0,Everyone,Weather,"May 30, 2015",2.20,2.3 and up
FILL EC,BUSINESS,4.1,13,3.8M,100+,Free,0,Everyone,Business,"April 23, 2018",1.0,4.0.3 and up
TV.AE,FAMILY,3.9,109,7.5M,"10,000+",Free,0,Everyone,Entertainment,"September 21, 2017",1.0.4,4.4 and up
Cardi B Piano Game,GAME,3.1,50,7.4M,"10,000+",Free,0,Everyone,Music,"November 15, 2017",2.0,4.0 and up
We Bare Bears Match3 Repairs,FAMILY,4.7,39153,98M,"1,000,000+",Free,0,Everyone,Puzzle,"July 25, 2018",1.1.7,4.1 and up
CX_WiFiUFO,SPORTS,3.7,818,5.3M,"100,000+",Free,0,Everyone,Sports,"June 8, 2016",4.4_23,4.0 and up
Fruit Boom,FAMILY,4.4,17753,16M,"1,000,000+",Free,0,Everyone,Casual;Brain Games,"May 25, 2018",2.2.3172,4.0.3 and up
Easy Realistic Drawing Tutorial,ART_AND_DESIGN,4.1,223,4.2M,"100,000+",Free,0,Everyone,Art & Design,"August 22, 2017",1.0,2.3 and up
Extreme Super Car Driving 3D,GAME,3.9,23104,48M,"1,000,000+",Free,0,Everyone,Racing,"August 5, 2015",2.2,2.3.3 and up
20 Minuten (CH),NEWS_AND_MAGAZINES,3.5,14153,Varies with device,"1,000,000+",Free,0,Everyone 10+,News & Magazines,"August 3, 2018",Varies with device,Varies with device
The Room: Old Sins,GAME,4.9,21119,48M,"100,000+",Paid,$4.99,Everyone,Puzzle,"April 18, 2018",1.0.1,4.4 and up
Princess Adventures Puzzles,FAMILY,4.4,382,44M,"500,000+",Free,0,Everyone,Education;Creativity,"August 1, 2018",1.1.0,2.3 and up
dk,FAMILY,4.8,5,1.5M,10+,Free,0,Everyone,Education,"September 18, 2017",1.0,2.3 and up
wetter.com - Weather and Radar,WEATHER,4.2,189310,38M,"10,000,000+",Free,0,Everyone,Weather,"August 6, 2018",Varies with device,Varies with device
Dating for 50 plus Mature Singles – FINALLY,DATING,4.6,13049,13M,"500,000+",Free,0,Mature 17+,Dating,"July 31, 2018",4.17.2,4.1 and up
Draw N Guess Multiplayer,GAME,3.9,29505,69M,"1,000,000+",Free,0,Everyone,Word,"April 4, 2018",3.0.11,4.0.3 and up
WPSApp,TOOLS,4.4,95080,3.1M,"10,000,000+",Free,0,Everyone,Tools,"August 3, 2018",1.6.22,4.1 and up
Ever After High™ Charmed Style,FAMILY,3.9,44062,54M,"1,000,000+",Free,0,Everyone,Casual;Pretend Play,"December 30, 2016",1.3,4.0.3 and up
ViettelPost express delivery,BUSINESS,4.4,1225,25M,"100,000+",Free,0,Everyone,Business,"August 1, 2018",1.0.6.8,4.1 and up
iBiznes24 mobile,FINANCE,,38,9.4M,"5,000+",Free,0,Everyone,Finance,"June 30, 2018",1.8.1,4.4 and up
Farm Fruit Pop: Party Time,GAME,4.4,9305,14M,"1,000,000+",Free,0,Everyone,Casual,"August 2, 2018",1.9.2,4.0.3 and up
Prom MakeUp Tutorial,BEAUTY,4.8,104,12M,"10,000+",Free,0,Everyone,Beauty,"June 26, 2018",1.3,4.0.3 and up
Trell: An app for Explorers | Best Wanderlust App,LIFESTYLE,4.6,8004,34M,"100,000+",Free,0,Teen,Lifestyle,"July 31, 2018",3.4.8,4.1 and up
"FIFA - Tournaments, Soccer News & Live Scores",SPORTS,4.2,342912,6.0M,"10,000,000+",Free,0,Everyone,Sports,"August 3, 2018",4.3.1,4.4 and up
Dr. Panda Art Class,FAMILY,4.2,1013,58M,"50,000+",Paid,$2.99,Everyone,Education;Creativity,"April 26, 2017",1.7,4.0 and up
Rider,GAME,4.5,655067,72M,"10,000,000+",Free,0,Teen,Arcade,"July 17, 2017",1.2.1,4.0.3 and up
Dr. Parker : Real car parking simulation,GAME,4.6,15829,95M,"1,000,000+",Free,0,Everyone,Racing,"July 24, 2018",1.29,4.0 and up
Calorie Counter - MyNetDiary,HEALTH_AND_FITNESS,4.5,27439,19M,"1,000,000+",Free,0,Everyone,Health & Fitness,"July 16, 2018",6.5.1,5.0 and up
AE 3D MOTOR :Racing Games Free,GAME,4.2,74902,Varies with device,"5,000,000+",Free,0,Everyone,Racing,"August 26, 2016",Varies with device,Varies with device
FoothillsVet,MEDICAL,5.0,2,29M,50+,Free,0,Everyone,Medical,"July 11, 2018",300000.1.11,4.0.3 and up
BG Metro - Red voznje,TRAVEL_AND_LOCAL,4.8,89,Varies with device,"1,000+",Free,0,Everyone,Travel & Local,"February 21, 2017",Varies with device,Varies with device
Words (188 Category),LIBRARIES_AND_DEMO,,54,5.9M,"10,000+",Free,0,Everyone,Libraries & Demo,"July 4, 2018",1.0,4.0.3 and up
"Robinhood - Investing, No Fees",FINANCE,4.6,57493,Varies with device,"1,000,000+",Free,0,Everyone,Finance,"July 31, 2018",Varies with device,Varies with device
Annonces.ci,SHOPPING,,14,5.2M,"1,000+",Free,0,Everyone,Shopping,"April 5, 2016",1.0.3,3.0 and up
C Functions,FAMILY,4.8,55,1.5M,"1,000+",Free,0,Everyone,Education,"September 26, 2015",1.0,4.0.3 and up
"乐屋网: Buying a house, selling a house, renting a house",HOUSE_AND_HOME,3.7,2248,15M,"100,000+",Free,0,Everyone,House & Home,"August 3, 2018",v3.1.1,4.0 and up
Anthem BC Anywhere,MEDICAL,2.6,496,24M,"100,000+",Free,0,Everyone,Medical,"July 27, 2018",8.0.226,4.4 and up
Soccer Manager 2018,SPORTS,4.4,63779,95M,"1,000,000+",Free,0,Everyone,Sports,"July 16, 2018",1.5.6,5.0 and up
Block Strike,GAME,4.5,947515,60M,"10,000,000+",Free,0,Teen,Action,"July 25, 2018",5.3.1,4.1 and up
AT&T DriveMode,MAPS_AND_NAVIGATION,3.3,8465,8.9M,"10,000,000+",Free,0,Everyone,Maps & Navigation,"May 3, 2018",1.0.4.3,4.1 and up
CA Speakers,LIFESTYLE,5.0,12,1.2M,100+,Paid,$0.99,Teen,Lifestyle,"March 25, 2014",1.0,3.0 and up
Bluetooth Control BT->uC FREE,TOOLS,3.8,67,2.7M,"10,000+",Free,0,Everyone,Tools,"June 6, 2016",1.9.0,3.0 and up
Dollhouse Decorating Games,LIFESTYLE,4.1,18968,32M,"5,000,000+",Free,0,Teen,Lifestyle,"April 26, 2018",5.1,4.1 and up
Phone Tracker : Family Locator,SOCIAL,4.3,231325,5.4M,"10,000,000+",Free,0,Everyone,Social,"August 2, 2018",4.81,4.0 and up
CP Surprise,LIFESTYLE,3.8,2548,4.9M,"100,000+",Free,0,Everyone,Lifestyle,"January 30, 2018",4.4.2,4.1 and up
Smartshading AI,MEDICAL,,0,10M,10+,Free,0,Everyone,Medical,"June 21, 2018",1.0,4.1 and up
BluTV,VIDEO_PLAYERS,3.9,28835,Varies with device,"1,000,000+",Free,0,Teen,Video Players & Editors,"July 26, 2018",Varies with device,Varies with device
Snes9x EX+,GAME,4.4,70351,Varies with device,"5,000,000+",Free,0,Everyone,Arcade,"March 3, 2018",Varies with device,Varies with device
CS Guns Shoot,FAMILY,3.7,433,Varies with device,"50,000+",Free,0,Teen,Entertainment,"August 1, 2013",1.5,2.2 and up
Video Downloader for FB,TOOLS,4.3,53,3.0M,"5,000+",Free,0,Everyone,Tools,"August 1, 2018",1.0.1,4.0.3 and up
DR Sebi's Alkaline List,FAMILY,4.0,68,5.5M,"5,000+",Free,0,Everyone,Education,"April 5, 2017",0.1,2.3 and up
Christian Dating For Free App,DATING,3.9,8723,13M,"500,000+",Free,0,Mature 17+,Dating,"June 20, 2018",15.8,4.1 and up
Deep Sleep Battery Saver,TOOLS,4.1,22032,3.7M,"1,000,000+",Free,0,Everyone,Tools,"August 17, 2017",5.1,4.1 and up
CricQuick,SPORTS,5.0,17,1.5M,50+,Free,0,Everyone,Sports,"December 8, 2017",1.0,4.0.3 and up
The Visitor: Ep.1 - Kitty Cat Carnage,GAME,4.4,3017,39M,"500,000+",Free,0,Mature 17+,Adventure,"January 2, 2018",1.3.7,4.3 and up
Harry Potter: Hogwarts Mystery,GAME,4.4,1107310,Varies with device,"10,000,000+",Free,0,Teen,Adventure,"August 1, 2018",1.8.2,4.4 and up
WebComics,COMICS,4.8,33783,6.4M,"1,000,000+",Free,0,Teen,Comics,"July 28, 2018",1.3.34,4.1 and up
AK-47: Simulator and Shooting,FAMILY,4.0,345,14M,"100,000+",Free,0,Everyone 10+,Simulation,"November 11, 2016",1.3.0,3.0 and up
OMD Protocols,MEDICAL,,0,Varies with device,10+,Free,0,Everyone,Medical,"July 27, 2018",1.0,Varies with device
Puffin Web Browser,COMMUNICATION,4.3,541661,Varies with device,"10,000,000+",Free,0,Everyone,Communication,"July 9, 2018",7.5.3.20547,4.1 and up
Digital Tourist BH Itinerary,TRAVEL_AND_LOCAL,4.6,19,14M,500+,Free,0,Everyone,Travel & Local,"October 13, 2015",0.9.2,2.2 and up
Text on Photo - Fonteee,ART_AND_DESIGN,4.4,13880,28M,"1,000,000+",Free,0,Everyone,Art & Design,"October 27, 2017",1.0.4,4.1 and up
Monument Valley 2,GAME,4.6,9394,33M,"100,000+",Paid,$4.99,Everyone,Puzzle,"November 30, 2017",1.2.9,4.4 and up
Poker Pro.Fr,GAME,4.2,5442,17M,"100,000+",Free,0,Teen,Card,"May 22, 2018",4.1.3,2.3 and up
EW Handbook,BUSINESS,,1,17M,100+,Free,0,Everyone,Business,"June 11, 2015",4,2.3.3 and up
Real Airplane Flight Simulator: Pilot Games,FAMILY,3.3,21735,37M,"1,000,000+",Free,0,Everyone,Simulation,"July 11, 2018",1.0.03,4.0 and up
Math Tricks,EDUCATION,4.5,342918,8.1M,"10,000,000+",Free,0,Everyone,Education,"July 29, 2018",2.24,4.0 and up
SVT Play,VIDEO_PLAYERS,3.7,11549,Varies with device,"1,000,000+",Free,0,Teen,Video Players & Editors,"July 13, 2018",Varies with device,Varies with device
Castle Clash: Epic Empire ES,FAMILY,4.6,584070,24M,"5,000,000+",Free,0,Everyone 10+,Strategy,"July 18, 2018",1.4.1,4.1 and up
English with Lingualeo,EDUCATION,4.7,254519,27M,"5,000,000+",Free,0,Everyone,Education,"July 20, 2018",2.8.1,4.1 and up
Learn English from Persian: Persian to English,EDUCATION,4.3,423,21M,"100,000+",Free,0,Everyone,Education,"April 3, 2018",6.0,4.0.3 and up
HTC Service － DLNA,VIDEO_PLAYERS,3.9,3484,3.0M,"10,000,000+",Free,0,Everyone,Video Players & Editors,"December 3, 2015",7.10.621414,5.0 and up
HON. B.J. ACS COLLEGE ALE,FAMILY,5.0,3,1.8M,100+,Free,0,Mature 17+,Education,"December 26, 2016",3.1,4.3 and up
Dexcom G6,MEDICAL,3.0,45,20M,"5,000+",Free,0,Everyone,Medical,"July 16, 2018",1.2.3.2,6.0 and up
Fuelio: Gas log & costs,AUTO_AND_VEHICLES,4.6,65786,Varies with device,"1,000,000+",Free,0,Everyone,Auto & Vehicles,"August 2, 2018",Varies with device,4.0.3 and up
B612 - Beauty & Filter Camera,PHOTOGRAPHY,4.4,5276983,Varies with device,"100,000,000+",Free,0,Everyone,Photography,"July 30, 2018",7.6.5,4.3 and up
Puppy Shooting an AK-47: Platformer Zombie Game,GAME,4.8,21,89M,"1,000+",Free,0,Everyone,Arcade,"March 30, 2018",0.46.91,4.4 and up
reality.cz,HOUSE_AND_HOME,4.1,1372,5.4M,"50,000+",Free,0,Everyone,House & Home,"February 15, 2018",2.9.0,4.1 and up
Doctor Finder CY,MEDICAL,4.9,57,6.1M,"1,000+",Free,0,Everyone,Medical,"November 11, 2015",1.7,3.0 and up
DH UFO,FAMILY,3.0,4,8.0M,"1,000+",Free,0,Everyone,Entertainment,"June 8, 2017",1,4.1 and up
Black People Meet Singles Date,DATING,3.9,10212,5.0M,"1,000,000+",Free,0,Mature 17+,Dating,"July 25, 2018",1.9.7,4.4 and up
ES File Explorer File Manager,PRODUCTIVITY,4.6,5383985,16M,"100,000,000+",Free,0,Everyone,Productivity,"August 3, 2018",4.1.8.2.2,4.0 and up
AndroZip™ FREE File Manager,PRODUCTIVITY,4.2,277794,Varies with device,"10,000,000+",Free,0,Everyone,Productivity,"December 7, 2016",Varies with device,Varies with device
Nights at Cube Pizzeria 3D – 3,FAMILY,4.0,15875,40M,"1,000,000+",Free,0,Teen,Simulation,"March 3, 2017",1.5,4.2 and up
SONIC Drive-In,FOOD_AND_DRINK,4.3,19314,43M,"1,000,000+",Free,0,Everyone,Food & Drink,"July 31, 2018",3.3.6,4.4 and up
D.W Bien Être,HEALTH_AND_FITNESS,,0,40M,10+,Free,0,Everyone,Health & Fitness,"April 6, 2016",1.0,2.3 and up
Fake Call From Wengie Prank,FAMILY,3.5,352,3.8M,"50,000+",Free,0,Everyone,Entertainment,"July 23, 2017",1.0,3.0 and up
BaBe + - Indonesian News,NEWS_AND_MAGAZINES,4.3,42624,16M,"1,000,000+",Free,0,Everyone 10+,News & Magazines,"August 1, 2018",6.6.4,4.0 and up
Fisher-Price® Smart Connect™,TOOLS,2.7,422,72M,"50,000+",Free,0,Everyone,Tools,"February 23, 2018",2.4.1,4.4 and up
Chick-fil-A,FOOD_AND_DRINK,4.3,28008,17M,"5,000,000+",Free,0,Everyone,Food & Drink,"August 3, 2018",6.0.1,5.0 and up
The Guardian,NEWS_AND_MAGAZINES,4.7,247992,22M,"5,000,000+",Free,0,Teen,News & Magazines,"July 25, 2018",6.5.1725,4.1 and up
Fruits Bomb,GAME,4.4,74695,17M,"10,000,000+",Free,0,Everyone,Casual,"July 6, 2018",3.3.3179,4.0.3 and up
YouTube,VIDEO_PLAYERS,4.3,25623548,Varies with device,"1,000,000,000+",Free,0,Teen,Video Players & Editors,"August 2, 2018",Varies with device,Varies with device
My Wild Pet: Online Animal Sim,FAMILY,4.5,26916,67M,"500,000+",Free,0,Everyone,Casual;Pretend Play,"March 17, 2017",2.7,4.0.3 and up
Larry H Miller Automotive,PRODUCTIVITY,3.1,67,8.3M,"10,000+",Free,0,Everyone,Productivity,"July 18, 2018",3.5.3,4.0.3 and up
Fast Scanner : Free PDF Scan,BUSINESS,4.5,103755,14M,"10,000,000+",Free,0,Everyone,Business,"July 11, 2018",3.9.2,4.1 and up
RetroArch,GAME,3.8,21423,84M,"1,000,000+",Free,0,Everyone,Action,"May 4, 2018",1.7.3,2.3 and up
Dr. B.R.Ambedkar,SOCIAL,4.8,1902,5.2M,"100,000+",Free,0,Everyone,Social,"June 5, 2014",1.3,2.1 and up
KPOP Amino for K-Pop Entertainment,SOCIAL,4.8,19047,63M,"100,000+",Free,0,Teen,Social,"July 13, 2018",1.8.19106,4.0.3 and up
DH-UFO,FAMILY,5.0,1,59M,100+,Free,0,Everyone,Entertainment,"May 24, 2018",1.0.9,4.4 and up
iOBD2-CF,TOOLS,3.4,5,21M,500+,Free,0,Everyone,Tools,"December 26, 2016",1.0,2.3.3 and up
Mix Tank – Tank Mixing Ag App,PRODUCTIVITY,3.6,64,15M,"10,000+",Free,0,Everyone,Productivity,"October 16, 2017",4.2,4.4 and up
Calls & Text by Mo+,COMMUNICATION,4.2,83239,14M,"5,000,000+",Free,0,Everyone,Communication,"April 19, 2018",3.0.4,4.0 and up
My Class Schedule: Timetable,EDUCATION,4.1,9348,Varies with device,"1,000,000+",Free,0,Everyone,Education,"June 1, 2016",Varies with device,Varies with device
Robots Vs Zombies: Transform To Race And Fight,FAMILY,4.5,278,Varies with device,"100,000+",Free,0,Everyone,Racing;Action & Adventure,"July 11, 2018",3.49,4.2 and up
PPCNP-BC Pocket Prep,MEDICAL,,3,12M,50+,Free,0,Everyone,Medical,"July 12, 2018",4.5.2,4.4 and up
Atlanta United FC,SPORTS,3.7,215,76M,"10,000+",Free,0,Everyone,Sports,"June 28, 2018",2.10.5-prod-release,4.4 and up
El Laberinto del Demonio 3D,FAMILY,4.0,20421,31M,"1,000,000+",Free,0,Teen,Puzzle,"August 20, 2015",1.5,2.3 and up
Extreme Racing 2 - Real driving RC cars game!,FAMILY,4.3,4207,93M,"500,000+",Free,0,Everyone,Racing;Action & Adventure,"August 31, 2017",1.1.9,4.1 and up
DC Rider,MAPS_AND_NAVIGATION,3.6,258,6.9M,"50,000+",Free,0,Everyone,Maps & Navigation,"December 24, 2017",2.1,4.0 and up
CreditWise from Capital One,FINANCE,4.6,26587,8.4M,"1,000,000+",Free,0,Everyone,Finance,"July 19, 2018",1.18.0,4.4 and up
Assassin's Creed Identity,GAME,3.7,42529,92M,"500,000+",Paid,$1.99,Teen,Action,"November 23, 2016",2.8.2,4.1 and up
Bitcoin BX Thailand PRO,FINANCE,1.7,21,21M,100+,Paid,$4.99,Everyone,Finance,"October 22, 2017",5.0,4.0.3 and up
ERres- Emergency Medicine,MEDICAL,4.2,45,14M,"1,000+",Paid,$4.99,Everyone,Medical,"August 18, 2015",6.0,4.0 and up
Dolphin and fish coloring book,FAMILY,3.9,2249,Varies with device,"500,000+",Free,0,Everyone,Art & Design;Creativity,"May 15, 2018",Varies with device,4.1 and up
CEHQ - CE Credits for Nurses,FAMILY,4.5,12,4.0M,"1,000+",Free,0,Everyone,Education,"May 25, 2018",3.0.18,5.0 and up
news.com.au,NEWS_AND_MAGAZINES,,1,3.7M,100+,Free,0,Everyone,News & Magazines,"July 23, 2018",1.1,4.0 and up
Google Play Games,FAMILY,4.3,7168735,Varies with device,"1,000,000,000+",Free,0,Teen,Entertainment,"July 16, 2018",Varies with device,Varies with device
Tamago egg,GAME,3.0,49,7.1M,"5,000+",Free,0,Everyone,Trivia,"October 31, 2017",1.0.1,2.3.3 and up
Red Hands – 2-Player Games,GAME,4.2,93608,Varies with device,"10,000,000+",Free,0,Everyone,Action,"February 9, 2018",Varies with device,Varies with device
Solitaire: Decked Out Ad Free,GAME,4.9,37302,35M,"500,000+",Free,0,Everyone,Card,"May 8, 2017",1.3.3,4.1 and up
Coast To Coast AM Insider,NEWS_AND_MAGAZINES,3.9,4581,21M,"100,000+",Free,0,Everyone,News & Magazines,"January 4, 2018",5.0.108,4.4 and up
"Tapatalk - 100,000+ Forums",SOCIAL,4.1,285820,Varies with device,"10,000,000+",Free,0,Mature 17+,Social,"June 19, 2018",Varies with device,Varies with device
Ninesky Browser,COMMUNICATION,4.2,42925,2.8M,"1,000,000+",Free,0,Everyone,Communication,"August 27, 2017",6.1,2.3 and up
Blood Pressure - Heartcare,MEDICAL,4.2,70,1.9M,"10,000+",Free,0,Everyone,Medical,"May 27, 2016",2.46 Saber,4.4 and up
Animal Hunting: Sniper Shooting,GAME,,0,48M,50+,Free,0,Teen,Action,"July 6, 2018",1.0,4.0 and up
Reuters News,NEWS_AND_MAGAZINES,4.3,13166,25M,"1,000,000+",Free,0,Everyone 10+,News & Magazines,"June 6, 2018",3.4.4,4.1 and up
Newegg Mobile,SHOPPING,4.5,35497,16M,"1,000,000+",Free,0,Everyone,Shopping,"July 11, 2018",4.16.0,4.4 and up
Smokes Guide for CS:GO,FAMILY,4.3,445,29M,"50,000+",Free,0,Everyone,Entertainment,"June 1, 2017",3.0,4.0 and up
Supply Travis-CI POC,LIBRARIES_AND_DEMO,,0,1.2M,10+,Free,0,Everyone,Libraries & Demo,"July 20, 2016",1.0.7,4.0.3 and up
Daniel Tiger for Parents,PARENTING,4.7,247,28M,"100,000+",Free,0,Everyone,Parenting;Music & Video,"March 19, 2018",1.3.0,4.4 and up
"Yatra - Flights, Hotels, Bus, Trains & Cabs",TRAVEL_AND_LOCAL,4.5,251037,26M,"10,000,000+",Free,0,Everyone,Travel & Local,"August 5, 2018",13.0.16,4.1 and up
Arrowhead AH App,MEDICAL,5.0,3,28M,100+,Free,0,Everyone,Medical,"April 21, 2017",300000.0.80,4.0.3 and up
Red Transporte DF,MAPS_AND_NAVIGATION,4.3,11100,15M,"500,000+",Free,0,Everyone,Maps & Navigation,"April 28, 2018",2.10.0 Summer,4.0.3 and up
Garden Coloring Book,ART_AND_DESIGN,4.4,13791,33M,"1,000,000+",Free,0,Everyone,Art & Design,"September 20, 2017",2.9.2,3.0 and up
Skype - free IM & video calls,COMMUNICATION,4.1,10484169,Varies with device,"1,000,000,000+",Free,0,Everyone,Communication,"August 3, 2018",Varies with device,Varies with device
Calendar Widget Month + Agenda,PRODUCTIVITY,4.2,60840,1.9M,"5,000,000+",Free,0,Everyone,Productivity,"May 31, 2018",1.26.2,4.0.3 and up
Dr. D.K. Olukoya Sermons,LIFESTYLE,,1,3.0M,100+,Free,0,Everyone,Lifestyle,"September 26, 2017",1.0,4.0 and up
PORTABLE SOCCER DX,SPORTS,4.4,552,1.6M,"5,000+",Paid,$1.00,Everyone,Sports,"June 19, 2018",3.4,2.2 and up
J-Stars Victory VS Guide,GAME,4.1,609,13M,"10,000+",Free,0,Everyone,Action,"May 14, 2014",1.7,2.2 and up
CF Climb,LIFESTYLE,1.5,2,3.0M,100+,Free,0,Everyone,Lifestyle,"June 7, 2018",3.9.9.2,2.3 and up
Sayers AH,MEDICAL,,0,29M,50+,Free,0,Everyone,Medical,"January 17, 2018",300000.0.97,4.0.3 and up
FOX 5 DC,NEWS_AND_MAGAZINES,4.5,1440,12M,"100,000+",Free,0,Everyone,News & Magazines,"March 29, 2018",1.3.35.0,4.0 and up
PicsArt Photo Studio: Collage Maker & Pic Editor,PHOTOGRAPHY,4.5,7590099,34M,"100,000,000+",Free,0,Teen,Photography,"July 31, 2018",9.40.3,4.0.3 and up
Daddyhunt: Gay Dating,SOCIAL,3.9,6450,14M,"500,000+",Free,0,Mature 17+,Social,"January 22, 2018",1.3.5,4.0 and up
Dr Driving Racer,GAME,4.3,183,68M,"10,000+",Free,0,Everyone,Racing,"June 14, 2018",2.1,4.1 and up
EU Flags Free Live Wallpaper,PERSONALIZATION,3.4,730,2.3M,"100,000+",Free,0,Everyone,Personalization,"November 18, 2013",1.95,2.1 and up
Cy-Fair Houston Chamber,BUSINESS,,0,5.0M,5+,Free,0,Everyone,Business,"June 6, 2018",4.1.239,4.1 and up
WAH AH,MEDICAL,,0,29M,100+,Free,0,Everyone,Medical,"May 3, 2017",300000.0.80,4.0.3 and up
U-Scan,TOOLS,3.4,784,42M,"50,000+",Free,0,Everyone,Tools,"September 29, 2016",1.2.6 (94),2.2 and up
BL ONLINE PERSONAL TRAINING,HEALTH_AND_FITNESS,,0,41M,5+,Free,0,Everyone,Health & Fitness,"August 29, 2017",BL ONLINE PERSONAL TRAINING 7.9.0,4.1 and up
FN,BUSINESS,5.0,14,3.3M,50+,Free,0,Everyone,Business,"February 1, 2018",1.0,4.0 and up
Arizona Mobile,FAMILY,4.3,285,6.2M,"10,000+",Free,0,Everyone,Education,"November 7, 2017",4.7,4.1 and up
DC All Access,FAMILY,4.4,12639,96M,"500,000+",Free,0,Teen,Entertainment,"October 17, 2017",3.5,4.1 and up
AC Remote for Daikin - NOW FREE,TOOLS,3.5,383,26M,"50,000+",Free,0,Everyone,Tools,"July 30, 2018",6.1.7,4.2 and up
Free Poker Games : Downtown Casino - Texas Holdem,GAME,4.5,2032,50M,"50,000+",Free,0,Teen,Card,"June 5, 2018",0.1.27,4.1 and up
HISTORY: Watch TV Show Full Episodes & Specials,ENTERTAINMENT,4.1,33387,20M,"1,000,000+",Free,0,Teen,Entertainment,"July 16, 2018",3.1.4,4.4 and up
Brilliant,EDUCATION,4.5,41185,Varies with device,"1,000,000+",Free,0,Everyone,Education,"August 3, 2018",Varies with device,Varies with device
PINKFONG Baby Shark,EDUCATION,4.5,10852,18M,"1,000,000+",Free,0,Everyone,Education,"November 28, 2017",10,4.1 and up
RTVBN,NEWS_AND_MAGAZINES,3.7,533,3.8M,"50,000+",Free,0,Everyone,News & Magazines,"August 5, 2018",4.4,4.0.3 and up
bgtime.tv,VIDEO_PLAYERS,3.4,694,Varies with device,"50,000+",Free,0,Everyone,Video Players & Editors,"July 27, 2018",Varies with device,Varies with device
MelifeCam-M,VIDEO_PLAYERS,3.5,81,22M,"10,000+",Free,0,Everyone,Video Players & Editors,"July 21, 2016",R1.3.21.3,4.1 and up
Free Sports TV,SPORTS,4.3,1802,9.8M,"100,000+",Free,0,Everyone,Sports,"June 21, 2018",1.4,4.0.3 and up
Kids Craft Ideas,PARENTING,4.1,99,6.6M,"10,000+",Free,0,Everyone,Parenting,"March 29, 2018",1.1,4.1 and up
bX Hot Articles by Ex Libris,FAMILY,4.3,42,554k,"5,000+",Free,0,Everyone,Education,"May 9, 2017",2,2.2 and up
Microsoft Translator,PRODUCTIVITY,4.6,209696,49M,"5,000,000+",Free,0,Everyone,Productivity,"June 18, 2018",3.2.258b ae1da5165,4.3 and up
Soviet Military Maps Free,MAPS_AND_NAVIGATION,4.3,21589,5.6M,"1,000,000+",Free,0,Everyone,Maps & Navigation,"August 1, 2018",5.1.0 free,4.0 and up
Fish|Hunt FL,LIFESTYLE,3.6,853,34M,"100,000+",Free,0,Everyone,Lifestyle,"March 22, 2018",3.2.0,4.1 and up
LIKE – Magic Video Maker & Community,VIDEO_PLAYERS,4.6,921868,47M,"50,000,000+",Free,0,Teen,Video Players & Editors,"August 4, 2018",2.4.11,4.0 and up
Ai La Trieu Phu - ALTP Free,EDUCATION,,776,24M,"100,000+",Free,0,Everyone,Education,"July 23, 2018",1.5,4.0 and up
Video Downloader For FB: Save FB Videos 2018,TOOLS,4.3,434,3.6M,"50,000+",Free,0,Everyone,Tools,"August 8, 2018",1.1.9,4.0.3 and up
Jewels Legend - Match 3 Puzzle,GAME,4.6,280098,50M,"10,000,000+",Free,0,Everyone,Arcade,"July 20, 2018",2.11.2,4.0.3 and up
Xero Accounting Software,BUSINESS,3.5,2111,Varies with device,"100,000+",Free,0,Everyone,Business,"July 30, 2018",Varies with device,Varies with device
WeChat,COMMUNICATION,4.2,5387631,Varies with device,"100,000,000+",Free,0,Everyone,Communication,"July 31, 2018",Varies with device,Varies with device
Detect-O-Gromit (D.O.G 2),FAMILY,3.8,45,47M,"10,000+",Paid,$2.49,Everyone,Entertainment,"July 16, 2018",1.2,5.0 and up
Zenith Bank Mobile App,FINANCE,4.3,7215,18M,"1,000,000+",Free,0,Everyone,Finance,"July 23, 2018",2.7.4,4.0 and up
Safety stepping stone,LIFESTYLE,3.7,4212,20M,"1,000,000+",Free,0,Everyone,Lifestyle,"July 25, 2018",3.4.5,2.3 and up
Talking Tom Cat 2,FAMILY,4.3,3213548,55M,"100,000,000+",Free,0,Everyone 10+,Entertainment,"July 25, 2018",5.3.5.16,4.1 and up
Dr Dre - Beatmaker,GAME,4.3,146,6.0M,"10,000+",Free,0,Mature 17+,Music,"February 28, 2018",5.3.8,4.0 and up
Kovax Europe B.V.,BUSINESS,,17,96M,500+,Free,0,Everyone,Business,"September 10, 2017",24.0.11,4.0.3 and up
CJ Wilson's ZoomZoomnation,PRODUCTIVITY,4.0,4,8.2M,500+,Free,0,Everyone,Productivity,"July 11, 2018",3.5.3,4.0.3 and up
EO App. SelfCompassion to you,HEALTH_AND_FITNESS,,1,Varies with device,100+,Free,0,Everyone,Health & Fitness,"September 12, 2015",Varies with device,Varies with device
United Airlines,TRAVEL_AND_LOCAL,3.5,30447,80M,"5,000,000+",Free,0,Everyone,Travel & Local,"July 20, 2018",2.1.56,5.0 and up
ew-Magazin,NEWS_AND_MAGAZINES,,2,13M,100+,Free,0,Everyone,News & Magazines,"December 13, 2016",3.5.0,4.0 and up
"WalletHub - Free Credit Score, Report & Monitoring",FINANCE,4.7,1311,9.3M,"50,000+",Free,0,Everyone,Finance,"June 19, 2018",1.4.11,4.4 and up
EF App,BUSINESS,5.0,8,20M,100+,Free,0,Everyone,Business,"January 23, 2017",1.0.5,4.4 and up
Fishdom,GAME,4.6,2157930,Varies with device,"10,000,000+",Free,0,Everyone,Puzzle,"July 19, 2018",2.21.5,4.0.3 and up
BZ Straußenführer,TRAVEL_AND_LOCAL,4.3,291,14M,"10,000+",Free,0,Everyone,Travel & Local,"March 17, 2016",1.2.3,4.0 and up
Wallpapers HD,PERSONALIZATION,4.6,484981,2.1M,"10,000,000+",Free,0,Everyone,Personalization,"November 28, 2016",1.7.1,3.0 and up
I’m Expecting - Pregnancy App,HEALTH_AND_FITNESS,4.6,71269,49M,"1,000,000+",Free,0,Everyone,Health & Fitness,"March 30, 2018",2.3.2,4.0.3 and up
Adobe Acrobat Reader,PRODUCTIVITY,4.3,3016305,Varies with device,"100,000,000+",Free,0,Everyone,Productivity,"April 17, 2018",Varies with device,Varies with device
DK Browser,COMMUNICATION,4.0,1,2.4M,10+,Free,0,Everyone,Communication,"April 25, 2017",1.0,4.2 and up
Grim Soul: Dark Fantasy Survival,GAME,4.5,189773,95M,"5,000,000+",Free,0,Teen,Role Playing,"July 18, 2018",1.1.1,4.1 and up
Free VIN Report for Used Cars,AUTO_AND_VEHICLES,4.6,2431,2.4M,"100,000+",Free,0,Everyone,Auto & Vehicles,"June 12, 2018",1.37,4.0 and up
Mobile CS:GO,GAME,3.1,1015,643k,"100,000+",Free,0,Everyone,Action,"November 11, 2015",1.3,2.3.3 and up
ABG Master,MEDICAL,,2,1.8M,50+,Paid,$0.99,Everyone,Medical,"August 4, 2018",1.1,4.1 and up
VZ Navigator,TRAVEL_AND_LOCAL,4.0,16101,Varies with device,"50,000,000+",Free,0,Everyone,Travel & Local,"January 22, 2018",Varies with device,4.2 and up
To,MEDICAL,4.2,22,15M,"10,000+",Free,0,Everyone,Medical,"May 30, 2018",Varies with device,Varies with device
Vikings: an Archer's Journey,GAME,4.5,10256,39M,"1,000,000+",Free,0,Everyone,Action,"December 11, 2017",2.1.0,4.3 and up
TouchPal Purple Butterfly Theme,PERSONALIZATION,4.2,7435,6.9M,"1,000,000+",Free,0,Everyone,Personalization,"June 28, 2018",1,4.0.3 and up
MARVEL Contest of Champions,GAME,4.3,2468063,92M,"50,000,000+",Free,0,Teen,Action,"July 30, 2018",19.1.0,4.0.3 and up
Arabic Chat - Chat,PARENTING,4.4,162,1.5M,"10,000+",Free,0,Everyone,Parenting,"May 1, 2018",1.0,4.1 and up
AJ Turquoise Dark Icon Pack,PERSONALIZATION,,0,32M,10+,Paid,$0.99,Everyone,Personalization,"May 1, 2018",1.1,4.1 and up
MEGA,PRODUCTIVITY,4.0,549973,Varies with device,"50,000,000+",Free,0,Everyone,Productivity,"July 4, 2018",Varies with device,Varies with device
Twitter,NEWS_AND_MAGAZINES,4.3,11667403,Varies with device,"500,000,000+",Free,0,Mature 17+,News & Magazines,"August 6, 2018",Varies with device,Varies with device
Amazon Shopping,SHOPPING,4.3,909226,42M,"100,000,000+",Free,0,Teen,Shopping,"July 31, 2018",16.14.0.100,4.4 and up
Meditate OM,HEALTH_AND_FITNESS,4.5,19074,4.2M,"1,000,000+",Free,0,Everyone,Health & Fitness,"January 17, 2018",16.0,4.0 and up
Alif Ba Ta Bullseye,FAMILY,,1,16M,5+,Paid,$1.99,Everyone,Educational,"May 30, 2016",1.1,2.2 and up
SketchBook - draw and paint,ENTERTAINMENT,4.3,256664,77M,"10,000,000+",Free,0,Everyone,Entertainment,"May 4, 2018",4.1.7,4.0.3 and up
Nike+ Run Club,HEALTH_AND_FITNESS,4.4,708710,Varies with device,"10,000,000+",Free,0,Everyone,Health & Fitness,"July 12, 2018",2.17.0,4.4 and up
Devise Dz,FINANCE,4.0,26,3.6M,"1,000+",Free,0,Everyone,Finance,"May 29, 2017",1.0.0,4.0 and up
Dunkin' Donuts,FOOD_AND_DRINK,4.2,68270,66M,"1,000,000+",Free,0,Everyone,Food & Drink,"June 20, 2018",5.0.0,4.4 and up
Educationboard Results BD,FAMILY,4.0,983,7.2M,"100,000+",Free,0,Everyone,Education,"June 12, 2018",1.0,4.0 and up
People's Bank,FINANCE,3.6,10697,46M,"1,000,000+",Free,0,Everyone,Finance,"July 18, 2018",3.22.1,4.1 and up
2019 Tricks Es File Explores,TOOLS,3.0,4,2.0M,"1,000+",Free,0,Everyone,Tools,"March 16, 2016",1.0,2.2 and up
Rockmaraton Info,EVENTS,,49,13M,"1,000+",Free,0,Everyone,Events,"July 8, 2018",18.4,4.4 and up
Tango - Live Video Broadcast,SOCIAL,4.3,3806669,Varies with device,"100,000,000+",Free,0,Mature 17+,Social,"August 1, 2018",Varies with device,Varies with device
Ninja FN Button,FAMILY,4.8,12,12M,"1,000+",Free,0,Teen,Entertainment,"July 4, 2018",1.1,4.0 and up
Events High - Meet Your City!,EVENTS,4.2,3200,Varies with device,"100,000+",Free,0,Everyone 10+,Events,"June 23, 2018",Varies with device,Varies with device
BlueJeans for Android,BUSINESS,3.9,1058,23M,"500,000+",Free,0,Everyone,Business,"June 29, 2018",2.22.397,5.0 and up
Cъновник BG,BOOKS_AND_REFERENCE,,13,4.1M,"1,000+",Free,0,Everyone,Books & Reference,"January 21, 2017",250,4.0 and up
Caviar - Food Delivery,FOOD_AND_DRINK,4.2,3755,8.5M,"100,000+",Free,0,Everyone,Food & Drink,"July 20, 2018",2.4.11,6.0 and up
Skater Boy,GAME,4.3,1167143,12M,"100,000,000+",Free,0,Everyone,Arcade,"September 20, 2017",1.18.35,4.1 and up
AK-47 guns Sounds,FAMILY,,2,5.1M,100+,Free,0,Everyone,Entertainment,"June 28, 2018",666,4.0 and up
LOBSTR - go on a lunch date,DATING,3.7,101,15M,"10,000+",Free,0,Mature 17+,Dating,"July 24, 2018",2,4.1 and up
Geeks Dating,DATING,,0,13M,50+,Free,0,Mature 17+,Dating,"July 10, 2018",1.0,4.1 and up
Kaspersky Mobile Antivirus: AppLock & Web Security,TOOLS,4.7,2598579,49M,"50,000,000+",Free,0,Everyone,Tools,"July 24, 2018",11.17.4.1024,4.1 and up
BH Mail,COMMUNICATION,3.4,7,6.0M,"1,000+",Free,0,Everyone,Communication,"April 3, 2018",5.403,4.0.3 and up
Baby Monitor AV,COMMUNICATION,3.3,1434,9.5M,"100,000+",Free,0,Everyone,Communication,"March 6, 2014",1.2.5,2.3 and up
FD Shift Calendar Widget,TOOLS,4.1,981,73k,"100,000+",Free,0,Everyone,Tools,"March 16, 2011",1.2.4,1.6 and up
CP Trivia,GAME,5.0,5,12M,100+,Free,0,Everyone,Trivia,"August 6, 2018",0.99,5.0 and up
GetThemAll Any File Downloader,TOOLS,4.2,91186,6.3M,"5,000,000+",Free,0,Everyone,Tools,"May 22, 2018",2.0.9,4.0 and up
CAPTCHA Pack for Sleep as Android,LIFESTYLE,4.0,448,3.1M,"50,000+",Free,0,Everyone,Lifestyle,"June 8, 2018",1.3,2.3 and up
S Note,PRODUCTIVITY,4.1,12435,31M,"10,000,000+",Free,0,Everyone,Productivity,"September 26, 2017",Varies with device,6.0 and up
"360 Security - Free Antivirus, Booster, Cleaner",TOOLS,4.6,16771865,Varies with device,"100,000,000+",Free,0,Everyone,Tools,"August 4, 2018",Varies with device,Varies with device
Koi Live Wallpaper,PERSONALIZATION,4.6,14026,12M,"100,000+",Paid,$0.99,Everyone,Personalization,"June 24, 2014",1.9,2.2 and up
Moven - Smart Finances,FINANCE,3.8,861,17M,"100,000+",Free,0,Everyone,Finance,"May 29, 2018",3.3.9,4.4 and up
DV - Digito Verificador,TOOLS,,2,4.2M,500+,Free,0,Everyone,Tools,"March 2, 2017",1.0,4.0 and up
Angry Shark 2016,FAMILY,4.0,73185,46M,"5,000,000+",Free,0,Teen,Simulation,"November 1, 2017",1.6,4.0 and up
E.G. Chess Free,GAME,4.0,505,23M,"10,000+",Free,0,Everyone,Board,"December 6, 2014",1.0.28,2.3 and up
APUS File Manager (Explorer),TOOLS,4.1,498894,10M,"50,000,000+",Free,0,Everyone,Tools,"August 2, 2018",2.8.9.1004,4.0.3 and up
Glam - Premium Dating App,DATING,4.3,23170,9.0M,"500,000+",Free,0,Mature 17+,Dating,"July 25, 2018",1.5.4.0,4.1 and up
"FirstCry Baby & Kids Shopping, Fashion & Parenting",SHOPPING,4.1,41074,16M,"5,000,000+",Free,0,Everyone,Shopping,"June 27, 2018",68,4.1 and up
Official Matsumoto Kiyoshi application,LIFESTYLE,3.2,3031,2.7M,"1,000,000+",Free,0,Everyone,Lifestyle,"July 3, 2018",1.5.3,4.0 and up
Google PDF Viewer,PRODUCTIVITY,4.2,226456,Varies with device,"10,000,000+",Free,0,Everyone,Productivity,"October 9, 2017",Varies with device,Varies with device
Mini DV,AUTO_AND_VEHICLES,3.5,12,19M,"5,000+",Free,0,Everyone,Auto & Vehicles,"May 29, 2018",1.27,4.0 and up
Elemental Galaxy Dx - Match3,FAMILY,4.0,127,14M,"10,000+",Free,0,Everyone,Puzzle,"March 11, 2014",1.0.9,2.2 and up
17th Edition Cable Sizer,BOOKS_AND_REFERENCE,4.4,47,1.4M,"1,000+",Paid,$3.08,Everyone,Books & Reference,"May 27, 2016",1.22,2.2 and up
"Phogy, 3D Camera",PHOTOGRAPHY,4.0,35724,9.9M,"1,000,000+",Free,0,Everyone,Photography,"February 11, 2015",1.40,4.0 and up
Lottery Driver- Florida Result,FAMILY,4.4,70,4.4M,"5,000+",Free,0,Teen,Entertainment,"April 16, 2017",2.5,4.1 and up
Pou,GAME,4.3,10486018,24M,"500,000,000+",Free,0,Everyone,Casual,"May 25, 2018",1.4.77,4.0 and up
FR: My Secret Pets! ,FAMILY,4.0,785,31M,"50,000+",Free,0,Teen,Entertainment,"June 3, 2015",1.3.1,3.0 and up
2ndLine - Second Phone Number,COMMUNICATION,4.2,15880,32M,"1,000,000+",Free,0,Everyone,Communication,"August 3, 2018",5.65.0,4.0 and up
AI Benchmark,TOOLS,4.0,97,99M,"5,000+",Free,0,Everyone,Tools,"June 29, 2018",2.0.0,4.1 and up
AH Kollection for KLWP,PERSONALIZATION,4.6,644,59M,"50,000+",Free,0,Everyone,Personalization,"April 30, 2017",Version 1.20,4.4 and up
"Police Lights, Sirens & Follow Me",AUTO_AND_VEHICLES,4.5,737,8.9M,"100,000+",Free,0,Everyone,Auto & Vehicles,"June 8, 2018",2.3.5.1,4.1 and up
CT Abdomen,FAMILY,4.3,7,62M,"1,000+",Free,0,Everyone,Education,"February 21, 2017",1.0,4.4 and up
Blogaway for Android (Blogger),SOCIAL,3.7,4253,4.1M,"100,000+",Free,0,Teen,Social,"May 31, 2018",7.0.7,4.0.3 and up
THE KING OF FIGHTERS-A 2012(F),GAME,4.4,406511,21M,"5,000,000+",Free,0,Teen,Action,"October 21, 2016",1.0.5,4.0.3 and up
Sam.BN Pro,TOOLS,,11,2.0M,10+,Paid,$0.99,Everyone,Tools,"March 27, 2015",1.0.0,4.0.3 and up
Zynga Poker – Texas Holdem,GAME,4.4,1986068,52M,"50,000,000+",Free,0,Teen,Casino,"July 25, 2018",21.54,4.1 and up
ODTMobile v4,BUSINESS,4.0,3,16M,"1,000+",Free,0,Everyone,Business,"April 17, 2018",1.10,4.1 and up
Two Nights at jumpscare,GAME,3.8,596,91M,"100,000+",Free,0,Teen,Adventure,"August 17, 2017",1.0,4.1 and up
Brandon Lakes AH,MEDICAL,2.6,5,27M,100+,Free,0,Everyone,Medical,"May 5, 2017",300000.0.79,4.0.3 and up
HOW TO WRITE A CV,BUSINESS,4.1,489,20M,"100,000+",Free,0,Everyone,Business,"June 27, 2018",14.0,4.0.3 and up
Super Ear,MEDICAL,4.0,3498,6.6M,"100,000+",Free,0,Everyone,Medical,"May 1, 2018",1.7.2,4.0 and up
EZ Pass,TOOLS,2.5,15,228k,"5,000+",Free,0,Everyone,Tools,"September 10, 2016",1.3,2.3 and up
Monster Park AR - Jurassic Dinosaurs in Real World,FAMILY,3.7,128,20M,"10,000+",Free,0,Everyone,Entertainment,"March 8, 2018",1.2.2.122,7.0 and up
auto fines,AUTO_AND_VEHICLES,4.6,31433,17M,"1,000,000+",Free,0,Everyone,Auto & Vehicles,"August 2, 2018",1.40,4.0.3 and up
Dr. Seuss's ABC,FAMILY,4.7,429,12M,"10,000+",Paid,$3.99,Everyone,Books & Reference;Education,"February 26, 2018",2.05,4.0.3 and up
C W Browser,COMMUNICATION,4.4,14,17M,100+,Free,0,Everyone,Communication,"October 28, 2017",1.0,4.0 and up
Random Video Chat App With Strangers,DATING,,3,4.8M,"1,000+",Free,0,Mature 17+,Dating,"July 17, 2018",1.,4.0 and up
Basketball Dynasty Manager 16,SPORTS,4.4,426,21M,"5,000+",Paid,$1.99,Everyone,Sports,"June 1, 2016",2.2.3,4.0 and up
Chat Click - Dating Search,DATING,,4,3.8M,500+,Free,0,Mature 17+,Dating,"July 11, 2018",1.0,3.0 and up
Cerebral Palsy,MEDICAL,4.4,38,8.5M,"1,000+",Free,0,Everyone,Medical,"July 30, 2014",2,3.0 and up
PBS KIDS Video,EDUCATION,4.2,36212,Varies with device,"5,000,000+",Free,0,Everyone,Education;Music & Video,"July 12, 2018",Varies with device,Varies with device
EP Chain Reaction,FAMILY,3.9,249,21M,"10,000+",Free,0,Everyone,Casual;Brain Games,"April 10, 2016",1.2.2,2.3 and up
PayPal,FINANCE,4.3,659741,47M,"50,000,000+",Free,0,Everyone,Finance,"July 18, 2018",6.28.0,4.4 and up
TurboScan: scan documents and receipts in PDF,BUSINESS,4.7,11442,6.8M,"100,000+",Paid,$4.99,Everyone,Business,"March 25, 2018",1.5.2,4.0 and up
Forgotten Hill Mementoes,GAME,4.6,2027,56M,"100,000+",Free,0,Teen,Adventure,"March 19, 2018",1.5,4.1 and up
Roll Call News,NEWS_AND_MAGAZINES,3.7,24,10M,"5,000+",Free,0,Everyone,News & Magazines,"December 24, 2015",1.1,4.1 and up
Telstra,LIFESTYLE,3.0,4260,6.3M,"5,000,000+",Free,0,Everyone,Lifestyle,"August 8, 2017",6.1,2.3.3 and up
AP Manager,TOOLS,4.0,177,2.8M,"10,000+",Free,0,Everyone,Tools,"May 4, 2015",1.0.8,2.3 and up
NFL,SPORTS,4.1,459795,Varies with device,"50,000,000+",Free,0,Everyone,Sports,"August 2, 2018",Varies with device,Varies with device
Frequencies,TOOLS,4.2,11,3.1M,500+,Paid,$0.99,Everyone,Tools,"February 4, 2018",1.9,4.0.3 and up
Yongqing fast search,HOUSE_AND_HOME,3.7,1437,Varies with device,"100,000+",Free,0,Everyone,House & Home,"August 2, 2018",Varies with device,Varies with device
Pushbullet - SMS on PC,PRODUCTIVITY,4.5,176873,4.5M,"1,000,000+",Free,0,Everyone,Productivity,"October 30, 2017",17.7.20,4.1 and up
Ramfer - CNC Lathe G-code Tool,PRODUCTIVITY,3.4,5,11M,100+,Paid,$2.99,Everyone,Productivity,"September 26, 2016",2,3.2 and up
CVS Caremark,MEDICAL,3.5,3707,10M,"500,000+",Free,0,Everyone,Medical,"July 28, 2018",4.36,4.4 and up
あなカレ【BL】無料ゲーム,FAMILY,4.7,6073,8.5M,"100,000+",Free,0,Mature 17+,Simulation,"February 25, 2018",4.2.2,2.3 and up
FL Racing Manager 2015 Pro,SPORTS,4.4,656,22M,"5,000+",Paid,$0.99,Everyone,Sports,"March 12, 2016",0.858,3.0 and up
Sago Mini Babies,FAMILY,4.5,253,83M,"10,000+",Paid,$3.99,Everyone,Education;Pretend Play,"October 28, 2016",1.1,4.0.3 and up
CF Chat: Connecting Friends,COMMUNICATION,3.4,5,2.4M,100+,Free,0,Teen,Communication,"April 27, 2016",1.4,2.3 and up
Norton Security and Antivirus,TOOLS,4.6,1170641,26M,"10,000,000+",Free,0,Everyone,Tools,"July 26, 2018",4.2.1.4174,4.1 and up
SnakeBite911 FR,MEDICAL,,1,42M,500+,Free,0,Everyone,Medical,"October 9, 2017",1.2,4.1 and up
EF First,FAMILY,,0,1.6M,1+,Free,0,Everyone,Entertainment,"February 9, 2018",1.0,4.0.3 and up
Just Dance Now,GAME,4.2,794058,56M,"10,000,000+",Free,0,Everyone,Music,"June 12, 2018",2.3.0,4.4 and up
Vienna U-Bahn,MAPS_AND_NAVIGATION,3.9,139,2.0M,"10,000+",Free,0,Everyone,Maps & Navigation,"July 25, 2018",1.21.0,4.0 and up
RadPad: Apartment Finder App,HOUSE_AND_HOME,4.4,6896,35M,"500,000+",Free,0,Everyone,House & Home,"August 30, 2017",1.7.3,4.1 and up
URBANO V 02 instruction manual,BOOKS_AND_REFERENCE,,114,7.3M,"100,000+",Free,0,Everyone,Books & Reference,"August 7, 2015",1.1,5.1 and up
Ovia Parenting & Baby Development Tracker,MEDICAL,4.7,6185,38M,"100,000+",Free,0,Everyone,Medical,"August 3, 2018",1.2.0,4.3 and up
Extreme Coupon Finder,SHOPPING,4.1,11798,Varies with device,"1,000,000+",Free,0,Everyone,Shopping,"May 10, 2018",Varies with device,Varies with device
VMate Lite - Funny Short Videos Social Network,SOCIAL,4.3,903,4.6M,"1,000,000+",Free,0,Teen,Social,"August 3, 2018",1.76,4.0.3 and up
Google Docs,PRODUCTIVITY,4.3,815974,Varies with device,"100,000,000+",Free,0,Everyone,Productivity,"August 6, 2018",Varies with device,Varies with device
C Offline Tutorial,BOOKS_AND_REFERENCE,4.7,88,4.2M,"1,000+",Free,0,Everyone,Books & Reference,"December 8, 2017",1.0.1,4.1 and up
Keyboard for Sony Xperia J,PERSONALIZATION,4.1,797,6.7M,"50,000+",Free,0,Everyone,Personalization,"July 29, 2018",1.279.13.98,4.0.3 and up
ibis Paint X,ART_AND_DESIGN,4.6,224399,31M,"10,000,000+",Free,0,Everyone,Art & Design,"July 30, 2018",5.5.4,4.1 and up
Keep Trainer - Workout Trainer & Fitness Coach,HEALTH_AND_FITNESS,4.7,14810,Varies with device,"1,000,000+",Free,0,Everyone,Health & Fitness,"July 24, 2018",Varies with device,Varies with device
Phone Clean Best Speed Booster,PRODUCTIVITY,4.5,81502,Varies with device,"1,000,000+",Free,0,Everyone,Productivity,"March 29, 2018",Varies with device,Varies with device
Pepsi Cards DC,COMICS,,1,21M,50+,Free,0,Everyone 10+,Comics,"June 26, 2018",0.0.4,4.4 and up
Football-CB GO Clock Theme,PERSONALIZATION,4.7,26,5.6M,"1,000+",Free,0,Everyone,Personalization,"March 3, 2017",1.0.3,4.0.3 and up
Camera for Android,PHOTOGRAPHY,4.2,240475,9.5M,"10,000,000+",Free,0,Everyone,Photography,"November 22, 2017",3.8,4.0 and up
Bible Quizzer - The App for Bible Quizzers,FAMILY,,0,33M,100+,Free,0,Everyone,Education,"August 2, 2018",30.0,4.2 and up
Sago Mini Friends,FAMILY,4.4,13155,83M,"1,000,000+",Free,0,Everyone,Education;Pretend Play,"June 16, 2016",1.3,4.0.3 and up
Fun Kid Racing - Motocross,FAMILY,4.1,59768,Varies with device,"10,000,000+",Free,0,Everyone,Racing;Action & Adventure,"August 7, 2018",3.53,4.2 and up
Toys Defense: Horror Land,FAMILY,3.8,168,24M,"10,000+",Free,0,Everyone,Strategy,"March 1, 2017",1.2.2,4.0.3 and up
Uber,MAPS_AND_NAVIGATION,4.2,4928420,Varies with device,"100,000,000+",Free,0,Everyone,Maps & Navigation,"August 6, 2018",Varies with device,Varies with device
Image 2 Wallpaper,TOOLS,4.3,81668,Varies with device,"5,000,000+",Free,0,Everyone,Tools,"December 26, 2016",Varies with device,Varies with device
Black Theme Go Launcher EX,PERSONALIZATION,4.1,285,3.9M,"50,000+",Free,0,Teen,Personalization,"October 3, 2017",5.0,2.3 and up
WhatsApp Messenger,COMMUNICATION,4.4,69119316,Varies with device,"1,000,000,000+",Free,0,Everyone,Communication,"August 3, 2018",Varies with device,Varies with device
"busuu: Learn Languages - Spanish, English & More",FAMILY,4.3,207294,21M,"10,000,000+",Free,0,Everyone 10+,Education,"August 1, 2018",13.9.0.161,5.0 and up
Starfall Free & Member,FAMILY,4.2,19720,41M,"1,000,000+",Free,0,Everyone,Education;Education,"November 7, 2017",1.35.23,4.0 and up
Does not Commute,GAME,4.0,154108,78M,"5,000,000+",Free,0,Everyone,Racing,"October 13, 2015",1.4.2,2.3 and up
Recycling Cy,LIFESTYLE,4.0,47,4.5M,"1,000+",Free,0,Everyone,Lifestyle,"August 2, 2017",2.0,3.2 and up
BAC DZ Questionnaire,FAMILY,4.0,38,Varies with device,"5,000+",Free,0,Everyone,Education,"May 25, 2018",Varies with device,Varies with device
tinyCam Monitor FREE,HOUSE_AND_HOME,4.0,65914,Varies with device,"10,000,000+",Free,0,Everyone,House & Home,"June 29, 2018",Varies with device,Varies with device
Aj Di Awaaz,NEWS_AND_MAGAZINES,,9,1.1M,500+,Free,0,Everyone,News & Magazines,"September 7, 2016",1.0,4.1 and up
Showtime Anytime,FAMILY,3.7,18522,Varies with device,"1,000,000+",Free,0,Teen,Entertainment,"July 2, 2018",Varies with device,Varies with device
Vigo Video,VIDEO_PLAYERS,4.3,1615596,Varies with device,"50,000,000+",Free,0,Teen,Video Players & Editors,"August 3, 2018",Varies with device,4.0.3 and up
FE Connect Fhoton,TOOLS,,0,1.8M,100+,Free,0,Everyone,Tools,"November 28, 2017",1.1,4.0.3 and up
Fate/Grand Order (English),GAME,4.4,16601,55M,"500,000+",Free,0,Teen,Role Playing,"July 26, 2018",1.18.0,4.0 and up
Cytus,GAME,4.7,541732,20M,"5,000,000+",Free,0,Everyone,Music,"February 9, 2018",10.0.10,2.3 and up
Cheat Codes for GTA V,FAMILY,4.3,589,3.6M,"100,000+",Free,0,Mature 17+,Entertainment,"September 3, 2017",1.8.0,4.0 and up
AL Voice Recorder,PRODUCTIVITY,3.6,4832,2.4M,"1,000,000+",Free,0,Everyone,Productivity,"November 22, 2016",2.1.7.3,3.0 and up
"Bleacher Report: sports news, scores, & highlights",SPORTS,4.4,122280,Varies with device,"5,000,000+",Free,0,Everyone 10+,Sports,"July 20, 2018",Varies with device,Varies with device
Texas Hold'em Poker,GAME,3.6,12846,14M,"1,000,000+",Free,0,Teen,Casino,"December 29, 2017",3.3,4.1 and up
"Onet - news, weather, sport",NEWS_AND_MAGAZINES,4.0,13950,Varies with device,"1,000,000+",Free,0,Mature 17+,News & Magazines,"August 6, 2018",Varies with device,Varies with device
Loved by King Bs,FAMILY,4.6,5546,85M,"100,000+",Free,0,Everyone,Simulation,"June 15, 2018",1.21,4.0.3 and up
PRIMATURE.CD,NEWS_AND_MAGAZINES,,6,4.8M,100+,Free,0,Everyone,News & Magazines,"October 30, 2017",6.3.7.1,4.1 and up
Lezhin Comics - Daily Releases,COMICS,3.0,28447,15M,"1,000,000+",Free,0,Teen,Comics,"July 31, 2018",Varies with device,Varies with device
eCooltra: scooter sharing. Share electric scooters,TRAVEL_AND_LOCAL,4.2,2822,27M,"100,000+",Free,0,Everyone,Travel & Local,"July 27, 2018",1.21.2,4.1 and up
Room Painting Ideas,HOUSE_AND_HOME,4.0,4450,7.6M,"1,000,000+",Free,0,Everyone,House & Home,"March 17, 2015",1.7,3.0 and up
FQ India,LIFESTYLE,,0,8.9M,10+,Free,0,Everyone,Lifestyle,"July 31, 2018",7.2.2,4.1 and up
Real Basketball,SPORTS,4.5,1605267,Varies with device,"10,000,000+",Free,0,Everyone,Sports,"December 5, 2016",Varies with device,Varies with device
NOOK Audiobooks,BOOKS_AND_REFERENCE,3.5,2539,8.6M,"500,000+",Free,0,Everyone,Books & Reference,"July 26, 2018",v1.1.6,4.1 and up
Deposit Calculator FD & RD,FINANCE,4.4,18,3.4M,"10,000+",Free,0,Everyone,Finance,"January 21, 2017",1.1,3.0 and up
Blender BG - Photo Blend With Background,PHOTOGRAPHY,,0,7.8M,100+,Free,0,Everyone,Photography,"September 20, 2017",1.0,4.2 and up
The 5th Stand,SPORTS,4.8,1664,17M,"100,000+",Free,0,Everyone,Sports,"July 31, 2018",1.2.677,4.4 and up
Modern Strike Online,GAME,4.3,834117,44M,"10,000,000+",Free,0,Teen,Action,"July 30, 2018",1.25.4,4.1 and up
CM Launcher 3D Pro💎,PERSONALIZATION,4.7,23802,173k,"100,000+",Paid,$4.99,Everyone,Personalization,"November 17, 2016",1.0.9,4.0 and up
Funny Ringtones,PERSONALIZATION,4.4,7146,14M,"1,000,000+",Free,0,Everyone 10+,Personalization,"February 2, 2018",1.1,4.0 and up
HomeAway Vacation Rentals,TRAVEL_AND_LOCAL,4.3,30403,Varies with device,"5,000,000+",Free,0,Everyone,Travel & Local,"August 1, 2018",Varies with device,Varies with device
"Meet4U - Chat, Love, Singles!",DATING,4.2,40035,6.5M,"1,000,000+",Free,0,Mature 17+,Dating,"July 27, 2018",1.31.3,4.0.3 and up
"AllTrails: Hiking, Running & Mountain Bike Trails",HEALTH_AND_FITNESS,4.3,16943,32M,"1,000,000+",Free,0,Everyone,Health & Fitness,"July 30, 2018",8.8.14,4.4 and up
Resume Builder - Free CV Maker & Premium Templates,BUSINESS,4.6,770,5.6M,"100,000+",Free,0,Everyone,Business,"August 3, 2018",1.9,4.4 and up
GO SMS PRO EMOJI PLUGIN,PERSONALIZATION,3.5,84779,8.5M,"5,000,000+",Free,0,Everyone,Personalization,"June 4, 2018",2.4,4.0 and up
Gear.Club - True Racing,GAME,4.4,140658,37M,"1,000,000+",Free,0,Everyone,Racing,"August 1, 2018",1.21.2,4.3 and up
The NBC App - Watch Live TV and Full Episodes,FAMILY,4.1,58104,17M,"5,000,000+",Free,0,Teen,Entertainment,"July 5, 2018",4.18.1,4.1 and up
Frozen Free Fall,FAMILY,4.3,1574197,37M,"50,000,000+",Free,0,Everyone,Puzzle;Action & Adventure,"July 27, 2018",6.7.0,4.2 and up
Tunnel Town,FAMILY,4.4,74744,60M,"1,000,000+",Free,0,Everyone,Strategy,"July 26, 2018",1.5.6,4.1 and up
7 Cups: Anxiety & Stress Chat,HEALTH_AND_FITNESS,4.2,13799,Varies with device,"500,000+",Free,0,Teen,Health & Fitness,"July 31, 2018",Varies with device,Varies with device
EY Expenses,FINANCE,,0,10M,"1,000+",Free,0,Everyone,Finance,"July 9, 2018",1.1,4.1 and up
CT and XR Dose Calculator,MEDICAL,,3,97k,50+,Paid,$0.99,Everyone,Medical,"January 22, 2014",2014.01,1.6 and up
Tik Tok - including musical.ly,SOCIAL,4.4,5637451,59M,"100,000,000+",Free,0,Teen,Social,"August 3, 2018",8.0.0,4.1 and up
Bolt - EV Charging Service,AUTO_AND_VEHICLES,3.0,9,8.4M,100+,Free,0,Everyone,Auto & Vehicles,"March 23, 2018",2.2.0,5.0 and up
Hey That's Pretty Good!,TOOLS,4.6,222,10M,"10,000+",Free,0,Everyone,Tools,"July 29, 2016",4.2.0,2.3 and up
Cool Reader,BOOKS_AND_REFERENCE,4.5,246315,Varies with device,"10,000,000+",Free,0,Everyone,Books & Reference,"July 17, 2015",Varies with device,1.5 and up
LEGO® Friends: Heartlake Rush,FAMILY,4.5,23671,91M,"1,000,000+",Free,0,Everyone,Arcade;Pretend Play,"July 31, 2018",1.2.0,4.1 and up
Portable Wi-Fi hotspot Free,COMMUNICATION,4.0,1711,2.1M,"100,000+",Free,0,Everyone,Communication,"January 11, 2018",1.2.5.4-11,2.3 and up
"CM Security Open VPN - Free, fast unlimited proxy",TOOLS,4.6,85496,5.8M,"1,000,000+",Free,0,Everyone,Tools,"February 14, 2018",1.6.2,4.0.3 and up
"Free phone calls, free texting SMS on free number",SOCIAL,4.5,412888,35M,"10,000,000+",Free,0,Everyone,Social,"July 31, 2018",3.8.1,4.1 and up
"CheapTickets – Hotels, Flights & Travel Deals",TRAVEL_AND_LOCAL,4.4,6925,Varies with device,"1,000,000+",Free,0,Everyone,Travel & Local,"July 25, 2018",Varies with device,Varies with device
"Cymera Camera- Photo Editor, Filter,Collage,Layout",PHOTOGRAPHY,4.4,2418158,Varies with device,"100,000,000+",Free,0,Everyone,Photography,"July 12, 2018",Varies with device,Varies with device
Teeny Titans - Teen Titans Go!,FAMILY,4.6,20463,25M,"100,000+",Paid,$3.99,Everyone 10+,Strategy;Action & Adventure,"July 18, 2018",1.2.1,4.1 and up
Learn C++,EDUCATION,4.6,73404,5.3M,"1,000,000+",Free,0,Everyone,Education,"December 25, 2017",4.5.2,4.0 and up
CF,FINANCE,5.0,2,2.0M,100+,Free,0,Everyone,Finance,"March 30, 2016",1.1,4.0 and up
db.Mobil App,LIBRARIES_AND_DEMO,4.5,23,31M,"5,000+",Free,0,Everyone,Libraries & Demo,"July 11, 2018",3.4.5,3.0 and up
ear super hearing,MEDICAL,,0,1.4M,5+,Free,0,Everyone,Medical,"July 31, 2018",1.0 Super Ear Hearing,4.0 and up
Ex Quotes,LIFESTYLE,4.4,129,8.1M,"50,000+",Free,0,Everyone 10+,Lifestyle,"June 16, 2018",3.0.1,4.1 and up
CM Launcher Default Theme,PERSONALIZATION,4.5,3989,1.1M,"100,000+",Free,0,Everyone,Personalization,"September 11, 2015",1.1.1,4.0 and up
Cy-Fair Christian Church,LIFESTYLE,5.0,2,9.3M,100+,Free,0,Everyone,Lifestyle,"August 3, 2017",24.8.1,4.1 and up
EyPools,HOUSE_AND_HOME,,2,656k,100+,Free,0,Everyone,House & Home,"November 24, 2017",1.3,4.0 and up
Real Estate by Movoto,LIFESTYLE,4.4,3114,13M,"100,000+",Free,0,Everyone,Lifestyle,"February 20, 2018",6.1,4.0.3 and up
Udacity - Lifelong Learning,EDUCATION,4.3,22384,17M,"1,000,000+",Free,0,Everyone,Education,"July 31, 2018",4.7.0,5.0 and up
Multiple Sclerosis Dx & Mgmt.,MEDICAL,4.5,131,60M,"10,000+",Free,0,Everyone,Medical,"September 25, 2017",5.0,4.4 and up
Jungle Marble Blast,GAME,4.3,18985,23M,"5,000,000+",Free,0,Everyone,Casual,"July 23, 2018",1.5.4,4.0.3 and up
Video Downloader,VIDEO_PLAYERS,4.2,58981,5.4M,"10,000,000+",Free,0,Everyone,Video Players & Editors,"August 3, 2018",1.0.8,4.4 and up
TN Patta /Chitta /EC New,SOCIAL,4.8,5,3.0M,100+,Free,0,Teen,Social,"July 20, 2018",1.0,4.0 and up
Calorie Counter & Diet Tracker,HEALTH_AND_FITNESS,4.5,32606,Varies with device,"1,000,000+",Free,0,Everyone,Health & Fitness,"March 22, 2018",Varies with device,Varies with device
Official Madhuban Murli,LIFESTYLE,4.9,301,25M,"10,000+",Free,0,Everyone,Lifestyle,"July 21, 2018",1.1.2,4.4 and up
BN Pro BlueICS HD Text,LIBRARIES_AND_DEMO,4.1,174,816k,"10,000+",Free,0,Everyone,Libraries & Demo,"February 5, 2017",2.3.2,1.6 and up
CP-Care Mobile,FAMILY,,1,16M,10+,Free,0,Everyone,Education,"June 20, 2018",1,4.0 and up
Word Hunt,GAME,4.9,59,21M,500+,Free,0,Everyone,Word,"June 22, 2018",1.0,4.4 and up
ZEDGE™ Ringtones & Wallpapers,PERSONALIZATION,4.6,6466641,Varies with device,"100,000,000+",Free,0,Teen,Personalization,"July 19, 2018",Varies with device,Varies with device
CK SKILLZ,HEALTH_AND_FITNESS,,0,8.6M,50+,Free,0,Everyone,Health & Fitness,"May 15, 2018",1.1.7,4.1 and up
EM Launcher for EMUI,PERSONALIZATION,4.1,3175,2.3M,"500,000+",Free,0,Everyone,Personalization,"April 6, 2018",1.0.6,4.1 and up
BC Hospital Wait Times,MEDICAL,4.2,8,1.2M,500+,Free,0,Everyone,Medical,"January 19, 2016",1.2,4.1 and up
G-Switch,GAME,3.8,4116,8.8M,"100,000+",Free,0,Everyone,Action,"September 1, 2015",1.3.4,2.3 and up
Viber Messenger,COMMUNICATION,4.3,11334973,Varies with device,"500,000,000+",Free,0,Everyone,Communication,"July 18, 2018",Varies with device,Varies with device
BL 1-Click Camera,PHOTOGRAPHY,,4,1.4M,100+,Paid,$3.99,Everyone,Photography,"August 18, 2016",2.0.160818,2.3 and up
Photo Editor & Candy Camera & Grid & ScrapBook,ART_AND_DESIGN,4.1,159,19M,"10,000+",Free,0,Everyone,Art & Design,"January 7, 2018",1.0.0,4.0.3 and up
KakaoMap - Map / Navigation,TRAVEL_AND_LOCAL,4.1,76779,Varies with device,"10,000,000+",Free,0,Everyone,Travel & Local,"July 30, 2018",Varies with device,Varies with device
Ez iCam,PHOTOGRAPHY,3.1,7300,46M,"1,000,000+",Free,0,Teen,Photography,"January 12, 2018",V4.1.0,5.0 and up
Call Free – Free Call,COMMUNICATION,4.3,30209,15M,"5,000,000+",Free,0,Everyone,Communication,"July 28, 2018",1.3.4,4.1 and up
"Black Wallpaper, AMOLED, Dark Background: Darkify",LIFESTYLE,4.6,51357,80M,"5,000,000+",Free,0,Everyone,Lifestyle,"July 31, 2018",8.0,4.0 and up
League18,SPORTS,4.3,14123,13M,"500,000+",Free,0,Everyone,Sports,"August 1, 2018",4.0.0,4.0 and up
FR Roster,TOOLS,4.1,174,12M,"5,000+",Free,0,Everyone,Tools,"July 30, 2018",6.04,4.4 and up
BX Diff - Crypto Coins Checker,FINANCE,4.6,83,4.0M,"5,000+",Free,0,Everyone,Finance,"July 16, 2018",1.0.21,4.4 and up
Fifa World Cup 2018: Photo Frame Editor & DP Maker,PHOTOGRAPHY,4.6,666,8.7M,"100,000+",Free,0,Everyone,Photography,"June 20, 2018",6.1,4.0.3 and up
League of Gamers - Be an E-Sports Legend!,SPORTS,4.5,68072,40M,"5,000,000+",Free,0,Everyone,Sports,"July 26, 2018",1.1.7,4.1 and up
Furrion ES Control,VIDEO_PLAYERS,1.8,26,2.7M,"5,000+",Free,0,Everyone,Video Players & Editors,"September 29, 2016",1.0,4.2 and up
Trello,PRODUCTIVITY,4.5,72513,12M,"5,000,000+",Free,0,Everyone,Productivity,"July 18, 2018",5.0.1.11068-production,5.0 and up
J Dark Ice Substratum Theme,PERSONALIZATION,4.5,164,33M,"10,000+",Free,0,Everyone,Personalization,"July 19, 2018",4.3,6.0 and up
CN Superstar Soccer: Goal!!!,FAMILY,4.1,3863,41M,"100,000+",Paid,$2.99,Everyone,Sports;Action & Adventure,"May 24, 2018",1.1.1,4.1 and up
R. Physics Puzzle Game,FAMILY,4.2,5369,60M,"500,000+",Free,0,Everyone,Puzzle,"April 19, 2018",1.0.16,4.3 and up
Desperate Housewives: The Game,FAMILY,4.2,10440,27M,"500,000+",Free,0,Teen,Role Playing,"August 6, 2018",18.30.22,4.4 and up
Atlan3D Navigation: Korea navigator,MAPS_AND_NAVIGATION,4.2,22063,Varies with device,"1,000,000+",Free,0,Everyone,Maps & Navigation,"July 31, 2018",Varies with device,Varies with device
WiFi-o-Matic,PRODUCTIVITY,4.0,736,6.8M,"50,000+",Free,0,Everyone,Productivity,"February 1, 2018",1.80.03,4.1 and up
Culver's,LIFESTYLE,3.9,1638,4.9M,"100,000+",Free,0,Everyone,Lifestyle,"April 11, 2018",1.20,4.3 and up
Simple - Better Banking,FINANCE,4.4,7731,24M,"100,000+",Free,0,Everyone,Finance,"August 2, 2018",2.53.2,5.0 and up
PBS KIDS Games,FAMILY,4.3,12919,94M,"1,000,000+",Free,0,Everyone,Educational;Education,"June 6, 2018",1.15.2,4.4 and up
Cb browser,COMMUNICATION,5.0,5,3.7M,50+,Free,0,Everyone,Communication,"April 2, 2018",1.0,4.0 and up
Dr.Android Repair Master 2017,PRODUCTIVITY,3.8,1205,4.3M,"100,000+",Free,0,Everyone,Productivity,"June 10, 2018",2,4.0 and up
14thStreetVet,MEDICAL,,0,29M,5+,Free,0,Everyone,Medical,"July 16, 2018",300000.1.11,4.0.3 and up
VITEK EH DVR Viewer (Pro),TOOLS,3.5,78,3.3M,"10,000+",Free,0,Everyone,Tools,"October 11, 2013",1.2.10,2.2 and up
MyVodafone (India) - Online Recharge & Pay Bills,PRODUCTIVITY,4.1,1092367,Varies with device,"10,000,000+",Free,0,Everyone,Productivity,"August 4, 2018",8.0.1.0,Varies with device
imo beta free calls and text,COMMUNICATION,4.3,659395,11M,"100,000,000+",Free,0,Everyone,Communication,"June 7, 2018",9.8.000000010492,4.0 and up
Microsoft OneNote,PRODUCTIVITY,4.4,480640,Varies with device,"100,000,000+",Free,0,Everyone,Productivity,"July 22, 2018",16.0.10325.20024,4.4 and up
Speed Reading,EDUCATION,4.6,10611,11M,"500,000+",Free,0,Everyone,Education,"May 27, 2018",2.3.7,4.0 and up
Masha and the Bear: House Cleaning Games for Girls,FAMILY,4.5,43852,77M,"10,000,000+",Free,0,Everyone,Role Playing;Pretend Play,"July 19, 2018",1.9.10,4.1 and up
Be the Expert in Phlebotomy - Professional Nursing,MEDICAL,,0,5.0M,1+,Paid,$0.99,Everyone,Medical,"July 24, 2018",1.0,4.0.3 and up
HISTORY: Watch TV Show Full Episodes & Specials,ENTERTAINMENT,4.1,33387,20M,"1,000,000+",Free,0,Teen,Entertainment,"July 16, 2018",3.1.4,4.4 and up
Jeppesen CR Flight Computer,MAPS_AND_NAVIGATION,3.3,3,26M,100+,Paid,$9.99,Everyone,Maps & Navigation,"October 5, 2016",1.0.8,4.4 and up
Pokémon TV,FAMILY,4.2,117461,Varies with device,"5,000,000+",Free,0,Everyone,Entertainment;Music & Video,"June 29, 2018",Varies with device,Varies with device
Florida Beach Wallpapers HD,TRAVEL_AND_LOCAL,5.0,3,12M,100+,Free,0,Everyone,Travel & Local,"December 30, 2015",1.8.1,4.1 and up
BU Mobile,FAMILY,4.5,472,4.3M,"10,000+",Free,0,Everyone,Education,"July 6, 2018",2.4.1,2.3.3 and up
AU Results - AU COE Corner,FAMILY,4.0,664,2.1M,"100,000+",Free,0,Everyone,Education,"December 14, 2017",2.2.5,4.1 and up
Proverbes du monde,FAMILY,,38,2.8M,"10,000+",Free,0,Everyone,Entertainment,"March 12, 2018",1.1.2.0,1.6 and up
MLB Ballpark,SPORTS,3.9,5511,32M,"1,000,000+",Free,0,Everyone,Sports,"July 16, 2018",7.3.0,4.2 and up
2048(AI),FAMILY,4.3,20,3.5M,"1,000+",Free,0,Everyone,Casual,"June 3, 2015",0.33,2.3 and up
Mirrativ: Live Stream Any App,SOCIAL,4.1,17955,89M,"500,000+",Free,0,Teen,Social,"August 2, 2018",7.23.4,4.1 and up
PixelLab - Text on pictures,PHOTOGRAPHY,4.6,108002,Varies with device,"10,000,000+",Free,0,Everyone,Photography,"July 26, 2018",Varies with device,Varies with device
"VRV: Anime, game videos & more",ENTERTAINMENT,3.9,15254,Varies with device,"1,000,000+",Free,0,Teen,Entertainment,"June 19, 2018",Varies with device,Varies with device
diep.io,GAME,4.1,347883,20M,"10,000,000+",Free,0,Everyone,Action,"March 16, 2018",1.2.7,4.0.3 and up
My Child from eDziecko.pl,PARENTING,4.5,1025,17M,"100,000+",Free,0,Everyone,Parenting,"June 29, 2018",1.3.9,4.1 and up
Ost. Zombies Cast - New Music and Lyrics,DATING,,1,4.6M,100+,Free,0,Teen,Dating,"July 20, 2018",1.0,4.0.3 and up
Gun Simulator - Gun Games,FAMILY,4.4,134,Varies with device,"10,000+",Free,0,Teen,Simulation,"February 24, 2018",Varies with device,4.0.3 and up
CityMaps2Go Plan Trips Travel Guide Offline Maps,TRAVEL_AND_LOCAL,4.3,64713,58M,"1,000,000+",Free,0,Everyone,Travel & Local,"June 9, 2018",10.9.8 (Play),5.0 and up
Flag of European Union,PERSONALIZATION,4.2,36,5.3M,"1,000+",Free,0,Everyone,Personalization,"December 10, 2016",2.0,2.3.3 and up
Cv maker / Job cv maker,FAMILY,4.4,14,5.5M,"1,000+",Free,0,Everyone,Education,"March 27, 2018",1.0,4.0 and up
Khan Academy,EDUCATION,4.6,85375,21M,"5,000,000+",Free,0,Everyone,Education,"July 27, 2018",5.0.0,4.1 and up
"Sweet Selfie - selfie camera, beauty cam, photo edit",PHOTOGRAPHY,4.6,1159058,25M,"100,000,000+",Free,0,Everyone,Photography,"August 3, 2018",2.73.672,4.0.3 and up
PayPal,FINANCE,4.3,659760,47M,"50,000,000+",Free,0,Everyone,Finance,"July 18, 2018",6.28.0,4.4 and up
How to sew & make the easiest pattern,LIBRARIES_AND_DEMO,,110,10M,"10,000+",Free,0,Everyone,Libraries & Demo,"November 5, 2017",1.0,4.0 and up
Materialistic P Wallpapers,PERSONALIZATION,4.8,24,3.6M,"1,000+",Free,0,Everyone,Personalization,"August 3, 2018",2.244,5.0 and up
US Open Tennis Championships 2018,SPORTS,4.0,9971,33M,"1,000,000+",Free,0,Everyone,Sports,"June 5, 2018",7.1,5.0 and up
Champions and Challengers - Adventure Time,FAMILY,4.6,51973,27M,"1,000,000+",Free,0,Everyone,Role Playing,"August 2, 2018",1.2.5,4.4 and up
Manga Zero - Japanese cartoon and comic reader,COMICS,4.2,15194,15M,"1,000,000+",Free,0,Teen,Comics,"July 19, 2018",4.7.3,4.2 and up
Gems or jewels ?,GAME,4.7,171448,13M,"10,000,000+",Free,0,Teen,Puzzle,"August 3, 2018",1.0.109,4.0 and up
Real Racing 3,FAMILY,4.5,354384,71M,"10,000,000+",Free,0,Everyone,Racing;Action & Adventure,"July 2, 2018",6.4.0,4.1 and up
INFAMY RO,FAMILY,4.1,2167,3.7M,"50,000+",Free,0,Everyone,Role Playing,"December 14, 2017",202,4.3 and up
YAKALA AY,GAME,,0,14M,1+,Paid,$0.99,Everyone,Arcade,"July 7, 2018",1.0,4.1 and up
My Vodacom SA,COMMUNICATION,3.7,25021,61M,"5,000,000+",Free,0,Everyone,Communication,"June 26, 2018",9.9.0,4.3 and up
"AOL - News, Mail & Video",NEWS_AND_MAGAZINES,4.1,62465,Varies with device,"5,000,000+",Free,0,Everyone 10+,News & Magazines,"August 2, 2018",Varies with device,Varies with device
MOTOBAZAR EU,LIFESTYLE,,1,2.0M,100+,Free,0,Everyone,Lifestyle,"May 6, 2018",1.2.36,4.0.3 and up
ROMWE - Women's Fashion,SHOPPING,4.6,135043,11M,"10,000,000+",Free,0,Everyone,Shopping,"July 30, 2018",4.0.2,4.2 and up
Five Nights at Freddy's 2,FAMILY,4.6,73919,40M,"500,000+",Paid,$2.99,Teen,Strategy,"November 15, 2014",1.07,2.3 and up
Five Nights at Freddy's 2 Demo,FAMILY,4.3,1503544,40M,"50,000,000+",Free,0,Teen,Strategy,"November 15, 2014",1.07,2.3 and up
SHUTTLLS CQ - Connect Ride Go,TRAVEL_AND_LOCAL,,0,18M,5+,Free,0,Everyone,Travel & Local,"April 26, 2018",4.6.2100,4.3 and up
Angry Birds Match,FAMILY,4.7,227401,91M,"5,000,000+",Free,0,Everyone,Puzzle,"July 19, 2018",1.5.0,5.0 and up
Stupid Zombies,GAME,4.5,464900,33M,"10,000,000+",Free,0,Teen,Arcade,"June 27, 2018",2.0.5,4.2 and up
Final Fantasy XV: A New Empire,FAMILY,4.0,484858,Varies with device,"10,000,000+",Free,0,Everyone 10+,Strategy,"June 15, 2018",3.30.4.83,4.1 and up
Lineage 2: Revolution,GAME,4.2,187972,99M,"5,000,000+",Free,0,Teen,Role Playing,"July 11, 2018",1.05.20,4.4 and up
Manga AZ - Manga Comic Reader,COMICS,3.3,126,4.7M,"5,000+",Free,0,Teen,Comics,"July 24, 2018",1.0.4,4.0.3 and up
Quiz TRUE or FALSE,GAME,4.6,2464,34M,"50,000+",Free,0,Everyone,Trivia,"February 13, 2018",1.1,4.1 and up
Angry Birds 2,FAMILY,4.6,3881752,57M,"100,000,000+",Free,0,Everyone,Casual,"July 26, 2018",2.21.1,4.1 and up
ba,FAMILY,3.1,1734,5.8M,"500,000+",Free,0,Everyone,Strategy,"June 8, 2016",1.0.3,4.0 and up
Episode - Choose Your Story,GAME,4.3,1841061,Varies with device,"50,000,000+",Free,0,Teen,Simulation,"July 31, 2018",Varies with device,Varies with device
FL State Parks Guide,TRAVEL_AND_LOCAL,3.7,871,45M,"100,000+",Free,0,Everyone,Travel & Local,"October 27, 2017",5.29.23 Domain 253,4.4 and up
Rolly Vortex,GAME,4.4,98123,40M,"10,000,000+",Free,0,Teen,Arcade,"May 25, 2018",1.7.0,4.1 and up
PJ Masks: Moonlight Heroes,FAMILY,4.4,87045,99M,"10,000,000+",Free,0,Everyone,Casual;Action & Adventure,"June 5, 2018",2.0.1,4.0.3 and up
Beauty Selfie Camera,BEAUTY,4.2,2225,52M,"500,000+",Free,0,Everyone,Beauty,"February 28, 2018",1.6,4.1 and up
QR BARCODE SCANNER,TOOLS,3.8,169369,Varies with device,"10,000,000+",Free,0,Everyone,Tools,"September 5, 2016",Varies with device,Varies with device
Access Point Proximity,TOOLS,,5,2.3M,"1,000+",Free,0,Everyone,Tools,"June 28, 2018",2.1.1,5.0 and up
Driving School 3D 2017,FAMILY,3.9,5075,48M,"500,000+",Free,0,Everyone,Simulation,"April 4, 2017",2.1.5,3.0 and up
BK Manager,NEWS_AND_MAGAZINES,,19,17M,"5,000+",Free,0,Everyone,News & Magazines,"December 19, 2017",1.0.2,4.4 and up
DB Streckenagent,MAPS_AND_NAVIGATION,3.9,4569,7.5M,"500,000+",Free,0,Everyone,Maps & Navigation,"December 22, 2017",2.1.10 (49),4.0 and up
Guide for CS:GO,FAMILY,4.4,16459,88M,"500,000+",Free,0,Everyone,Entertainment,"July 15, 2017",3.2.0,2.3 and up
Wendy’s – Food and Offers,FOOD_AND_DRINK,3.4,6512,18M,"1,000,000+",Free,0,Everyone,Food & Drink,"April 12, 2018",5.7.0,4.4 and up
ESPN,SPORTS,4.2,521140,Varies with device,"10,000,000+",Free,0,Everyone 10+,Sports,"July 19, 2018",Varies with device,5.0 and up
Battlelands Royale,GAME,4.4,105620,61M,"1,000,000+",Free,0,Everyone 10+,Action,"July 16, 2018",0.5.8,4.1 and up
EZ PZ RPG,FAMILY,3.8,70903,47M,"1,000,000+",Free,0,Everyone 10+,Role Playing,"October 27, 2016",2.164.4,2.3 and up
REV Robotic Enhance Vehicles,FAMILY,4.4,2558,61M,"100,000+",Free,0,Everyone,Entertainment,"January 16, 2018",2.0.11,4.4 and up
Udacity - Lifelong Learning,EDUCATION,4.3,22384,17M,"1,000,000+",Free,0,Everyone,Education,"July 31, 2018",4.7.0,5.0 and up
NEW Theme for Phone X,PERSONALIZATION,4.7,8642,3.7M,"500,000+",Free,0,Everyone,Personalization,"May 22, 2018",1.1.6,4.0 and up
DV 2018 Winners Guide,BOOKS_AND_REFERENCE,4.8,11,608k,"1,000+",Free,0,Everyone,Books & Reference,"July 23, 2017",1.09,4.2 and up
ai robot keyboard,PERSONALIZATION,4.7,1891,1.9M,"100,000+",Free,0,Everyone,Personalization,"May 24, 2018",10001008,4.0.3 and up
Adblock Browser for Android,COMMUNICATION,4.1,121113,39M,"10,000,000+",Free,0,Everyone,Communication,"July 11, 2018",1.4.0,4.1 and up
Builder (by Engineer.ai),PRODUCTIVITY,3.6,8,3.2M,100+,Free,0,Everyone,Productivity,"November 4, 2017",1.2-Release,4.1 and up
EU Flag Live Wallpaper,PERSONALIZATION,,19,2.3M,"1,000+",Free,0,Everyone,Personalization,"June 9, 2016",1.0,2.3 and up
POF Free Dating App,SOCIAL,4.2,1175794,Varies with device,"50,000,000+",Free,0,Mature 17+,Social,"July 31, 2018",Varies with device,Varies with device
VZ Navigator for Galaxy S4,TRAVEL_AND_LOCAL,3.0,2750,39M,"5,000,000+",Free,0,Everyone,Travel & Local,"January 22, 2018",10.7.8.111,4.2 and up
ROBLOX,GAME,4.5,4449910,67M,"100,000,000+",Free,0,Everyone 10+,Adventure;Action & Adventure,"July 31, 2018",2.347.225742,4.1 and up
Toca Builders,FAMILY,4.2,3328,Varies with device,"100,000+",Paid,$3.99,Everyone,Education;Creativity,"July 13, 2017",Varies with device,Varies with device
Kick the Buddy,GAME,4.3,1000417,Varies with device,"50,000,000+",Free,0,Teen,Action,"July 5, 2018",Varies with device,4.4 and up
Delta Dental,MEDICAL,3.0,914,Varies with device,"100,000+",Free,0,Everyone,Medical,"July 17, 2018",4.6.0,5.0 and up
King Burger Dash,FAMILY,3.6,445,12M,"50,000+",Free,0,Everyone,Casual,"March 22, 2015",1.3,2.2 and up
Run on Earth,HEALTH_AND_FITNESS,2.4,577,3.7M,"50,000+",Free,0,Everyone,Health & Fitness,"April 25, 2018",1.7.5,4.0 and up
Ulysse Speedometer Pro,AUTO_AND_VEHICLES,4.6,4140,Varies with device,"50,000+",Paid,$1.99,Everyone,Auto & Vehicles,"May 13, 2018",Varies with device,Varies with device
DU Cleaner – Memory cleaner & clean phone cache,TOOLS,4.5,465831,8.9M,"10,000,000+",Free,0,Everyone,Tools,"July 23, 2018",1.5.9.9,4.0 and up
FO Bixby,PERSONALIZATION,5.0,5,861k,100+,Paid,$0.99,Everyone,Personalization,"April 25, 2018",0.2,7.0 and up
Stylish Fonts,PERSONALIZATION,3.8,153176,4.3M,"10,000,000+",Free,0,Everyone,Personalization,"August 7, 2018",1.17,4.0.3 and up
Cloud DX Connected Health,HEALTH_AND_FITNESS,5.0,6,11M,100+,Free,0,Everyone,Health & Fitness,"July 19, 2017",1.7.10713 (281),4.4 and up
Doctor On Demand,MEDICAL,4.7,18674,Varies with device,"1,000,000+",Free,0,Everyone,Medical,"July 27, 2018",3.25.0,4.4 and up
DB Busradar NRW,MAPS_AND_NAVIGATION,3.7,78,3.0M,"10,000+",Free,0,Everyone,Maps & Navigation,"April 12, 2017",1.0.2,2.2 and up
Speed Boat Racing,SPORTS,4.0,2487,27M,"1,000,000+",Free,0,Everyone,Sports,"August 3, 2018",12.0,4.0.3 and up
2RedBeans,DATING,4.0,337,32M,"10,000+",Free,0,Mature 17+,Dating,"July 31, 2018",2.8.0,4.3 and up
Mini for fb lite,TOOLS,4.0,710,1.1M,"100,000+",Free,0,Everyone,Tools,"May 24, 2018",1.0,2.3 and up
HD Themes Toyota Cruiser70,PERSONALIZATION,,0,15M,100+,Free,0,Teen,Personalization,"October 3, 2016",1.0,2.3.3 and up
Goodbox - Mega App,COMMUNICATION,4.3,3429,Varies with device,"100,000+",Free,0,Everyone,Communication,"March 8, 2018",1.10.279.2,4.2 and up
wikiHow: how to do anything,BOOKS_AND_REFERENCE,4.4,43088,3.0M,"1,000,000+",Free,0,Teen,Books & Reference,"April 19, 2017",2.7.3,4.0 and up
Dete.bg,NEWS_AND_MAGAZINES,,0,29M,100+,Free,0,Everyone,News & Magazines,"June 12, 2017",1.2,4.1 and up
DG Screen Recorder,VIDEO_PLAYERS,3.3,12,2.9M,500+,Free,0,Everyone,Video Players & Editors,"October 20, 2015",1.7,5.0 and up
easyJet: Travel App,TRAVEL_AND_LOCAL,4.4,134895,50M,"10,000,000+",Free,0,Everyone,Travel & Local,"July 1, 2018",2.32.2,4.2 and up
"CallApp: Caller ID, Blocker & Phone Call Recorder",COMMUNICATION,4.4,483565,20M,"10,000,000+",Free,0,Everyone,Communication,"July 29, 2018",1.286,4.1 and up
Virtual Mom Surgery Doctor : ER Emergency Hospital,FAMILY,4.0,1130,77M,"100,000+",Free,0,Teen,Educational,"May 15, 2018",1.4,4.0 and up
Fingerprint Quick Action,TOOLS,4.2,8484,1.7M,"1,000,000+",Free,0,Everyone,Tools,"July 22, 2018",0.15.2,6.0 and up
ER Neck Surgery: Hospital Christmas Emergency,FAMILY,,11,30M,"5,000+",Free,0,Everyone 10+,Role Playing,"November 24, 2017",1.0.1,4.1 and up
HD Camera Pro for Android,PHOTOGRAPHY,4.1,49211,1.9M,"1,000,000+",Free,0,Everyone,Photography,"January 19, 2017",1.5.5,2.1 and up
Forest Crossing AH,MEDICAL,,0,29M,10+,Free,0,Everyone,Medical,"April 12, 2018",300000.1.01,4.0.3 and up
CA Service Management,BUSINESS,3.4,91,8.3M,"10,000+",Free,0,Everyone,Business,"March 20, 2018",3.1.13,5.0 and up
"Alizay, pirate girl",FAMILY,4.5,197,11M,"1,000+",Paid,$2.99,Everyone,Casual;Action & Adventure,"March 23, 2017",4.0.2,2.3 and up
Clash Royale,GAME,4.6,23133508,97M,"100,000,000+",Free,0,Everyone 10+,Strategy,"June 27, 2018",2.3.2,4.1 and up
Arto: f.infrared photo,PHOTOGRAPHY,4.1,41,11M,500+,Paid,$1.49,Everyone,Photography,"July 19, 2016",3.1,4.4 and up
Glowing Flowers Live Wallpaper,PERSONALIZATION,4.2,66730,7.0M,"5,000,000+",Free,0,Everyone,Personalization,"May 21, 2018",18.0,4.1 and up
Pro App for Craigslist,SHOPPING,4.1,5618,4.6M,"500,000+",Free,0,Teen,Shopping,"May 9, 2018",Copyright,4.1 and up
50 Healthy Slow Cooker Recipes,FOOD_AND_DRINK,4.0,196,9.0M,"10,000+",Free,0,Everyone 10+,Food & Drink,"February 17, 2017",1.2,2.3.3 and up
U+Box,PRODUCTIVITY,3.8,24517,22M,"10,000,000+",Free,0,Everyone,Productivity,"May 23, 2018",4.2.17,5.0 and up
w UN map,LIFESTYLE,4.2,23164,10.0M,"1,000,000+",Free,0,Mature 17+,Lifestyle,"July 24, 2018",2.6,5.0 and up
Stolica.bg,NEWS_AND_MAGAZINES,,1,1.3M,50+,Free,0,Everyone,News & Magazines,"May 2, 2018",1.1,5.0 and up
Domino's Pizza USA,FOOD_AND_DRINK,4.7,1032935,Varies with device,"10,000,000+",Free,0,Everyone,Food & Drink,"July 20, 2018",Varies with device,Varies with device
DEAD TARGET: FPS Zombie Apocalypse Survival Games,GAME,4.5,1468638,Varies with device,"50,000,000+",Free,0,Mature 17+,Action,"July 23, 2018",Varies with device,Varies with device
Learn SQL,EDUCATION,4.7,19277,5.3M,"1,000,000+",Free,0,Everyone,Education,"December 25, 2017",3.4.2,4.0 and up
Virtual Cigarette Smoking (prank),FAMILY,3.7,29838,Varies with device,"5,000,000+",Free,0,Mature 17+,Entertainment,"June 28, 2018",2.2,Varies with device
Ac remote control,TOOLS,3.7,822,5.0M,"50,000+",Free,0,Everyone,Tools,"February 27, 2017",1.1,2.3 and up
Yahoo Fantasy Sports - #1 Rated Fantasy App,SPORTS,4.2,277939,Varies with device,"5,000,000+",Free,0,Mature 17+,Sports,"August 2, 2018",Varies with device,Varies with device
iFunny :),FAMILY,4.4,503757,Varies with device,"10,000,000+",Free,0,Mature 17+,Entertainment,"August 2, 2018",Varies with device,Varies with device
UNICORN - Color By Number & Pixel Art Coloring,ART_AND_DESIGN,4.7,8145,24M,"500,000+",Free,0,Everyone,Art & Design;Creativity,"August 2, 2018",1.0.9,4.4 and up
WatchESPN,SPORTS,4.1,288809,6.6M,"10,000,000+",Free,0,Everyone,Sports,"September 27, 2017",2.5.1,4.4 and up
Jigsaw Puzzles FN FAL Light Automatic Rifle,FAMILY,,0,5.6M,50+,Free,0,Teen,Puzzle,"May 7, 2018",1.0,4.0.3 and up
Photo Editor Collage Maker Pro,PHOTOGRAPHY,4.5,1519671,Varies with device,"100,000,000+",Free,0,Everyone,Photography,"February 1, 2018",Varies with device,Varies with device
Moto Fighter 3D,GAME,3.9,85410,39M,"10,000,000+",Free,0,Everyone 10+,Racing,"September 20, 2017",20170920,4.1 and up
Antenna Tool,TOOLS,4.2,522,2.9M,"50,000+",Free,0,Everyone,Tools,"October 26, 2017",2.2 Free,4.0.3 and up
CG BILASPUR CARNIVAL,EVENTS,3.8,59,1.8M,"5,000+",Free,0,Everyone,Events,"April 11, 2018",1.5,4.0 and up
Sworkit Kids - Fitness Meets Fun,FAMILY,4.7,9856,55M,"100,000+",Free,0,Everyone,Health & Fitness;Education,"February 2, 2016",1.1.1,4.0 and up
English to Hindi Dictionary,BOOKS_AND_REFERENCE,4.1,71328,11M,"5,000,000+",Free,0,Everyone,Books & Reference,"June 11, 2017",BlueOrange,4.0.3 and up
Turbo Download Manager (and Browser),TOOLS,4.0,32879,3.2M,"5,000,000+",Free,0,Everyone,Tools,"August 4, 2018",5.19,4.0.3 and up
A&E - Watch Full Episodes of TV Shows,FAMILY,4.0,29708,19M,"1,000,000+",Free,0,Teen,Entertainment,"July 16, 2018",3.1.4,4.4 and up
Vikings Stickman Axe Fighting,GAME,4.2,924,43M,"100,000+",Free,0,Everyone,Arcade,"October 21, 2017",1.5.2,3.0 and up
Gormey: Find Best Restaurants,TRAVEL_AND_LOCAL,4.3,34,7.6M,"1,000+",Free,0,Everyone,Travel & Local,"August 29, 2017",2.3,4.0.3 and up
Microsoft Launcher,PERSONALIZATION,4.6,649568,26M,"10,000,000+",Free,0,Everyone,Personalization,"August 1, 2018",4.12.0.44682,4.2 and up
FE Civil Engineering Exam Prep,FAMILY,2.8,9,21M,"1,000+",Free,0,Everyone,Education,"July 27, 2018",5.33.3669,5.0 and up
FR Forms,BUSINESS,,0,9.6M,10+,Free,0,Everyone,Business,"September 29, 2016",1.1.5,4.0 and up
The Bump Pregnancy Tracker,HEALTH_AND_FITNESS,4.6,20301,22M,"1,000,000+",Free,0,Everyone,Health & Fitness,"May 16, 2018",3.22,4.3 and up
ABC – Live TV & Full Episodes,FAMILY,3.3,50428,Varies with device,"5,000,000+",Free,0,Teen,Entertainment,"July 25, 2018",Varies with device,5.0 and up
My C Spire,PRODUCTIVITY,4.1,376,32M,"50,000+",Free,0,Everyone,Productivity,"July 23, 2018",2.15.1,4.4 and up
GUNSHIP BATTLE: Helicopter 3D,GAME,4.3,2151039,75M,"50,000,000+",Free,0,Teen,Action,"August 1, 2018",2.6.61,4.0.3 and up
BSPlayer FREE,VIDEO_PLAYERS,4.3,138337,Varies with device,"10,000,000+",Free,0,Everyone,Video Players & Editors,"April 3, 2018",Varies with device,Varies with device
Period Tracker - Period Calendar Ovulation Tracker,HEALTH_AND_FITNESS,4.8,4559407,Varies with device,"100,000,000+",Free,0,Everyone,Health & Fitness,"August 1, 2018",Varies with device,Varies with device
Egg Baby,FAMILY,4.4,351607,8.7M,"5,000,000+",Free,0,Everyone 10+,Casual,"June 29, 2016",1.26.03,2.3.3 and up
virtual lover 3D,FAMILY,4.6,5195,64M,"100,000+",Free,0,Mature 17+,Entertainment,"April 18, 2018",1.3,4.1 and up
Clinic Doctor EHr,MEDICAL,5.0,2,7.1M,5+,Free,0,Everyone,Medical,"August 3, 2018",1.0.51.0.3,8.0 and up
Hinge: Dating & Relationships,DATING,4.2,7779,12M,"500,000+",Free,0,Mature 17+,Dating,"August 3, 2018",6.1.3,5.0 and up
Ham Radio Prefixes,COMMUNICATION,3.7,218,3.7M,"10,000+",Free,0,Everyone,Communication,"July 12, 2014",1.12,2.3 and up
Austria Wien FK - Fussball - Inoffizielle App,SPORTS,,2,12M,100+,Free,0,Everyone,Sports,"July 27, 2018",1.0.4,4.1 and up
Florida Statutes (FL Code),BOOKS_AND_REFERENCE,3.2,5,8.2M,"1,000+",Free,0,Everyone,Books & Reference,"October 21, 2017",1.5,4.4 and up
Nextdoor - Local neighborhood news & classifieds,SOCIAL,4.3,51502,20M,"5,000,000+",Free,0,Teen,Social,"July 25, 2018",2.69,5.0 and up
Pixlr – Free Photo Editor,PHOTOGRAPHY,4.4,1163232,31M,"50,000,000+",Free,0,Everyone,Photography,"July 20, 2018",3.4.0,4.0.3 and up
AT&T Smart Limits℠,LIFESTYLE,3.8,2300,Varies with device,"10,000,000+",Free,0,Everyone,Lifestyle,"March 7, 2017",Varies with device,Varies with device
Masha and The Bear Jam Day Match 3 games for kids,FAMILY,4.6,50060,98M,"1,000,000+",Free,0,Everyone,Puzzle;Brain Games,"August 7, 2018",1.4.83,4.1 and up
Scanning under clothes (prank),FAMILY,3.7,1443,20M,"100,000+",Free,0,Mature 17+,Entertainment,"January 18, 2018",3.0,2.3 and up
Soy Luna - Top Music And Lyrics,DATING,,1,5.0M,100+,Free,0,Teen,Dating,"July 24, 2018",1.0,4.0.3 and up
Ecobank Mobile Banking,FINANCE,4.0,12073,42M,"1,000,000+",Free,0,Everyone,Finance,"May 25, 2018",3.3,4.2 and up
Armored Warfare: Assault,GAME,4.0,7718,46M,"100,000+",Free,0,Everyone,Action,"August 2, 2018",1.0-a22936.127,5.0 and up
Bo's Matching Game,FAMILY,,3,19M,"1,000+",Paid,$0.99,Everyone,Education;Brain Games,"December 28, 2017",1.4,4.0.3 and up
Pyaterochka,FOOD_AND_DRINK,3.1,8412,Varies with device,"1,000,000+",Free,0,Everyone,Food & Drink,"July 19, 2018",Varies with device,4.4 and up
AX Timesheets App for Dynamics,BUSINESS,,0,9.0M,10+,Free,0,Everyone,Business,"February 15, 2018",1.0.5,4.4 and up
Epson iProjection,PRODUCTIVITY,3.5,3930,18M,"1,000,000+",Free,0,Everyone,Productivity,"March 22, 2018",3.0.0,4.0 and up
ES Holo Theme,TOOLS,4.3,11449,1.7M,"500,000+",Free,0,Everyone,Tools,"February 2, 2016",2.0.4,2.0 and up
Couple - Relationship App,SOCIAL,4.0,33249,8.4M,"1,000,000+",Free,0,Everyone,Social,"March 5, 2015",1.8.0,2.3 and up
FBReader: Favorite Book Reader,BOOKS_AND_REFERENCE,4.5,203130,Varies with device,"10,000,000+",Free,0,Everyone,Books & Reference,"June 28, 2018",Varies with device,Varies with device
Oddworld: New 'n' Tasty,GAME,4.6,1475,34M,"10,000+",Paid,$4.99,Teen,Action,"January 2, 2018",1.0.4,5.0 and up
Super Hearing Super Ear Amplifier,MEDICAL,4.1,21,20M,"1,000+",Free,0,Everyone,Medical,"June 11, 2018",1.1,4.1 and up
ASOS,SHOPPING,4.7,181798,22M,"10,000,000+",Free,0,Everyone,Shopping,"July 30, 2018",4.4.9,4.4 and up
"My Location: GPS Maps, Share & Save Places",MAPS_AND_NAVIGATION,4.3,29768,Varies with device,"5,000,000+",Free,0,Everyone,Maps & Navigation,"August 4, 2018",Varies with device,Varies with device
English to Urdu Dictionary,BOOKS_AND_REFERENCE,4.6,4620,19M,"500,000+",Free,0,Everyone,Books & Reference,"November 23, 2017",2.0,4.0.3 and up
FO Interim,COMMUNICATION,,1,11M,100+,Free,0,Everyone,Communication,"March 14, 2017",1.0,4.1 and up
AccuWeather: Daily Forecast & Live Weather Reports,WEATHER,4.4,2052407,Varies with device,"50,000,000+",Free,0,Everyone,Weather,"August 2, 2018",Varies with device,Varies with device
Retrica,PHOTOGRAPHY,4.3,6120977,Varies with device,"100,000,000+",Free,0,Everyone,Photography,"June 28, 2018",6.1.0,Varies with device
Keep My Notes - Notepad & Memo,PRODUCTIVITY,4.6,122424,4.7M,"5,000,000+",Free,0,Everyone,Productivity,"March 16, 2018",1.35.2,2.3.3 and up
Handbreit by a.w.niemeyer,NEWS_AND_MAGAZINES,,21,36M,"1,000+",Free,0,Everyone,News & Magazines,"May 31, 2017",3.9.4,4.0.3 and up
Countries of the European Union (Quiz),GAME,,11,7.0M,100+,Free,0,Everyone,Trivia,"February 3, 2018",1.3,5.0 and up
Samsung+,LIFESTYLE,4.5,82145,30M,"50,000,000+",Free,0,Everyone,Lifestyle,"July 5, 2018",10.19.0.0,4.4 and up
Ag Across America,FAMILY,,0,15M,10+,Free,0,Everyone,Educational;Education,"May 15, 2018",1.0.0,4.1 and up
Rosetta Stone: Learn to Speak & Read New Languages,EDUCATION,4.5,172508,76M,"5,000,000+",Free,0,Everyone,Education;Education,"June 27, 2018",5.2.1,5.0 and up
Tennis News and Scores,SPORTS,4.3,101,3.9M,"10,000+",Free,0,Everyone,Sports,"July 15, 2018",5.4,4.1 and up
B&H Photo Video Pro Audio,SHOPPING,4.6,17180,31M,"1,000,000+",Free,0,Everyone,Shopping,"August 3, 2018",5.3.1,4.4 and up
Remote For Pioneer AV Receivers and Blu-Ray,TOOLS,3.4,150,7.3M,"50,000+",Free,0,Everyone,Tools,"June 1, 2018",Cow V3.11,4.1 and up
INTERACTIVE CALCULUS PRO,FAMILY,,0,3.3M,10+,Paid,$0.99,Everyone,Education,"February 22, 2018",1.2,4.0.3 and up
Minecraft,FAMILY,4.5,2375336,Varies with device,"10,000,000+",Paid,$6.99,Everyone 10+,Arcade;Action & Adventure,"July 24, 2018",1.5.2.1,Varies with device
Coursera: Online courses,EDUCATION,4.4,90481,Varies with device,"5,000,000+",Free,0,Everyone,Education,"July 27, 2018",Varies with device,Varies with device
DS - xR,BUSINESS,,2,1.4M,10+,Free,0,Everyone,Business,"November 21, 2017",1.0,4.4 and up
Eternal Light AG,SOCIAL,5.0,30,13M,100+,Free,0,Teen,Social,"May 19, 2018",1.04,4.0.3 and up
Toy Battle Z,FAMILY,4.1,133,48M,"10,000+",Free,0,Everyone,Casual,"July 23, 2018",1.0.4,4.0 and up
Ringtones & Wallpapers for Me,PERSONALIZATION,4.2,89342,29M,"10,000,000+",Free,0,Everyone,Personalization,"January 30, 2018",1.13,4.1 and up
Backgrounds HD (Wallpapers),PERSONALIZATION,4.6,2390099,Varies with device,"100,000,000+",Free,0,Teen,Personalization,"August 4, 2018",Varies with device,Varies with device
Spine- The dating app,DATING,5.0,5,9.3M,500+,Free,0,Teen,Dating,"July 14, 2018",4.0,4.0.3 and up
CL Keyboard - Myanmar Keyboard (No Ads),TOOLS,5.0,24,3.2M,"5,000+",Free,0,Everyone,Tools,"June 13, 2018",1.1.3,4.3 and up
Ultra CE calculator,SPORTS,4.2,28,7.3M,"1,000+",Free,0,Everyone,Sports,"June 17, 2018",1.52,4.0.3 and up
EZ Notes Lite,PRODUCTIVITY,4.4,69,3.5M,"1,000+",Free,0,Everyone,Productivity,"July 8, 2016",2.79,4.0 and up
Satellite AR,BOOKS_AND_REFERENCE,4.1,9636,93k,"1,000,000+",Free,0,Everyone,Books & Reference,"September 22, 2011",2.4,2.1 and up
P Launcher for Android™ 9.0,PERSONALIZATION,3.9,35,6.3M,"5,000+",Free,0,Everyone,Personalization,"July 1, 2018",0.9.3,5.0 and up
My Nexus for CS:S & CS:GO,FAMILY,3.6,783,25M,"50,000+",Free,0,Teen,Entertainment,"June 25, 2016",1.3.4,4.0 and up
Tic Tac CK,FAMILY,5.0,3,13M,10+,Free,0,Everyone,Puzzle,"July 3, 2018",1.0,4.0.3 and up
Duolingo: Learn Languages Free,EDUCATION,4.7,6290507,Varies with device,"100,000,000+",Free,0,Everyone,Education;Education,"August 1, 2018",Varies with device,Varies with device
CJ SO COOL,FAMILY,4.5,145,14M,"10,000+",Free,0,Everyone,Entertainment,"July 11, 2018",1.0,4.2 and up
Rewards,FINANCE,3.8,57,4.0M,"5,000+",Free,0,Everyone,Finance,"December 15, 2017",4.1,2.3 and up
CamScanner - Phone PDF Creator,PRODUCTIVITY,4.6,1502622,Varies with device,"100,000,000+",Free,0,Everyone,Productivity,"July 3, 2018",Varies with device,Varies with device
DM for WhatsApp,COMMUNICATION,4.4,25,2.9M,"5,000+",Free,0,Everyone,Communication,"June 3, 2018",0.3.7,4.4 and up
QRZ Assistant,COMMUNICATION,4.2,1044,3.5M,"100,000+",Free,0,Everyone,Communication,"May 30, 2018",2.0,4.4 and up
9th stage,FOOD_AND_DRINK,4.5,454,16M,"100,000+",Free,0,Everyone,Food & Drink,"March 28, 2018",2.0.0,4.0.3 and up
Talking Ginger,FAMILY,4.2,1752017,52M,"100,000,000+",Free,0,Everyone,Entertainment,"July 5, 2018",2.5.6.11,4.1 and up
Carrier Landings Pro,FAMILY,4.6,5969,31M,"10,000+",Paid,$12.99,Everyone,Simulation,"June 29, 2018",4.2.4,4.1 and up
ALL-IN-ONE PACKAGE TRACKING,PRODUCTIVITY,4.7,167406,18M,"1,000,000+",Free,0,Everyone,Productivity,"July 23, 2018",3.1.1281,4.0.3 and up
F Length Sim (no Ads),PHOTOGRAPHY,,0,1.7M,10+,Paid,$2.00,Everyone,Photography,"April 29, 2018",1.0,4.0.3 and up
BL-ED: From BLUE to RED,GAME,,3,2.9M,10+,Free,0,Everyone,Arcade,"April 24, 2016",1.6.5,4.4W and up
My Talking Angela,FAMILY,4.5,9876369,99M,"100,000,000+",Free,0,Everyone,Casual,"July 3, 2018",3.7.2.51,4.1 and up
Nike Training Club - Workouts & Fitness Plans,HEALTH_AND_FITNESS,4.6,251618,93M,"10,000,000+",Free,0,Everyone,Health & Fitness,"July 18, 2018",5.14.0,5.0 and up
SMS AI Bot,TOOLS,3.8,89,3.9M,"10,000+",Free,0,Everyone,Tools,"July 1, 2018",3.0.4,4.1 and up
Electricity Bill Calculator BD,PRODUCTIVITY,4.3,247,4.0M,"10,000+",Free,0,Everyone,Productivity,"June 22, 2016",1.2,4.0.3 and up
Popeyes® App,FOOD_AND_DRINK,3.7,61,11M,"50,000+",Free,0,Everyone,Food & Drink,"July 23, 2018",1.0.2,4.1 and up
Twilight: Blue light filter,HEALTH_AND_FITNESS,4.6,318134,Varies with device,"5,000,000+",Free,0,Everyone,Health & Fitness,"May 29, 2018",Varies with device,Varies with device
Florida Travel Guide - TOURIAS,TRAVEL_AND_LOCAL,3.8,80,37M,"10,000+",Free,0,Everyone,Travel & Local,"July 30, 2018",3.21,4.0 and up
FCB Connect - FC Barcelona,SOCIAL,4.5,795,21M,"50,000+",Free,0,Teen,Social,"June 7, 2018",2.1.5,4.1 and up
Gay Sugar Daddy Dating & Hookup – Sudy Gay,DATING,4.1,2212,41M,"100,000+",Free,0,Mature 17+,Dating,"June 20, 2018",2.0.5,4.0.3 and up
Tencent Video - Supporting the whole network,VIDEO_PLAYERS,3.5,13205,44M,"1,000,000+",Free,0,Teen,Video Players & Editors,"July 31, 2018",6.2.2.17136,3.0 and up
CT-ART 4.0 (Chess Tactics 1200-2400 ELO),GAME,4.8,8191,Varies with device,"100,000+",Free,0,Everyone,Board,"May 22, 2018",1.1.0,4.1 and up
CW Bluetooth SPP,COMMUNICATION,,3,961k,100+,Free,0,Everyone,Communication,"March 31, 2018",1.2,6.0 and up
Super ball DZ,GAME,,24,32M,"1,000+",Free,0,Teen,Action,"September 21, 2017",1.0.4,4.1 and up
Blood Injection : ER Emergency Doctor ER injection,FAMILY,3.5,246,35M,"50,000+",Free,0,Teen,Casual,"September 23, 2016",1.0,2.3 and up
ASUS Gallery,PHOTOGRAPHY,4.3,125259,Varies with device,"50,000,000+",Free,0,Everyone,Photography,"August 2, 2018",Varies with device,Varies with device
"Sweet Snap - live filter, Selfie photo edit",PHOTOGRAPHY,4.5,123029,Varies with device,"10,000,000+",Free,0,Everyone,Photography,"August 2, 2018",Varies with device,4.0.3 and up
"Polaris Office - Word, Docs, Sheets, Slide, PDF",PRODUCTIVITY,4.3,549900,60M,"10,000,000+",Free,0,Everyone,Productivity,"July 18, 2018",7.3.30,4.1 and up
DW Spectrum™ IP VMS,BUSINESS,3.4,102,2.4M,"10,000+",Free,0,Everyone,Business,"April 14, 2016",2.5.0-prod,2.2 and up
Angry Birds Classic,GAME,4.4,5566805,97M,"100,000,000+",Free,0,Everyone,Arcade,"May 24, 2018",7.9.3,4.1 and up
Sago Mini Friends,FAMILY,4.4,13155,83M,"1,000,000+",Free,0,Everyone,Education;Pretend Play,"June 16, 2016",1.3,4.0.3 and up
aa,FAMILY,4.2,886418,6.5M,"50,000,000+",Free,0,Everyone,Strategy,"June 30, 2018",1.7.3,4.1 and up
Nyan Cat: Lost In Space,GAME,4.5,371318,90M,"10,000,000+",Free,0,Everyone 10+,Arcade,"June 8, 2018",10.1.6,4.1 and up
Mass Effect: Andromeda APEX HQ,GAME,3.4,4490,92M,"100,000+",Free,0,Everyone 10+,Action,"September 21, 2017",1.18.1,4.1 and up
Mcqueen Coloring pages,ART_AND_DESIGN,,61,7.0M,"100,000+",Free,0,Everyone,Art & Design;Action & Adventure,"March 7, 2018",1.0.0,4.1 and up
Bu Hangi Firma?,FAMILY,,8,26M,100+,Free,0,Everyone,Trivia;Education,"December 10, 2017",3.3.6z,4.0.3 and up
Fahrschule DW,FAMILY,,5,3.9M,"1,000+",Free,0,Everyone,Education,"April 19, 2016",1.2,2.2 and up
Baby Game Animal Jam Free,GAME,2.8,9,26M,500+,Free,0,Everyone,Board,"March 24, 2017",1.0,2.3 and up
B.M.Snowboard Free,SPORTS,3.9,9765,14M,"1,000,000+",Free,0,Everyone,Sports,"May 1, 2017",1.38.1,2.3 and up
CI 174 Gray Icon Pack,PERSONALIZATION,5.0,1,46M,10+,Paid,$0.99,Everyone,Personalization,"May 21, 2018",1.1,4.1 and up
EU Council,COMMUNICATION,,7,19M,"1,000+",Free,0,Everyone,Communication,"July 4, 2018",1.3.0,4.4 and up
Deck Simulator for CR,TOOLS,3.4,202,12M,"10,000+",Free,0,Everyone,Tools,"June 16, 2017",1.0,4.0.3 and up
ES-IPTV,VIDEO_PLAYERS,4.0,944,11M,"50,000+",Free,0,Everyone,Video Players & Editors,"October 15, 2017",4.2.1,4.1 and up
LifePoint Church - FL,LIFESTYLE,,1,7.6M,50+,Free,0,Everyone,Lifestyle,"December 9, 2015",1.1,4.0.3 and up
Pacifica - Stress & Anxiety,HEALTH_AND_FITNESS,4.5,10253,Varies with device,"500,000+",Free,0,Teen,Health & Fitness,"July 9, 2018",6.3.1,Varies with device
"edX - Online Courses by Harvard, MIT & more",EDUCATION,4.6,32380,10M,"1,000,000+",Free,0,Everyone 10+,Education,"July 15, 2018",2.15.1,4.1 and up
"Candy Camera - selfie, beauty camera, photo editor",PHOTOGRAPHY,4.4,3368646,Varies with device,"100,000,000+",Free,0,Everyone,Photography,"July 16, 2018",4.47,4.0.3 and up
Pocket Yoga,HEALTH_AND_FITNESS,4.4,2107,Varies with device,"100,000+",Paid,$2.99,Everyone,Health & Fitness,"December 22, 2015",Varies with device,Varies with device
G Cloud Backup,PRODUCTIVITY,4.6,267189,Varies with device,"5,000,000+",Free,0,Everyone,Productivity,"April 29, 2018",Varies with device,Varies with device
CE Smart,TOOLS,5.0,3,29M,100+,Free,0,Everyone,Tools,"May 28, 2018",2.2.0,4.1 and up
E-NUM,FINANCE,4.0,10374,Varies with device,"500,000+",Free,0,Everyone,Finance,"October 24, 2016",Varies with device,Varies with device
Farming Simulator 16,FAMILY,4.2,32812,14M,"500,000+",Paid,$2.99,Everyone,Simulation;Education,"April 10, 2018",1.1.1.6,4.0.3 and up
S-Home DK,LIFESTYLE,,4,17M,"1,000+",Free,0,Everyone,Lifestyle,"October 18, 2017",1.26,4.0 and up
Blood Pressure Info,FAMILY,3.9,174423,7.9M,"10,000,000+",Free,0,Everyone,Entertainment,"August 2, 2018",2.28,4.0 and up
FR Calculator,FAMILY,4.0,7,2.6M,500+,Free,0,Everyone,Education,"June 18, 2017",1.0.0,4.1 and up
BF-Calc,TOOLS,3.9,428,3.8M,"100,000+",Free,0,Everyone,Tools,"March 31, 2015",1.2.5,2.3.3 and up
West Central Ag,BUSINESS,,3,1.7M,100+,Free,0,Everyone,Business,"January 16, 2017",1.2,4.0 and up
"DW Learn German - A1, A2, B1 and placement test",FAMILY,4.3,902,1.8M,"100,000+",Free,0,Everyone,Education,"September 28, 2017",1.0,4.4 and up
EP Search and Find,FAMILY,,20,23M,500+,Free,0,Everyone,Casual,"May 27, 2015",1.0.0,2.3 and up
MealLogger-Photo Food Journal,HEALTH_AND_FITNESS,3.5,217,9.4M,"50,000+",Free,0,Teen,Health & Fitness,"August 23, 2017",4.6.2,4.0.3 and up
Basketball Stars,SPORTS,4.4,867920,45M,"10,000,000+",Free,0,Everyone,Sports,"July 14, 2018",1.16.2,4.0.3 and up
EZ View,BUSINESS,3.0,287,9.8M,"50,000+",Free,0,Everyone,Business,"October 26, 2015",1.0.0.32,4.0 and up
Cardi B Live Stream Video Chat - Prank,DATING,4.4,28,3.4M,500+,Free,0,Everyone,Dating,"July 16, 2018",2.5,4.0.3 and up
Downloader plus for FB,SOCIAL,,4,5.1M,500+,Free,0,Everyone,Social,"December 23, 2017",1.3,4.2 and up
HTC Sense Input - BG,TOOLS,3.3,218,4.1M,"10,000+",Free,0,Everyone,Tools,"November 9, 2015",1.0.606877,5.0 and up
Curso Básico y Avanzado la Fe de Jesús Audio-Texto,FAMILY,,0,11M,10+,Free,0,Everyone 10+,Education,"July 12, 2018",1.0,4.0 and up
Fandango Movies - Times + Tickets,ENTERTAINMENT,4.6,243747,Varies with device,"10,000,000+",Free,0,Teen,Entertainment,"August 2, 2018",Varies with device,Varies with device
My BP Lab,HEALTH_AND_FITNESS,2.6,186,25M,"10,000+",Free,0,Everyone,Health & Fitness,"May 19, 2018",1.1.0,8.0 and up
CamScanner (License),PRODUCTIVITY,4.4,26358,50k,"500,000+",Paid,$1.99,Everyone,Productivity,"January 17, 2014",1.7,2.0 and up
EF Smart English for Phone,FAMILY,3.5,208,13M,"10,000+",Free,0,Everyone,Education,"June 29, 2018",1.2.1,4.4 and up
Ei-ij Spelling Dutch,FAMILY,,20,3.2M,"10,000+",Free,0,Everyone,Education,"December 12, 2017",2.1,4.0 and up
Super Doctor 2 - My Newborn Baby ER Injection,FAMILY,4.7,54,92M,"1,000+",Free,0,Teen,Role Playing,"June 25, 2018",1.0,4.3 and up
CSCS BG (в български),FAMILY,2.4,7,2.1M,100+,Paid,$3.99,Everyone,Education,"March 23, 2017",1.0,4.0.3 and up
Project Grand Auto Town Sandbox Beta,GAME,3.7,7885,28M,"500,000+",Free,0,Mature 17+,Racing,"February 9, 2018",1.07,4.0 and up
Schengen/EU App,TOOLS,4.0,24,11M,"1,000+",Free,0,Everyone,Tools,"February 27, 2018",1.0,4.1 and up
Temple Run 2,GAME,4.3,8119151,62M,"500,000,000+",Free,0,Everyone,Action,"July 5, 2018",1.49.1,4.0 and up
Fortune Quest: Savior,FAMILY,3.6,135,75M,"10,000+",Free,0,Everyone 10+,Role Playing,"June 1, 2018",1.022,4.4 and up
Weather Live Pro,WEATHER,4.8,17493,11M,"100,000+",Paid,$4.49,Everyone,Weather,"April 20, 2018",1.3,4.4 and up
EZ Quran,BOOKS_AND_REFERENCE,4.6,595,8.5M,"50,000+",Free,0,Everyone,Books & Reference,"June 28, 2016",6.0,4.1 and up
Boomerang,FAMILY,4.2,13519,51M,"1,000,000+",Free,0,Everyone,Entertainment;Music & Video,"July 27, 2018",2.18,5.0 and up
Koran Read &MP3 30 Juz Offline,BOOKS_AND_REFERENCE,4.8,29551,67M,"1,000,000+",Free,0,Everyone,Books & Reference,"April 6, 2018",1.0.7,4.0.3 and up
Alex & Co Quiz,GAME,,9,4.9M,"1,000+",Free,0,Everyone,Trivia,"April 15, 2018",1.2,4.1 and up
"S Photo Editor - Collage Maker , Photo Collage",PHOTOGRAPHY,4.4,972574,45M,"100,000,000+",Free,0,Everyone,Photography,"August 3, 2018",2.31,4.1 and up
Dy So Exam,FAMILY,3.0,6,3.2M,"1,000+",Free,0,Everyone,Education,"July 3, 2017",1.0,2.3 and up
Gangster Town: Vice District,FAMILY,4.3,65146,100M,"10,000,000+",Free,0,Mature 17+,Simulation,"May 31, 2018",2.1,4.0 and up
Vira.cz Widget,LIFESTYLE,,86,601k,"1,000+",Free,0,Everyone,Lifestyle,"June 15, 2016",1.0,2.2 and up
DM - The Offical Messaging App,COMMUNICATION,,0,11M,10+,Free,0,Teen,Communication,"December 20, 2017",1.3,4.0.3 and up
FlashLight HD LED Pro,TOOLS,4.7,4928,Varies with device,"50,000+",Paid,$2.99,Everyone,Tools,"July 28, 2018",Varies with device,Varies with device
Whataburger,FOOD_AND_DRINK,4.5,5093,56M,"500,000+",Free,0,Everyone,Food & Drink,"April 10, 2018",1.9.0,4.2 and up
Pacify Exceed (Android P) - Theme for Xperia™,PERSONALIZATION,,5,1.9M,10+,Paid,$1.49,Everyone,Personalization,"July 2, 2018",1.2.A.Exceed.Paid,6.0 and up
Airway Ex - Intubate. Anesthetize. Train.,MEDICAL,4.3,123,86M,"10,000+",Free,0,Everyone,Medical,"June 1, 2018",0.6.88,5.0 and up
Asphalt 8: Airborne,GAME,4.5,8389714,92M,"100,000,000+",Free,0,Teen,Racing,"July 4, 2018",3.7.1a,4.0.3 and up
Igitabo cy'Indirimbo,FAMILY,4.5,93,1.6M,"50,000+",Free,0,Everyone,Entertainment,"February 5, 2018",INDIRIMBO V.2014.002,1.6 and up
The CW TN app 2018,FAMILY,2.2,54,4.3M,"10,000+",Free,0,Everyone,Entertainment,"April 30, 2018",1.0,3.2 and up
TheFork - Restaurants booking and special offers,FOOD_AND_DRINK,4.3,37517,17M,"5,000,000+",Free,0,Everyone,Food & Drink,"July 20, 2018",11.11.1,4.1 and up
AG Track,TOOLS,4.1,12,8.7M,100+,Free,0,Everyone,Tools,"March 23, 2018",3.3,4.0 and up
DP Status 2017,PHOTOGRAPHY,4.2,302,7.0M,"50,000+",Free,0,Everyone,Photography,"June 15, 2017",15|06|17,4.1 and up
Cryptocurrency Trading - How To Trade Crypto,FINANCE,,1,23M,100+,Free,0,Everyone,Finance,"March 16, 2018",1.0,4.1 and up
Beard Live Camera Photo Editor,BEAUTY,4.7,900,30M,"5,000+",Free,0,Everyone,Beauty,"March 25, 2018",1.1,4.0.3 and up
db Meter - sound level meter with data logging,TOOLS,,0,15M,1+,Paid,$1.49,Everyone,Tools,"March 15, 2018",1.0.1,4.1 and up
Workout Tracker & Gym Trainer - Fitness Log Book,HEALTH_AND_FITNESS,4.6,5420,21M,"500,000+",Free,0,Everyone,Health & Fitness,"June 5, 2018",2.48.3,4.1 and up
Doctor Pets,FAMILY,4.2,23060,21M,"1,000,000+",Free,0,Everyone,Educational;Education,"July 26, 2018",1.19,4.1 and up
MSN Sports - Scores & Schedule,SPORTS,4.5,35394,21M,"500,000+",Free,0,Everyone,Sports,"July 5, 2018",1.2.0,4.2 and up
SAP BW Tutorial,FAMILY,4.0,11,9.4M,"1,000+",Free,0,Everyone,Education,"January 10, 2016",0.0.1,4.1 and up
DF-View,BUSINESS,,0,15M,100+,Free,0,Everyone,Business,"January 4, 2016",1.0.9,4.0 and up
Santa Panda Bubble Christmas,GAME,4.1,101,31M,"10,000+",Free,0,Everyone,Arcade,"March 14, 2017",1.5,4.0 and up
GirlTalk.dk,SOCIAL,4.3,3,5.3M,100+,Free,0,Teen,Social,"September 22, 2017",3.1.0,4.1 and up
Company Kitchen,LIFESTYLE,2.8,81,7.7M,"10,000+",Free,0,Everyone,Lifestyle,"March 6, 2018",2.0.0 (18.03.01),2.3.3 and up
Sid Story,GAME,4.4,28510,78M,"500,000+",Free,0,Teen,Card,"August 1, 2018",2.6.6,4.0.3 and up
A Call From Santa Claus!,FAMILY,3.9,3720,11M,"1,000,000+",Free,0,Everyone,Entertainment,"December 4, 2016",4.2.3,4.0.3 and up
BZ Reminder,BUSINESS,4.7,41625,5.4M,"1,000,000+",Free,0,Everyone,Business,"December 21, 2017",2.3.4,4.1 and up
STUCOR - AU,FAMILY,4.5,1827,12M,"100,000+",Free,0,Everyone,Education,"June 5, 2018",1.3,4.1 and up
Map My Ride GPS Cycling Riding,HEALTH_AND_FITNESS,4.5,106547,54M,"1,000,000+",Free,0,Everyone,Health & Fitness,"July 27, 2018",18.7.1,5.0 and up
Profile Tracker - Who Viewed My Facebook Profile,SOCIAL,4.7,37090,4.8M,"500,000+",Free,0,Teen,Social,"August 1, 2018",5.4,4.1 and up
JackThreads: Men's Shopping,SHOPPING,4.0,13085,2.7M,"1,000,000+",Free,0,Teen,Shopping,"November 8, 2017",5.1,4.0.3 and up
AE Archer,SPORTS,3.9,8638,Varies with device,"500,000+",Free,0,Everyone,Sports,"September 2, 2015",Varies with device,Varies with device
BU Syllabus,FAMILY,4.5,38,6.5M,"1,000+",Free,0,Everyone,Education,"September 21, 2017",1.0.3,4.0.3 and up
Instagram,SOCIAL,4.5,66509917,Varies with device,"1,000,000,000+",Free,0,Teen,Social,"July 31, 2018",Varies with device,Varies with device
Google Ads,BUSINESS,4.3,29313,20M,"5,000,000+",Free,0,Everyone,Business,"July 30, 2018",1.12.0,4.0.3 and up
CW TV,NEWS_AND_MAGAZINES,1.7,367,6.1M,"50,000+",Free,0,Everyone,News & Magazines,"March 2, 2018",1.7,4.0 and up
Dinosaurs Coloring Pages,EDUCATION,4.4,390,41M,"500,000+",Free,0,Everyone,Education;Education,"February 3, 2018",1.1.6,4.0 and up
N Files - File Manager & Explorer,PRODUCTIVITY,4.3,369,11M,"10,000+",Free,0,Everyone,Productivity,"July 18, 2018",2.9.5,4.1 and up
Do Not Disturb,PRODUCTIVITY,4.3,6120,1.9M,"100,000+",Free,0,Everyone,Productivity,"November 22, 2017",2.10.1,6.0 and up
Simply Yoga - Fitness Trainer for Workouts & Poses,HEALTH_AND_FITNESS,4.1,6826,Varies with device,"1,000,000+",Free,0,Everyone,Health & Fitness,"June 14, 2018",Varies with device,Varies with device
RoutePlan.cz,PRODUCTIVITY,,6,5.3M,100+,Free,0,Everyone,Productivity,"June 6, 2018",2.5.4,4.0.3 and up
Real Car Dr Parking Master: Parking Games 2018,FAMILY,4.2,3345,27M,"1,000,000+",Free,0,Everyone,Simulation,"May 12, 2018",1.0,4.1 and up
Khan Academy,EDUCATION,4.6,85375,21M,"5,000,000+",Free,0,Everyone,Education,"July 27, 2018",5.0.0,4.1 and up
EZ Clock & Weather Widget,WEATHER,4.2,6849,1.2M,"1,000,000+",Free,0,Everyone,Weather,"March 5, 2014",v1.9.6 beta 1,2.1 and up
"Hulu: Stream TV, Movies & more",ENTERTAINMENT,4.0,319691,Varies with device,"10,000,000+",Free,0,Teen,Entertainment,"August 3, 2018",Varies with device,5.0 and up
Invoice & Time Tracking - Zoho,BUSINESS,4.6,5800,8.6M,"100,000+",Free,0,Everyone,Business,"August 2, 2018",5.20.7,4.1 and up
Táxi Nacional BR,MAPS_AND_NAVIGATION,,88,9.1M,"5,000+",Free,0,Everyone,Maps & Navigation,"August 2, 2018",3.46.5,4.0.3 and up
I am rich(premium),FINANCE,3.5,472,965k,"5,000+",Paid,$399.99,Everyone,Finance,"May 1, 2017",3.4,4.4 and up
DW Witness,BUSINESS,4.0,6,3.5M,500+,Free,0,Everyone,Business,"May 14, 2018",1.1.2,5.0 and up
Real Tractor Farming,AUTO_AND_VEHICLES,4.0,1598,56M,"1,000,000+",Free,0,Everyone,Auto & Vehicles,"July 26, 2018",11.0,4.1 and up
Doomsday Preppers™,FAMILY,4.2,137167,52M,"1,000,000+",Free,0,Everyone,Strategy,"January 17, 2017",130.48.08,4.0.3 and up
Theme For Galaxy Note FE,PERSONALIZATION,,0,7.5M,100+,Free,0,Everyone,Personalization,"April 19, 2018",1.1,4.1 and up
Hungry Shark Evolution,GAME,4.5,6071542,100M,"100,000,000+",Free,0,Teen,Arcade,"July 25, 2018",6.0.0,4.1 and up
Candy Crush Jelly Saga,GAME,4.3,1300490,78M,"50,000,000+",Free,0,Everyone,Puzzle,"July 20, 2018",2.1.10,4.0 and up
My Dressing - Fashion closet,LIFESTYLE,4.1,12452,Varies with device,"500,000+",Free,0,Everyone,Lifestyle,"January 26, 2017",Varies with device,Varies with device
Cinematic Cinematic,ENTERTAINMENT,4.4,37000,15M,"1,000,000+",Free,0,Mature 17+,Entertainment,"June 21, 2018",4.0.5,4.1 and up
Ak-47 Wallpapers 2018,PERSONALIZATION,,7,4.9M,500+,Free,0,Everyone,Personalization,"March 14, 2018",newversion,4.3 and up
CE Broker,FAMILY,3.7,190,12M,"10,000+",Free,0,Everyone,Education,"March 22, 2017",2.2.0,4.4 and up
Tutorials for SAP BW Offline,FAMILY,,1,16M,100+,Free,0,Everyone,Education,"December 21, 2017",1.0,4.0 and up
Spider grinder in screen funny,FAMILY,4.1,956,10M,"100,000+",Free,0,Teen,Entertainment,"May 17, 2016",1.1,2.2 and up
Who Viewed My Facebook Profile - Stalkers Visitors,SOCIAL,4.6,273244,9.9M,"5,000,000+",Free,0,Everyone,Social,"June 24, 2018",4.1.1,4.0.3 and up
M+,NEWS_AND_MAGAZINES,4.9,198,9.1M,"10,000+",Free,0,Everyone,News & Magazines,"May 29, 2018",3.2.2,5.0 and up
Consultar Infracciones de Transito DF y Mexico,TOOLS,,0,2.9M,10+,Free,0,Everyone,Tools,"July 23, 2018",2.5,4.0 and up
Asana: organize team projects,BUSINESS,4.3,20815,10M,"1,000,000+",Free,0,Everyone,Business,"July 26, 2018",6.4.4,5.0 and up
BL IP-Camera,TOOLS,4.3,15,1.2M,100+,Paid,$3.99,Everyone,Tools,"June 5, 2014",1.3.140606,2.3 and up
V LIVE - Star Live App,FAMILY,4.4,397147,Varies with device,"10,000,000+",Free,0,Teen,Entertainment,"August 2, 2018",Varies with device,Varies with device
First Hawaiian Bank Mobile,FINANCE,2.1,232,29M,"10,000+",Free,0,Everyone,Finance,"May 9, 2018",18.1.79,5.0 and up
DG Mobile,GAME,4.3,59,1.4M,"1,000+",Free,0,Everyone,Board,"April 8, 2017",0.1.10.0,2.3 and up
Just She - Top Lesbian Dating,DATING,1.9,953,19M,"100,000+",Free,0,Mature 17+,Dating,"July 18, 2018",6.3.7,5.0 and up
Viki: Asian TV Dramas & Movies,ENTERTAINMENT,4.3,407719,Varies with device,"10,000,000+",Free,0,Teen,Entertainment,"July 27, 2018",Varies with device,Varies with device
T. Rowe Price Personal® App,FINANCE,4.5,1057,4.5M,"50,000+",Free,0,Everyone,Finance,"July 6, 2018",1.7,6.0 and up
Text Free: WiFi Calling App,SOCIAL,4.2,83474,Varies with device,"5,000,000+",Free,0,Everyone,Social,"July 24, 2018",Varies with device,Varies with device
ET Markets : NSE & BSE India,FINANCE,4.2,24980,9.2M,"1,000,000+",Free,0,Everyone,Finance,"July 16, 2018",2.1.3,4.1 and up
NOMISMA.com.cy by FMW,NEWS_AND_MAGAZINES,5.0,3,Varies with device,100+,Free,0,Everyone,News & Magazines,"May 29, 2016",700,4.0 and up
Barbie Life™,FAMILY,3.9,133117,63M,"5,000,000+",Free,0,Everyone,Casual;Pretend Play,"July 12, 2018",2.6,4.1 and up
Gun Shoot War Q,GAME,4.2,26893,20M,"1,000,000+",Free,0,Teen,Arcade,"March 1, 2017",1.0.5,2.3 and up
Bacterial Vaginosis 🇺🇸,HEALTH_AND_FITNESS,,1,3.5M,500+,Free,0,Teen,Health & Fitness,"November 1, 2017",1.1,2.3 and up
CJ Fallon eBook Reader,FAMILY,1.9,76,14M,"5,000+",Free,0,Everyone,Education,"February 13, 2014",2.2.1,3.0 and up
Home & Shopping - Only in apps. 10% off + 10% off,SHOPPING,4.2,42750,9.9M,"10,000,000+",Free,0,Everyone,Shopping,"August 4, 2018",2.8.7,4.1 and up
Google Calendar,PRODUCTIVITY,4.2,858230,Varies with device,"500,000,000+",Free,0,Everyone,Productivity,"August 6, 2018",Varies with device,Varies with device
Florida Offline Road Map,TRAVEL_AND_LOCAL,3.8,144,8.7M,"10,000+",Free,0,Everyone,Travel & Local,"October 2, 2014",5.0,2.3.3 and up
Sync.ME – Caller ID & Block,COMMUNICATION,4.5,205739,17M,"5,000,000+",Free,0,Everyone,Communication,"July 26, 2018",4.5.4,4.1 and up
Freeme Launcher—Stylish Theme,PERSONALIZATION,4.1,2828,7.4M,"100,000+",Free,0,Everyone,Personalization,"January 22, 2017",2.11.5,4.1 and up
I am rich (Most expensive app),FINANCE,4.1,129,2.7M,"1,000+",Paid,$399.99,Teen,Finance,"December 6, 2017",2,4.0.3 and up
Gas Prices (Germany only),AUTO_AND_VEHICLES,4.4,805,5.6M,"50,000+",Free,0,Everyone,Auto & Vehicles,"July 29, 2018",2.5.1,4.4 and up
Ay Up,FAMILY,4.5,11,7.2M,100+,Free,0,Everyone,Entertainment,"October 27, 2015",3.0.0,2.1 and up
"Real Casino:Slot,Keno,BJ,Poker",GAME,4.1,341,26M,"50,000+",Free,0,Teen,Casino,"August 12, 2016",1.18,4.0 and up
AS Guía de las Ligas 2017-2018,SPORTS,4.1,4374,53M,"100,000+",Free,0,Everyone,Sports,"September 14, 2017",1.0.10,4.1 and up
Change photo background,PHOTOGRAPHY,3.8,28660,6.4M,"5,000,000+",Free,0,Everyone,Photography,"March 21, 2018",1.0.12,4.0.3 and up
WDAMAGE: Car Crash Engine,GAME,3.8,47386,96M,"1,000,000+",Free,0,Everyone,Racing,"June 6, 2018",31,4.2 and up
"Moco+ - Chat, Meet People",DATING,4.2,1545,Varies with device,"10,000+",Paid,$3.99,Mature 17+,Dating,"June 19, 2018",2.6.139,4.1 and up
Florida Today,NEWS_AND_MAGAZINES,3.3,202,38M,"10,000+",Free,0,Everyone 10+,News & Magazines,"June 20, 2018",5.9.5,5.0 and up
Blagues et Histoires Drôles,FAMILY,3.9,859,5.3M,"100,000+",Free,0,Teen,Entertainment,"February 18, 2017",0.0.2,4.1 and up
Alipay,FINANCE,3.4,42497,61M,"1,000,000+",Free,0,Teen,Finance,"July 2, 2018",10.1.28.560,4.3 and up
Daum Mail - Next Mail,COMMUNICATION,4.3,41420,19M,"5,000,000+",Free,0,Everyone,Communication,"June 21, 2018",3.2.0,4.0 and up
G Guide Program Guide (SOFTBANK EMOBILE WILLCOM version),VIDEO_PLAYERS,3.1,2689,Varies with device,"1,000,000+",Free,0,Everyone,Video Players & Editors,"July 18, 2018",Varies with device,Varies with device
Tinder,LIFESTYLE,4.0,2789775,68M,"100,000,000+",Free,0,Mature 17+,Lifestyle,"August 2, 2018",9.5.0,4.4 and up
"ooVoo Video Calls, Messaging & Stories",SOCIAL,4.3,1157004,34M,"50,000,000+",Free,0,Everyone,Social,"October 16, 2017",4.2.1,4.3 and up
Phonics Puzzles,FAMILY,3.8,4,54M,100+,Paid,$2.99,Everyone,Educational,"August 27, 2016",1.8.2,2.3 and up
3D Color by Number with Voxels,FAMILY,4.5,5481,69M,"500,000+",Free,0,Everyone,Entertainment,"July 7, 2018",1.3,4.4 and up
How it works: AK-74N,FAMILY,4.4,1031,48M,"100,000+",Free,0,Everyone,Entertainment,"January 9, 2018",2.1.9f0,4.0.3 and up
The dollar in mexico,FINANCE,4.5,4254,3.2M,"100,000+",Free,0,Everyone,Finance,"August 29, 2017",2.5,4.0 and up
Brilliant,EDUCATION,4.5,41185,Varies with device,"1,000,000+",Free,0,Everyone,Education,"August 3, 2018",Varies with device,Varies with device
Android P Launcher 9.0 launcher,TOOLS,4.0,164,2.3M,"10,000+",Free,0,Everyone,Tools,"April 23, 2018",1.0,5.0 and up
Barclays US for Android,FINANCE,4.1,6998,24M,"1,000,000+",Free,0,Everyone,Finance,"August 1, 2018",6.29.37589,5.0 and up
Chicago Tribune,NEWS_AND_MAGAZINES,3.6,1380,Varies with device,"100,000+",Free,0,Everyone,News & Magazines,"July 26, 2018",Varies with device,4.1 and up
FRONTLINE COMMANDO: D-DAY,GAME,4.5,1736105,14M,"10,000,000+",Free,0,Mature 17+,Action,"May 16, 2014",3.0.4,2.1 and up
GMX Mail,COMMUNICATION,4.3,258556,Varies with device,"10,000,000+",Free,0,Everyone,Communication,"July 25, 2018",Varies with device,Varies with device
Google Allo,COMMUNICATION,4.3,346980,Varies with device,"10,000,000+",Free,0,Everyone,Communication,"January 23, 2018",Varies with device,4.1 and up
Universal AC Remote Control Simulator,FAMILY,3.0,119,3.9M,"50,000+",Free,0,Everyone,Entertainment,"December 22, 2017",1.0,4.0 and up
AF-STROKE (FREE),MEDICAL,4.5,93,924k,"10,000+",Free,0,Teen,Medical,"January 25, 2013",1.1,2.1 and up
Cartoon Network Match Land,FAMILY,4.7,21979,38M,"1,000,000+",Free,0,Everyone,Puzzle,"July 9, 2018",1.1.3,5.1 and up
BU Dental GoGoldman,TRAVEL_AND_LOCAL,,0,18M,100+,Free,0,Everyone,Travel & Local,"September 1, 2017",1.2,4.4 and up
Ambulance Rescue Simulator 17,FAMILY,4.3,6669,31M,"1,000,000+",Free,0,Everyone,Simulation,"March 1, 2018",1.0.8,2.3 and up
Soccer FC,SPORTS,3.9,6289,33M,"1,000,000+",Free,0,Everyone,Sports,"July 21, 2016",1.2,2.3 and up
BW-DGS plugin,GAME,4.5,70,691k,"1,000+",Free,0,Everyone,Board,"May 13, 2018",1.6.0,4.0 and up
CT Brain Interpretation,FAMILY,5.0,3,29M,500+,Free,0,Everyone,Education,"July 4, 2018",5.0.16,4.0 and up
News Minecraft.fr,NEWS_AND_MAGAZINES,3.8,881,2.3M,"100,000+",Free,0,Everyone,News & Magazines,"January 20, 2014",1.5,1.6 and up
Text free - Free Text + Call,SOCIAL,4.3,315441,Varies with device,"10,000,000+",Free,0,Everyone,Social,"July 26, 2018",Varies with device,Varies with device
GearBest Online Shopping,SHOPPING,4.5,245104,35M,"5,000,000+",Free,0,Everyone,Shopping,"August 1, 2018",3.6.0,4.0.3 and up
MPS CL,TOOLS,,1,3.2M,10+,Free,0,Everyone,Tools,"May 24, 2018",1.0.3,4.0.3 and up
Open in WhatsApp (click to chat),TOOLS,4.2,12121,79k,"1,000,000+",Free,0,Everyone,Tools,"August 1, 2018",1.12,2.3.3 and up
Radial-G : Infinity,GAME,3.6,517,47M,"50,000+",Free,0,Everyone,Arcade,"December 7, 2015",1.4,4.1 and up
EB Events,TRAVEL_AND_LOCAL,3.3,97,16M,"10,000+",Free,0,Everyone,Travel & Local,"January 27, 2016",1.6,4.0 and up
Xero Accounting Software,BUSINESS,3.5,2111,Varies with device,"100,000+",Free,0,Everyone,Business,"July 30, 2018",Varies with device,Varies with device
Houzz Interior Design Ideas,HOUSE_AND_HOME,4.6,353800,Varies with device,"10,000,000+",Free,0,Everyone,House & Home,"August 1, 2018",Varies with device,Varies with device
FollowMeter for Instagram,SOCIAL,4.4,90082,8.8M,"1,000,000+",Free,0,Everyone,Social,"May 22, 2018",2.44,4.1 and up
HD Widgets,PERSONALIZATION,4.3,58617,26M,"1,000,000+",Paid,$0.99,Everyone,Personalization,"December 7, 2016",4.3.2,4.4 and up
Ayat - Al Quran,FAMILY,4.7,173394,8.5M,"5,000,000+",Free,0,Everyone,Education,"March 13, 2018",2.9.1,4.0 and up
How do I care about my child?,PARENTING,,34,4.9M,"10,000+",Free,0,Everyone,Parenting,"July 3, 2018",1.2,4.0 and up
Santa Fe New Mexican e-Edition,NEWS_AND_MAGAZINES,4.1,25,17M,"1,000+",Free,0,Everyone,News & Magazines,"June 21, 2018",4.7.4.18.0621,4.1 and up
Eyewitness Travel Phrase Book,FAMILY,3.8,10,25M,"1,000+",Free,0,Everyone,Education,"July 28, 2017",1.0,4.1 and up
EB Experience,LIFESTYLE,,0,1.8M,1+,Free,0,Everyone,Lifestyle,"October 19, 2017",1.0,4.0.3 and up
Disney Heroes: Battle Mode,GAME,4.6,102107,Varies with device,"5,000,000+",Free,0,Everyone 10+,Strategy,"July 31, 2018",1.2.2,Varies with device
BL File Explorer,TOOLS,,1,421k,50+,Paid,$1.99,Everyone,Tools,"July 18, 2014",1.5.140718,1.5 and up
Snowboard Racing Free Fun Game,GAME,3.8,4552,43M,"100,000+",Free,0,Everyone,Racing,"October 26, 2016",1.4.0,2.3.3 and up
Dp for girls,ART_AND_DESIGN,4.2,175,8.2M,"50,000+",Free,0,Everyone,Art & Design,"May 26, 2017",1.2,4.0.3 and up
Samsung Max - Data Savings & Privacy Protection,TOOLS,4.3,330468,Varies with device,"10,000,000+",Free,0,Everyone,Tools,"May 29, 2018",Varies with device,Varies with device
CONNECT: The Mobile CX Summit,PRODUCTIVITY,,0,18M,50+,Free,0,Teen,Productivity,"August 1, 2018",7.18.0.0,5.0 and up
Y! Mobile menu,BUSINESS,,9,1.2M,"100,000+",Free,0,Everyone,Business,"April 9, 2018",1.0.5,6.0 and up
"Quik – Free Video Editor for photos, clips, music",VIDEO_PLAYERS,4.7,696665,91M,"10,000,000+",Free,0,Everyone,Video Players & Editors,"July 5, 2018",4.7.4.3869-7b2372c3e,5.0 and up
Al Quran Al karim,BOOKS_AND_REFERENCE,4.6,41608,49M,"1,000,000+",Free,0,Everyone,Books & Reference,"November 5, 2017",1.1.7,2.2 and up
Bingo Party - Free Bingo Games,GAME,4.7,155694,92M,"1,000,000+",Free,0,Teen,Board,"July 13, 2018",2.1.1,4.0.3 and up
Viber Messenger,COMMUNICATION,4.3,11335255,Varies with device,"500,000,000+",Free,0,Everyone,Communication,"July 18, 2018",Varies with device,Varies with device
Bita and the Animals - Pelos Ares,FAMILY,4.4,1160,37M,"100,000+",Free,0,Everyone,Education;Music & Video,"May 22, 2013",1.0,2.2 and up
EC - AP & Telangana,BOOKS_AND_REFERENCE,3.5,10,3.0M,"5,000+",Free,0,Everyone,Books & Reference,"November 10, 2017",1.0,4.0.3 and up
Tasker,TOOLS,4.6,43045,Varies with device,"1,000,000+",Paid,$2.99,Everyone,Tools,"June 25, 2018",Varies with device,Varies with device
Learn C++,FAMILY,4.6,73404,5.3M,"1,000,000+",Free,0,Everyone,Education,"December 25, 2017",4.5.2,4.0 and up
Homesnap Real Estate & Rentals,HOUSE_AND_HOME,4.3,3834,30M,"500,000+",Free,0,Everyone,House & Home,"July 31, 2018",5.20.38,4.2 and up
BI Office,BUSINESS,4.0,76,201k,"10,000+",Free,0,Everyone,Business,"June 7, 2017",2.7.1,3.0 and up
CX Summit,PRODUCTIVITY,,1,17M,50+,Free,0,Teen,Productivity,"September 20, 2017",7.12.0.1,4.2 and up
Galaxy Attack: Alien Shooter,GAME,4.6,506275,Varies with device,"10,000,000+",Free,0,Everyone,Arcade,"August 1, 2018",5.66,4.1 and up
stranger chat - anonymous chat,DATING,3.5,13202,6.1M,"1,000,000+",Free,0,Mature 17+,Dating,"July 7, 2018",2.4.1,4.1 and up
Video Downloader - for Instagram Repost App,VIDEO_PLAYERS,4.8,332623,4.6M,"10,000,000+",Free,0,Everyone,Video Players & Editors,"July 27, 2018",1.1.58,4.1 and up
BV Link,BUSINESS,,10,2.8M,100+,Free,0,Everyone,Business,"April 11, 2018",1.3.0,4.1 and up
Flip the Gun - Simulator Game,GAME,4.2,195558,86M,"10,000,000+",Free,0,Everyone,Arcade,"July 26, 2018",1.2,5.0 and up
EmuBox - Fast Retro Emulator,GAME,3.9,1576,43M,"50,000+",Free,0,Everyone,Arcade,"August 5, 2018",2.1.1,4.1 and up
Toy Blast,GAME,4.7,1889582,Varies with device,"50,000,000+",Free,0,Everyone,Puzzle,"July 23, 2018",5423,4.1 and up
Crypto Tracker by BitScreener,FINANCE,4.7,396,12M,"10,000+",Free,0,Everyone,Finance,"August 5, 2018",3.1.5,5.0 and up
OurTime Dating for Singles 50+,DATING,3.4,2519,5.0M,"100,000+",Free,0,Mature 17+,Dating,"July 25, 2018",1.9.7,4.4 and up
Super Sport Car Simulator,FAMILY,4.2,58553,50M,"1,000,000+",Free,0,Everyone,Simulation,"December 25, 2016",3.1,2.3.3 and up
ES File Explorer/Manager PRO,PRODUCTIVITY,4.7,81614,6.6M,"500,000+",Paid,$2.99,Everyone,Productivity,"July 11, 2018",Pro 1.1.4.1,4.0 and up
V BTS Wallpaper,PERSONALIZATION,4.7,127,9.5M,"5,000+",Free,0,Everyone,Personalization,"May 4, 2018",8.0,3.0 and up
Winter Wonderland,GAME,4.0,1287,38M,"50,000+",Free,0,Everyone,Word,"December 18, 2013",1.0,2.2 and up
Bet Master Pro Soccer Predictions,SPORTS,4.4,328,11M,"10,000+",Free,0,Everyone,Sports,"July 31, 2018",2.0.5,4.4 and up
The CW,ENTERTAINMENT,4.4,288150,21M,"5,000,000+",Free,0,Teen,Entertainment,"July 23, 2018",2.17,4.4 and up
Sniper Gun Shot 3D: Impossible Missions,GAME,4.6,20,34M,100+,Free,0,Mature 17+,Action,"May 4, 2018",1.0,4.0 and up
Dp For FB,PHOTOGRAPHY,4.5,12,2.0M,"1,000+",Free,0,Teen,Photography,"October 19, 2017",1.0,4.1 and up
CH Kadels,BUSINESS,4.4,36,10M,"1,000+",Free,0,Everyone,Business,"March 26, 2018",1.0.2,4.1 and up
Fists For Fighting (Fx3),SPORTS,3.9,138739,44M,"10,000,000+",Free,0,Teen,Sports,"July 7, 2018",1.998,4.1 and up
Big Q Car Service,MAPS_AND_NAVIGATION,4.4,75,26M,"5,000+",Free,0,Everyone,Maps & Navigation,"May 15, 2017",3.002,4.0.3 and up
"SKOUT - Meet, Chat, Go Live",SOCIAL,4.3,1064049,Varies with device,"50,000,000+",Free,0,Mature 17+,Social,"July 28, 2018",Varies with device,Varies with device
LINE: Free Calls & Messages,COMMUNICATION,4.2,10790289,Varies with device,"500,000,000+",Free,0,Everyone,Communication,"July 26, 2018",Varies with device,Varies with device
CR & CoC Private Server - Clash Barbarians PRO,FAMILY,4.6,167974,5.0M,"500,000+",Free,0,Everyone,Entertainment,"July 27, 2018",Gratis,4.0.3 and up
"Univision Deportes: Liga MX, MLS, Fútbol En Vivo",SPORTS,4.2,75566,Varies with device,"5,000,000+",Free,0,Everyone,Sports,"July 23, 2018",Varies with device,Varies with device
"Shopular: Coupons, Weekly Ads & Shopping Deals",SHOPPING,4.7,57920,Varies with device,"1,000,000+",Free,0,Everyone,Shopping,"May 31, 2018",Varies with device,Varies with device
imo free video calls and chat,COMMUNICATION,4.3,4785988,11M,"500,000,000+",Free,0,Everyone,Communication,"June 8, 2018",9.8.000000010501,4.0 and up
Zombie Tsunami,GAME,4.4,4921122,Varies with device,"100,000,000+",Free,0,Everyone 10+,Arcade,"June 15, 2018",Varies with device,Varies with device
NoteToDo. Notes. To do list,PRODUCTIVITY,4.5,57449,5.0M,"1,000,000+",Free,0,Everyone,Productivity,"August 4, 2018",1.2.187-83,4.0 and up
Angry Birds Rio,GAME,4.4,2610680,46M,"100,000,000+",Free,0,Everyone,Arcade,"July 3, 2018",2.6.9,4.1 and up
Hercules CP Mobile,TOOLS,1.4,20,4.1M,"1,000+",Free,0,Everyone,Tools,"July 6, 2018",2.1.5,4.3 and up
Strætó.is,MAPS_AND_NAVIGATION,3.1,742,15M,"100,000+",Free,0,Everyone,Maps & Navigation,"July 9, 2018",5.7,4.1 and up
Duolingo: Learn Languages Free,FAMILY,4.7,6294397,Varies with device,"100,000,000+",Free,0,Everyone,Education;Education,"August 1, 2018",Varies with device,Varies with device
Duolingo: Learn Languages Free,FAMILY,4.7,6297590,Varies with device,"100,000,000+",Free,0,Everyone,Education;Education,"August 6, 2018",Varies with device,Varies with device
Ad Blocker for SayHi,DATING,,4,1.2M,100+,Paid,$3.99,Teen,Dating,"August 2, 2018",1.2,4.0.3 and up
MiniInTheBox Online Shopping,SHOPPING,3.9,34171,Varies with device,"1,000,000+",Free,0,Everyone,Shopping,"July 24, 2018",Varies with device,Varies with device
Flipboard: News For Our Time,NEWS_AND_MAGAZINES,4.4,1284017,Varies with device,"500,000,000+",Free,0,Everyone 10+,News & Magazines,"August 3, 2018",Varies with device,Varies with device
Age of Conquest: N. America,FAMILY,4.5,659,3.3M,"10,000+",Paid,$3.99,Everyone,Strategy,"August 4, 2018",1.0.28,1.5 and up
Ba dum tss - Rimshot widget,COMICS,4.1,690,444k,"50,000+",Free,0,Everyone,Comics,"September 29, 2015",1.2.3,2.2 and up
EU Mobile Money Partenaire Commercial,FINANCE,4.3,70,3.9M,"10,000+",Free,0,Everyone,Finance,"May 14, 2018",1.3,4.0.3 and up
EW Manager,BUSINESS,,0,4.4M,10+,Free,0,Everyone,Business,"February 20, 2018",1.0.0,4.1 and up
Inches to cm conversion,TOOLS,4.4,29,70k,"10,000+",Free,0,Everyone,Tools,"January 14, 2015",1.4,4.0 and up
VPN Free - Betternet Hotspot VPN & Private Browser,TOOLS,4.5,801054,8.9M,"10,000,000+",Free,0,Everyone,Tools,"August 1, 2018",4.3.0,4.1 and up
Essential Anatomy 3,MEDICAL,4.1,1533,42M,"50,000+",Paid,$11.99,Mature 17+,Medical,"August 7, 2014",1.1.3,4.0.3 and up
Banjo,SOCIAL,4.2,58341,9.3M,"1,000,000+",Free,0,Everyone,Social,"July 25, 2015",4.6.2.0,2.3 and up
X-Plane to GPS,TOOLS,4.2,161,1.2M,"5,000+",Paid,$0.99,Everyone,Tools,"March 4, 2018",1.62,4.4 and up
B&H Kids AR,BOOKS_AND_REFERENCE,3.9,286,18M,"10,000+",Free,0,Everyone,Books & Reference,"September 29, 2017",3.2.5,4.0 and up
"Yanosik: ""antyradar"", traffic jams, navigation, camera",MAPS_AND_NAVIGATION,4.4,102248,Varies with device,"5,000,000+",Free,0,Everyone,Maps & Navigation,"August 1, 2018",Varies with device,Varies with device
My Cycles Period and Ovulation,HEALTH_AND_FITNESS,4.3,26652,41M,"1,000,000+",Free,0,Everyone,Health & Fitness,"May 4, 2018",2.3.3,4.0.3 and up
Menstrual Calendar Premium,MEDICAL,4.4,4207,Varies with device,"50,000+",Paid,$3.99,Everyone,Medical,"July 26, 2013",Varies with device,Varies with device
Paw Patrol by ShuffleCards,FAMILY,4.3,3484,56M,"1,000,000+",Free,0,Everyone,Entertainment;Action & Adventure,"March 7, 2017",1.0.1,4.0 and up
FORUM Credit Union CU Online,FINANCE,4.1,196,7.3M,"10,000+",Free,0,Everyone,Finance,"June 30, 2018",5.0.0,4.4 and up
Carros Rebaixados BR,GAME,4.3,20691,89M,"1,000,000+",Free,0,Everyone,Racing,"July 31, 2018",5.7.1,4.4 and up
love sms good morning,COMMUNICATION,4.2,10,3.1M,"5,000+",Free,0,Everyone,Communication,"April 28, 2016",1.0,2.3 and up
StyleSeat,LIFESTYLE,4.7,20304,24M,"500,000+",Free,0,Everyone,Lifestyle,"July 31, 2018",4.35,4.0.3 and up
Four In A Line,GAME,3.8,22191,3.0M,"1,000,000+",Free,0,Everyone,Board,"May 4, 2015",1.10,2.3 and up
My Little Princess : Stores,FAMILY,4.3,169,60M,"5,000+",Paid,$2.99,Everyone,Educational;Pretend Play,"May 25, 2018",1.08,4.1 and up
E.W. James & Sons,SHOPPING,,2,4.9M,500+,Free,0,Everyone,Shopping,"April 11, 2018",3.0.2,5.0 and up
Zillow: Find Houses for Sale & Apartments for Rent,HOUSE_AND_HOME,4.5,417907,34M,"10,000,000+",Free,0,Everyone,House & Home,"August 1, 2018",9.8.1.7425,4.4 and up
"Gametime - Tickets to Sports, Concerts, Theater",EVENTS,4.5,8800,24M,"1,000,000+",Free,0,Everyone,Events,"July 17, 2018",11.1.1,5.0 and up
Princess Coloring Book,EDUCATION,4.5,9770,39M,"5,000,000+",Free,0,Everyone,Education;Creativity,"February 25, 2018",1.2.8,4.0 and up
Downers Grove AH,MEDICAL,,0,29M,100+,Free,0,Everyone,Medical,"January 10, 2018",300000.0.96,4.0.3 and up
Santa's Monster Shootout DX,GAME,5.0,4,33M,50+,Paid,$1.99,Teen,Action,"August 15, 2013",1.05,2.2 and up
AZ Rockets,GAME,4.2,162,37M,"10,000+",Free,0,Everyone,Arcade,"May 25, 2018",1.2.1,4.1 and up
KakaoTalk: Free Calls & Text,COMMUNICATION,4.3,2546549,Varies with device,"100,000,000+",Free,0,Everyone,Communication,"August 3, 2018",Varies with device,Varies with device
EH National Mobile Banking,FINANCE,,0,Varies with device,50+,Free,0,Everyone,Finance,"October 12, 2017",5.2.12,4.2 and up
slither.io,GAME,4.4,5235294,Varies with device,"100,000,000+",Free,0,Everyone,Action,"November 14, 2017",Varies with device,2.3 and up
F-Secure SENSE,TOOLS,4.6,57,13M,"5,000+",Free,0,Everyone,Tools,"July 4, 2018",1.0.988,5.0 and up
AE FreeCell,GAME,4.2,358,15M,"10,000+",Free,0,Everyone,Card,"November 6, 2014",1.1.5,2.3 and up
CG Wizard,TOOLS,,6,1.3M,100+,Free,0,Everyone,Tools,"May 22, 2018",1.6d,5.0 and up
MORTAL KOMBAT X,GAME,4.4,3039889,18M,"10,000,000+",Free,0,Mature 17+,Action,"June 27, 2018",1.18.2,4.0 and up
Nights at Cube Pizzeria 3D – 4,GAME,4.1,7728,39M,"500,000+",Free,0,Teen,Adventure,"July 17, 2018",1.5.0,4.4 and up
Badoo - Free Chat & Dating App,SOCIAL,4.3,3781770,Varies with device,"100,000,000+",Free,0,Mature 17+,Social,"August 2, 2018",Varies with device,Varies with device
Princess Coloring Book,FAMILY,4.5,9779,39M,"5,000,000+",Free,0,Everyone,Education;Creativity,"February 25, 2018",1.2.8,4.0 and up
FERZU - Furries Social Network,DATING,3.9,1576,Varies with device,"10,000+",Free,0,Mature 17+,Dating,"February 16, 2018",4.4.1,4.1 and up
Barcode Scanner,LIBRARIES_AND_DEMO,4.2,3945,9.4M,"500,000+",Free,0,Everyone,Libraries & Demo,"January 9, 2018",4.2.2,3.2 and up
HTC Sense Input - FR,TOOLS,4.0,885,8.0M,"100,000+",Free,0,Everyone,Tools,"October 30, 2015",1.0.612928,5.0 and up
Deck Builder & Analyzer for CR,FAMILY,3.1,52,9.8M,"5,000+",Free,0,Everyone,Entertainment,"May 4, 2017",1.0,4.0.3 and up
Pocket AC,PHOTOGRAPHY,4.8,130,4.4M,"1,000+",Paid,$9.99,Everyone,Photography,"June 27, 2018",3.1.1,4.1 and up
Crossy Road,GAME,4.5,4229977,60M,"100,000,000+",Free,0,Everyone,Action,"August 1, 2018",3.1.0,5.0 and up
ConnectLine,MEDICAL,3.1,253,4.2M,"50,000+",Free,0,Everyone,Medical,"September 12, 2016",1.3.4,2.3.3 and up
Anthem Anywhere,MEDICAL,2.7,2657,24M,"500,000+",Free,0,Everyone,Medical,"July 27, 2018",8.0.226,4.4 and up
Audiobooks from Audible,BOOKS_AND_REFERENCE,4.5,568922,Varies with device,"100,000,000+",Free,0,Teen,Books & Reference,"August 1, 2018",Varies with device,Varies with device
BJ Adams,BUSINESS,,1,26M,5+,Free,0,Everyone,Business,"November 16, 2016",2.0.0,4.0.3 and up
World History Quick e-Book,FAMILY,4.4,1657,4.9M,"100,000+",Free,0,Everyone,Education;Education,"July 17, 2018",1.35,4.1 and up
The Pursuit of God,BOOKS_AND_REFERENCE,4.8,6,1.6M,"1,000+",Free,0,Everyone,Books & Reference,"February 14, 2017",5.0,3.0 and up
AVG AntiVirus 2018 for Android Security,TOOLS,4.5,6207063,Varies with device,"100,000,000+",Free,0,Everyone,Tools,"August 3, 2018",Varies with device,Varies with device
On a Bu Pour Vous OBPV,LIFESTYLE,,0,5.4M,10+,Free,0,Teen,Lifestyle,"February 6, 2018",3.0,4.1 and up
Johor DT Lock Screen,PERSONALIZATION,,13,3.9M,"1,000+",Free,0,Everyone,Personalization,"January 17, 2018",1.1,4.0.3 and up
Docs To Go™ Free Office Suite,BUSINESS,4.1,217730,Varies with device,"50,000,000+",Free,0,Everyone,Business,"April 2, 2018",Varies with device,Varies with device
I am extremely Rich,LIFESTYLE,2.9,41,2.9M,"1,000+",Paid,$379.99,Everyone,Lifestyle,"July 1, 2018",1.0,4.0 and up
"U - Webinars, Meetings & Messenger",COMMUNICATION,4.1,6601,31M,"500,000+",Free,0,Everyone,Communication,"July 2, 2018",4.7.0,4.1 and up
CI Screwed - Icon Pack,PERSONALIZATION,4.7,19,6.4M,"1,000+",Free,0,Everyone,Personalization,"June 30, 2016",1.5,4.0.3 and up
FE Chemical Engineering Exam Prep,FAMILY,,2,20M,100+,Free,0,Everyone,Education,"July 27, 2018",5.33.3669,5.0 and up
Trovami se ci riesci,GAME,5.0,11,6.1M,10+,Free,0,Everyone,Arcade,"March 11, 2017",0.1,2.3 and up
Masha and The Bear Puzzle Game,FAMILY,4.3,13330,73M,"1,000,000+",Free,0,Everyone,Puzzle;Brain Games,"May 24, 2018",2.0,4.1 and up
Weight Loss Running by Verv,HEALTH_AND_FITNESS,4.5,27396,59M,"1,000,000+",Free,0,Mature 17+,Health & Fitness,"July 16, 2018",6.5.3,4.1 and up
Snapfish,PHOTOGRAPHY,4.1,32398,28M,"1,000,000+",Free,0,Everyone,Photography,"August 1, 2018",9.6.4,4.4 and up
ESPN,SPORTS,4.2,521140,Varies with device,"10,000,000+",Free,0,Everyone 10+,Sports,"July 19, 2018",Varies with device,5.0 and up
La Fe de Jesus,BOOKS_AND_REFERENCE,,8,658k,"1,000+",Free,0,Everyone,Books & Reference,"January 31, 2017",,3.0 and up
Knife&Axe Throwing,GAME,3.1,440,9.1M,"50,000+",Free,0,Everyone,Arcade,"November 26, 2012",1.0.6,2.1 and up
Spreaker Podcast Radio,NEWS_AND_MAGAZINES,4.5,17703,6.6M,"500,000+",Free,0,Teen,News & Magazines,"June 7, 2018",4.10.0,4.4 and up
Adventure Xpress,FAMILY,4.2,24775,30M,"100,000+",Free,0,Everyone 10+,Puzzle,"October 12, 2015",1.2.1,2.3.3 and up
Angry Birds Friends,GAME,4.2,829753,48M,"50,000,000+",Free,0,Everyone,Arcade,"June 19, 2018",4.9.0,4.1 and up
OpenVPN Connect – Fast & Safe SSL VPN Client,TOOLS,4.2,154578,14M,"10,000,000+",Free,0,Everyone,Tools,"May 25, 2018",3.0.5,4.1 and up
"Kids Fang - Infant Videos, Children's Songs, Fairy Tales, Lullaby Collections",PARENTING,4.6,349,4.4M,"100,000+",Free,0,Everyone,Parenting,"March 21, 2018",1.7,4.4 and up
EO KOREA,BUSINESS,,0,14M,50+,Free,0,Teen,Business,"December 4, 2017",1.0.7,2.2 and up
CP Creepypasta,FAMILY,3.8,128,2.9M,"10,000+",Free,0,Teen,Entertainment,"July 11, 2016",1.0.2,4.0.3 and up
Safe Wi-Fi,PRODUCTIVITY,2.9,32,9.7M,"1,000+",Free,0,Everyone,Productivity,"August 3, 2018",1.3.22,4.4 and up
FreedomPop Diagnostics,TOOLS,2.9,452,7.0M,"100,000+",Free,0,Everyone,Tools,"July 17, 2017",1.03.123.0713,4.0.3 and up
"Muscle Premium - Human Anatomy, Kinesiology, Bones",MEDICAL,4.2,168,25M,"10,000+",Paid,$24.99,Everyone,Medical,"August 11, 2017",7.1.17,4.4 and up
Blood Pressure,MEDICAL,4.2,33033,7.4M,"5,000,000+",Free,0,Everyone,Medical,"July 24, 2018",3.27.3,4.1 and up
Nur təfsiri 1-ci cild,LIBRARIES_AND_DEMO,5.0,15,1.4M,"1,000+",Free,0,Everyone,Libraries & Demo,"April 27, 2017",1.0,1.6 and up
Chegg Study - Homework Help,EDUCATION,4.3,14700,21M,"1,000,000+",Free,0,Everyone,Education,"July 30, 2018",5.7.0,4.4 and up
EF/VR – VR Tours of EF Schools,FAMILY,3.6,17,15M,"1,000+",Free,0,Teen,Education,"September 15, 2015",1.0.05,4.0 and up
CG - Conference Call Add-On,PRODUCTIVITY,,6,1.1M,"1,000+",Free,0,Everyone,Productivity,"August 2, 2018",1.2,4.0 and up
Millionaire : Who want to be?,GAME,4.4,4396,40M,"100,000+",Free,0,Everyone,Trivia,"April 12, 2017",1.5,2.3 and up
INTERACTIVE CALCULUS FOR MATHS AND PHYSICS,FAMILY,4.8,53,4.4M,"1,000+",Free,0,Everyone,Education,"February 28, 2018",1.3,4.0.3 and up
FAST EO,EVENTS,5.0,1,Varies with device,10+,Free,0,Everyone,Events,"May 15, 2018",1.0.3,4.1 and up
CQ: Lost In Transmission,GAME,4.2,4,61M,10+,Free,0,Everyone,Action,"May 13, 2018",1.1,4.4 and up
Cartoon Wars: Blade,GAME,4.4,165656,38M,"5,000,000+",Free,0,Teen,Arcade,"February 7, 2018",1.1.0,2.3 and up
CBS Sports Fantasy,SPORTS,4.0,43611,27M,"1,000,000+",Free,0,Everyone,Sports,"June 27, 2018",3.17.0+3,5.0 and up
PBA® Bowling Challenge,SPORTS,4.3,242096,87M,"10,000,000+",Free,0,Everyone,Sports,"August 2, 2018",3.4.4,4.1 and up
Spanish English Translator,BOOKS_AND_REFERENCE,4.2,87873,Varies with device,"10,000,000+",Free,0,Teen,Books & Reference,"May 28, 2018",Varies with device,Varies with device
Schulman B.V.,SHOPPING,4.0,6,20M,100+,Free,0,Everyone,Shopping,"September 14, 2016",1.0,4.1 and up
Magnum 3.0 Gun Custom SImulator,GAME,4.5,16815,59M,"1,000,000+",Free,0,Teen,Action,"August 4, 2018",1.0404,4.0.3 and up
Relax Melodies: Sleep Sounds,HEALTH_AND_FITNESS,4.5,233243,Varies with device,"5,000,000+",Free,0,Everyone,Health & Fitness,"July 23, 2018",Varies with device,Varies with device
BC Liquor Stores,LIFESTYLE,3.7,492,4.3M,"50,000+",Free,0,Everyone,Lifestyle,"October 5, 2015",3.6,2.2 and up
Theme For Techno Camon CX,PERSONALIZATION,4.7,42,10M,"5,000+",Free,0,Everyone,Personalization,"May 10, 2017",1.0.,4.0 and up
bitcoin exchange bx thailand,FINANCE,2.9,19,2.2M,"5,000+",Free,0,Everyone,Finance,"June 26, 2017",1.6,4.4 and up
Madden NFL Football,FAMILY,4.5,1455952,Varies with device,"10,000,000+",Free,0,Everyone,Sports;Action & Adventure,"May 15, 2018",4.3.6,4.0 and up
DX Alert,TOOLS,4.1,27,2.5M,"1,000+",Free,0,Everyone,Tools,"April 28, 2016",1.131,3.2 and up
Dinosaur Simulator: Dino World,GAME,4.0,26649,66M,"5,000,000+",Free,0,Teen,Action,"August 5, 2018",1.2,4.2 and up
Who viewed my fb profile pro★★,FAMILY,4.5,6396,4.2M,"100,000+",Free,0,Everyone,Entertainment,"August 17, 2017",24.4,4.1 and up
Cures A-Z,HEALTH_AND_FITNESS,4.0,265,4.1M,"100,000+",Free,0,Everyone,Health & Fitness,"August 13, 2015",2.1,3.0 and up
Anno: Build an Empire,FAMILY,3.5,33944,28M,"1,000,000+",Free,0,Everyone 10+,Strategy,"March 10, 2016",2.0.0,4.1 and up
CL 2ne1 Wallpaper KPOP Fans All,PERSONALIZATION,,0,3.4M,1+,Free,0,Everyone,Personalization,"July 29, 2018",1.1.1,4.0 and up
Survival Run with Bear Grylls,GAME,4.2,128579,Varies with device,"5,000,000+",Free,0,Everyone,Action,"May 6, 2018",Varies with device,Varies with device
"Notes : Colorful Notepad Note,To Do,Reminder,Memo",LIFESTYLE,4.6,10484,9.0M,"1,000,000+",Free,0,Everyone,Lifestyle,"June 9, 2018",1.4.9,4.1 and up
"Groupon - Shop Deals, Discounts & Coupons",SHOPPING,4.6,1370749,Varies with device,"50,000,000+",Free,0,Teen,Shopping,"August 3, 2018",Varies with device,Varies with device
Super Funny Ringtones 2018 🔔,LIBRARIES_AND_DEMO,4.5,1703,22M,"100,000+",Free,0,Everyone,Libraries & Demo,"March 1, 2018",3.1,4.0.3 and up
Inf VPN - Global Proxy & Unlimited Free WIFI VPN,TOOLS,4.7,61445,7.8M,"1,000,000+",Free,0,Everyone,Tools,"July 26, 2018",1.9.734,4.1 and up
XXX DISTILLERY,BUSINESS,4.2,509,3.2M,"100,000+",Free,0,Everyone,Business,"August 2, 2017",1.1.0,4.0 and up
CQ-Alert,COMMUNICATION,,3,8.1M,500+,Free,0,Everyone,Communication,"November 28, 2016",5.5.0,4.0 and up
Flexiroam X,TRAVEL_AND_LOCAL,4.0,875,21M,"100,000+",Free,0,Everyone,Travel & Local,"August 3, 2018",3.5.3,4.1 and up
Smart Air Conditioner,TOOLS,3.3,4786,13M,"500,000+",Free,0,Everyone,Tools,"May 24, 2018",1.2.84,2.2 and up
Transport DK,MAPS_AND_NAVIGATION,4.1,204,11M,"10,000+",Free,0,Everyone,Maps & Navigation,"May 29, 2017",2.28,4.0 and up
O-Star,DATING,4.4,59,38M,"5,000+",Free,0,Everyone,Dating,"July 19, 2018",1.0.1,4.3 and up
Bullshite!,GAME,2.8,48,13M,"10,000+",Free,0,Teen,Card,"April 10, 2016",1.0.1,4.1 and up
Trimble DL,PRODUCTIVITY,4.2,133,7.9M,"10,000+",Free,0,Everyone,Productivity,"January 12, 2018",1.0.184,4.2 and up
Who,COMMUNICATION,4.3,2451093,Varies with device,"100,000,000+",Free,0,Teen,Communication,"August 3, 2018",Varies with device,Varies with device
Gainesville Florida Police Department,LIFESTYLE,4.8,4,15M,500+,Free,0,Everyone,Lifestyle,"November 22, 2017",1.1,4.1 and up
Teen Patti by BL Games,GAME,4.1,496,39M,"100,000+",Free,0,Teen,Card,"January 31, 2017",1.3.0,2.3.3 and up
AE Garage,AUTO_AND_VEHICLES,4.4,64,66M,"1,000+",Free,0,Everyone,Auto & Vehicles,"June 27, 2017",1.0,4.1 and up
OSRAM BT Control,TOOLS,,2,42M,"1,000+",Free,0,Everyone,Tools,"December 15, 2017",1.0.5,4.4 and up
Helping BD,LIFESTYLE,5.0,15,4.5M,100+,Free,0,Everyone,Lifestyle,"June 19, 2018",2.1,4.0.3 and up
Ek Qissa He Quran Se (Qurani Waqiyat),FAMILY,5.0,4,2.0M,100+,Free,0,Everyone,Entertainment,"October 30, 2017",1.0,4.0 and up
Ultimate Notepad,PRODUCTIVITY,4.0,10643,Varies with device,"5,000,000+",Free,0,Everyone,Productivity,"May 19, 2018",Varies with device,Varies with device
Bowmasters,GAME,4.7,1535581,Varies with device,"50,000,000+",Free,0,Teen,Action,"July 23, 2018",2.12.5,4.1 and up
Bloomberg: Market & Financial News,NEWS_AND_MAGAZINES,4.2,61692,27M,"10,000,000+",Free,0,Everyone,News & Magazines,"July 25, 2018",5.9.1.1347176.a3ca6ab274,4.4 and up
CJ Auto école,FAMILY,,0,12M,50+,Free,0,Everyone,Education,"June 24, 2014",1.0,2.2 and up
City Taxi Driver sim 2016: Cab simulator Game-s,FAMILY,4.1,16111,57M,"1,000,000+",Free,0,Everyone,Simulation,"June 12, 2018",1.11,4.1 and up
058.ba,NEWS_AND_MAGAZINES,4.4,27,14M,100+,Free,0,Everyone,News & Magazines,"July 6, 2018",1.0,4.2 and up
BV Mobile Apps,PRODUCTIVITY,5.0,3,4.8M,100+,Free,0,Everyone,Productivity,"June 5, 2018",2.0,4.2 and up
Ultrasound A-Z,FAMILY,4.5,112,39M,"10,000+",Free,0,Everyone,Education,"June 5, 2018",1.5,4.0 and up
Black Social,SOCIAL,4.6,22,8.7M,"1,000+",Free,0,Teen,Social,"August 5, 2018",31.1.4,4.3 and up
Google Allo,COMMUNICATION,4.3,346982,Varies with device,"10,000,000+",Free,0,Everyone,Communication,"January 23, 2018",Varies with device,4.1 and up
CJ Camcorder,VIDEO_PLAYERS,4.7,3,2.8M,500+,Free,0,Everyone,Video Players & Editors,"November 26, 2017",1.0,4.0 and up
Scarf Fashion Designer,LIFESTYLE,4.4,16637,10M,"1,000,000+",Free,0,Everyone,Lifestyle,"June 18, 2017",1.8,2.3 and up
iFORA BM,MEDICAL,,3,10M,100+,Free,0,Everyone,Medical,"April 9, 2018",1.0.8,4.3 and up
EH Autolink,BUSINESS,,1,921k,100+,Free,0,Everyone,Business,"March 11, 2016",1.0,3.0 and up
Love Dance,GAME,4.0,29462,44M,"1,000,000+",Free,0,Teen,Music,"June 14, 2018",1.1.7,4.0 and up
Cops N Robbers 2,GAME,4.1,63680,46M,"1,000,000+",Free,0,Everyone 10+,Adventure,"June 2, 2018",2.2.2,4.1 and up
K-pop Music,FAMILY,4.0,369,3.5M,"10,000+",Free,0,Everyone,Entertainment,"January 11, 2017",2.0.0,2.3 and up
Top Themes Volvo FH Trucks,PERSONALIZATION,,9,18M,"1,000+",Free,0,Teen,Personalization,"June 19, 2018",1.0,4.1 and up
"The Voice, sing and connect",FAMILY,4.1,405824,Varies with device,"10,000,000+",Free,0,Everyone,Entertainment,"August 4, 2018",7.1.1,4.2 and up
Experiment Z - Zombie,GAME,4.0,229329,88M,"10,000,000+",Free,0,Mature 17+,Action,"December 4, 2017",2.14,4.1 and up
AX Watch for WatchMaker,PERSONALIZATION,,2,238k,1+,Paid,$0.99,Everyone,Personalization,"August 18, 2017",1.0,2.3 and up
Asylum Night Shift - Five Nights Survival,GAME,4.0,59223,46M,"5,000,000+",Free,0,Teen,Action,"June 26, 2018",1.6.5,4.1 and up
Valmet CI Tool,BUSINESS,,1,3.7M,500+,Free,0,Everyone,Business,"March 13, 2018",0.0.6,4.0 and up
EC-Contractors,HOUSE_AND_HOME,,0,6.0M,1+,Free,0,Everyone,House & Home,"April 25, 2018",14.01,4.0.3 and up
Baby Panda’s Juice Shop,FAMILY,4.5,19230,45M,"5,000,000+",Free,0,Everyone,Educational;Brain Games,"July 12, 2018",8.25.10.01,4.0.3 and up
CB On Mobile,COMMUNICATION,4.1,901,323k,"100,000+",Free,0,Teen,Communication,"April 26, 2017",1.0.5,4.0 and up
US Mission - buy gourmet movie KTV,LIFESTYLE,3.8,6554,76M,"500,000+",Free,0,Teen,Lifestyle,"June 20, 2018",9.4.2,4.1 and up
U-Haul,TRAVEL_AND_LOCAL,3.2,852,37M,"100,000+",Free,0,Everyone,Travel & Local,"July 31, 2018",2.2.1,4.4 and up
AC Remote Control,TOOLS,3.3,472,2.0M,"100,000+",Free,0,Everyone,Tools,"October 17, 2017",1.3,4.1 and up
McClatchy DC Bureau,NEWS_AND_MAGAZINES,4.3,80,8.7M,"5,000+",Free,0,Everyone 10+,News & Magazines,"June 18, 2018",6.0.1,4.4W and up
Yahoo! Weather for SH Forecast for understanding the approach of rain clouds Free,WEATHER,4.2,7457,Varies with device,"1,000,000+",Free,0,Everyone,Weather,"August 2, 2018",Varies with device,Varies with device
Lose It! - Calorie Counter,HEALTH_AND_FITNESS,4.4,69395,Varies with device,"10,000,000+",Free,0,Everyone,Health & Fitness,"August 3, 2018",Varies with device,Varies with device
My Class Schedule: Timetable,EDUCATION,4.1,9348,Varies with device,"1,000,000+",Free,0,Everyone,Education,"June 1, 2016",Varies with device,Varies with device
Dog Run - Pet Dog Simulator,FAMILY,4.7,48615,24M,"10,000,000+",Free,0,Everyone,Simulation;Action & Adventure,"May 22, 2018",1.4.12,4.1 and up
Doorstep EU,NEWS_AND_MAGAZINES,4.5,67,12M,"1,000+",Free,0,Everyone,News & Magazines,"June 26, 2018",1.8,4.1 and up
Adventure Quest World Mobile Quiz,FAMILY,4.6,28,26M,500+,Free,0,Everyone,Puzzle,"January 16, 2018",3.1.6z,4.0.3 and up
FP-safe,BUSINESS,,0,2.6M,100+,Free,0,Everyone,Business,"May 8, 2018",1.0,4.0.3 and up
Dz Dinars Numbers to letters,PRODUCTIVITY,4.7,2807,9.8M,"100,000+",Free,0,Everyone,Productivity,"December 15, 2016",0.74 11.12.2016,4.0.3 and up
Pou,GAME,4.3,10485334,24M,"500,000,000+",Free,0,Everyone,Casual,"May 25, 2018",1.4.77,4.0 and up
VictronConnect,TOOLS,3.8,400,Varies with device,"50,000+",Free,0,Everyone,Tools,"July 5, 2018",4.8,4.1 and up
Snapseed,PHOTOGRAPHY,4.5,823109,Varies with device,"50,000,000+",Free,0,Everyone,Photography,"June 29, 2018",2.19.0.201907232,4.4 and up
Timehop,SOCIAL,4.1,161610,16M,"5,000,000+",Free,0,Teen,Social,"August 5, 2018",4.5.3,4.1 and up
Skin Disease,BEAUTY,4.0,1,2.2M,100+,Free,0,Everyone,Beauty,"August 30, 2017",1.0,2.2 and up
E.F.JUVENTUD MADRID,SPORTS,,3,5.3M,100+,Free,0,Everyone,Sports,"July 13, 2017",1.1,4.0.3 and up
CL Mobile - Classifieds for Craigslist,SHOPPING,4.4,27275,8.3M,"1,000,000+",Free,0,Teen,Shopping,"July 30, 2018",27500000,4.1 and up
DJ Electro Mix Pad,FAMILY,3.9,53301,7.6M,"10,000,000+",Free,0,Everyone,Entertainment,"June 16, 2017",1.6.0,4.0.3 and up
Farm Heroes Saga,GAME,4.4,7614415,70M,"100,000,000+",Free,0,Everyone,Casual,"July 26, 2018",5.1.8,2.3 and up
XE Currency,TRAVEL_AND_LOCAL,4.4,77585,Varies with device,"10,000,000+",Free,0,Everyone,Travel & Local,"July 31, 2018",Varies with device,Varies with device
Mercado Libre: Find your favorite brands,SHOPPING,4.7,3860225,Varies with device,"50,000,000+",Free,0,Everyone,Shopping,"August 3, 2018",Varies with device,Varies with device
Ludo Family Dice Game,FAMILY,4.2,3593,19M,"500,000+",Free,0,Everyone,Board;Brain Games,"March 7, 2018",1.4,4.1 and up
Dr. 2048,FAMILY,3.9,1985,3.5M,"500,000+",Free,0,Everyone,Puzzle,"December 30, 2017",1.05,4.1 and up
CP Dialer,SOCIAL,4.3,64,3.3M,"50,000+",Free,0,Teen,Social,"March 22, 2018",2.9.0,4.1 and up
CW Studio ®,COMMUNICATION,3.8,9,780k,100+,Paid,$0.99,Everyone,Communication,"May 19, 2015",1.2,2.3.3 and up
Digital Alarm Clock,TOOLS,4.2,118439,16M,"10,000,000+",Free,0,Everyone,Tools,"June 19, 2018",10.4,4.4 and up
cronometra-br,PRODUCTIVITY,,0,5.4M,0+,Paid,$154.99,Everyone,Productivity,"November 24, 2017",1.0.0,4.1 and up
Lyra Virtual Assistant,PRODUCTIVITY,4.5,41624,3.4M,"1,000,000+",Free,0,Everyone,Productivity,"May 24, 2018",1.2.4,4.0.3 and up
I'm Rich - Trump Edition,LIFESTYLE,3.6,275,7.3M,"10,000+",Paid,$400.00,Everyone,Lifestyle,"May 3, 2018",1.0.1,4.1 and up
TCF National Conference,EVENTS,,1,34M,100+,Free,0,Everyone,Events,"July 11, 2018",1.0,4.1 and up
X Home Bar - Home Bar Gesture Pro,TOOLS,4.0,88,2.0M,"10,000+",Paid,$1.99,Everyone,Tools,"July 2, 2018",1.5,4.3 and up
"Muslim Pro - Prayer Times, Azan, Quran & Qibla",LIFESTYLE,4.7,1133393,Varies with device,"10,000,000+",Free,0,Everyone,Lifestyle,"July 3, 2018",Varies with device,Varies with device
BK Chat,COMMUNICATION,,6,31M,"1,000+",Free,0,Teen,Communication,"July 30, 2018",2.1,4.1 and up
Chart - Myanmar Keyboard,LIFESTYLE,4.4,39364,28M,"5,000,000+",Free,0,Everyone,Lifestyle,"July 17, 2018",10.19,4.0.3 and up
mail.com mail,COMMUNICATION,4.2,44706,Varies with device,"1,000,000+",Free,0,Everyone,Communication,"July 25, 2018",Varies with device,Varies with device
"edX - Online Courses by Harvard, MIT & more",EDUCATION,4.6,32381,10M,"1,000,000+",Free,0,Everyone 10+,Education,"July 15, 2018",2.15.1,4.1 and up
Quick PDF Scanner + OCR FREE,BUSINESS,4.2,80805,Varies with device,"5,000,000+",Free,0,Everyone,Business,"February 26, 2018",Varies with device,4.0.3 and up
Micro.bg Cloud POS System,BUSINESS,,6,Varies with device,100+,Free,0,Everyone,Business,"July 12, 2017",Varies with device,2.0 and up
Premier League - Official App,SPORTS,4.3,63782,24M,"5,000,000+",Free,0,Everyone,Sports,"August 7, 2018",1.1.5,4.1 and up
Voice Tables - no internet,PARENTING,,970,71M,"100,000+",Free,0,Everyone,Parenting,"May 28, 2018",2.0,4.0.3 and up
House party - live chat,DATING,1.0,1,9.2M,10+,Free,0,Mature 17+,Dating,"July 31, 2018",3.52,4.0.3 and up
PGA TOUR LIVE,SPORTS,3.4,1845,12M,"100,000+",Free,0,Everyone,Sports,"June 7, 2017",1.3.0,4.2 and up
Adventure Time Run,GAME,4.3,24628,88M,"1,000,000+",Free,0,Everyone,Action,"July 26, 2018",1.25.396,4.4 and up
Tsuro - The Game of the Path,FAMILY,4.7,2195,37M,"10,000+",Paid,$2.99,Everyone,Board;Brain Games,"August 2, 2016",1.3.3,2.3 and up
BK Formula Calculator,TOOLS,5.0,6,11M,100+,Free,0,Everyone,Tools,"August 8, 2015",0.1.1,4.2 and up
Flashlight Free w/ compass,TOOLS,4.0,75,1.9M,"10,000+",Free,0,Everyone,Tools,"March 15, 2017",2.5,2.2 and up
Battery Doctor-Battery Life Saver & Battery Cooler,TOOLS,4.5,8190074,17M,"100,000,000+",Free,0,Everyone,Tools,"June 1, 2018",6.24,4.0 and up
M star Dialer,COMMUNICATION,3.5,400,4.2M,"100,000+",Free,0,Everyone,Communication,"March 20, 2017",3.8.8,2.2 and up
Golfshot: Golf GPS + Tee Times,SPORTS,4.3,7543,25M,"500,000+",Free,0,Everyone,Sports,"July 11, 2018",1.31.0,4.1 and up
AJ Orange Icon Pack,PERSONALIZATION,,0,30M,10+,Paid,$0.99,Everyone,Personalization,"May 2, 2018",1.1,4.1 and up
MegaFon Dashboard,COMMUNICATION,3.7,99559,Varies with device,"10,000,000+",Free,0,Everyone,Communication,"July 30, 2018",Varies with device,Varies with device
All Email Providers,COMMUNICATION,4.1,20901,7.3M,"1,000,000+",Free,0,Everyone,Communication,"April 3, 2018",5.0.9,4.1 and up
Heroes of Order & Chaos,FAMILY,4.2,690148,25M,"10,000,000+",Free,0,Teen,Strategy,"October 27, 2017",Varies with device,Varies with device
Google My Business,BUSINESS,4.4,70991,Varies with device,"5,000,000+",Free,0,Everyone,Business,"July 24, 2018",2.19.0.204537701,4.4 and up
Add-On: bq (b),PRODUCTIVITY,,9,1.2M,"1,000+",Free,0,Everyone,Productivity,"May 19, 2015",10.0.3086,4.0 and up
Dp for Facebook,SOCIAL,4.1,56,10M,"5,000+",Free,0,Everyone,Social,"May 16, 2017",1.0,4.0.3 and up
Shop 'n Save,SHOPPING,3.4,620,40M,"100,000+",Free,0,Everyone,Shopping,"March 13, 2018",2.2.8,4.1 and up
MommyMeds,MEDICAL,3.2,45,21M,"5,000+",Paid,$3.99,Everyone,Medical,"November 15, 2017",2.0.1,6.0 and up
You're an Anime,MEDICAL,5.0,2,83M,10+,Free,0,Everyone,Medical,"July 12, 2018",1.0,5.0 and up
Hotels.com: Book Hotel Rooms & Find Vacation Deals,TRAVEL_AND_LOCAL,4.5,260121,Varies with device,"10,000,000+",Free,0,Everyone,Travel & Local,"July 4, 2018",Varies with device,Varies with device
Series Valley of the Wolves full of part,EVENTS,4.6,731,11M,"50,000+",Free,0,Everyone,Events,"December 24, 2017",2.0,4.0 and up
"Victoria, BC | Tour City",TRAVEL_AND_LOCAL,4.3,20,15M,"1,000+",Free,0,Everyone,Travel & Local,"August 2, 2016",1.7,4.0 and up
Betting Tips / Sports Tips by CG Tipster,SPORTS,4.1,315,7.7M,"10,000+",Free,0,Everyone,Sports,"July 18, 2018",6.95,4.4 and up
Kick the Buddy,GAME,4.3,1000417,Varies with device,"50,000,000+",Free,0,Teen,Action,"July 5, 2018",Varies with device,4.4 and up
BLOOD & GLORY: IMMORTALS,GAME,4.3,101762,11M,"1,000,000+",Free,0,Teen,Action,"June 11, 2015",2.0.0,3.0 and up
"Phogy, 3D Camera",PHOTOGRAPHY,4.0,35725,9.9M,"1,000,000+",Free,0,Everyone,Photography,"February 11, 2015",1.40,4.0 and up
Schlaumeier,BOOKS_AND_REFERENCE,,0,688k,5+,Paid,$0.99,Everyone,Books & Reference,"June 17, 2015",0.1,2.3 and up
Simple - Better Banking,FINANCE,4.4,7731,24M,"100,000+",Free,0,Everyone,Finance,"August 2, 2018",2.53.2,5.0 and up
Night: DU Launcher Theme,PERSONALIZATION,4.3,1419,485k,"50,000+",Free,0,Everyone,Personalization,"October 15, 2015",1.1,4.0 and up
In to cm,TOOLS,,0,2.3M,10+,Free,0,Everyone,Tools,"April 5, 2018",1.1,4.0.3 and up
Break the Egg,FAMILY,2.6,366,6.0M,"50,000+",Free,0,Everyone,Entertainment,"January 5, 2018",1.0,4.0 and up
Wetter by t-online.de,WEATHER,4.2,24349,9.2M,"1,000,000+",Free,0,Everyone,Weather,"May 14, 2018",1.8.4.5,4.1 and up
OpenGL ES CapsViewer,TOOLS,4.6,78,375k,"10,000+",Free,0,Everyone,Tools,"April 1, 2018",0.6,4.3 and up
PlugShare,MAPS_AND_NAVIGATION,4.7,4501,26M,"100,000+",Free,0,Teen,Maps & Navigation,"July 25, 2018",3.5.1,4.0.3 and up
Food Network,FAMILY,4.1,7823,Varies with device,"500,000+",Free,0,Teen,Entertainment,"July 27, 2018",Varies with device,Varies with device
MB Notifications for FB (Free),SOCIAL,3.9,3047,1.5M,"100,000+",Free,0,Teen,Social,"April 29, 2015",1.17.0,2.3 and up
No.Diamond – Colors by Number,FAMILY,4.6,9016,24M,"1,000,000+",Free,0,Everyone,Entertainment;Creativity,"August 6, 2018",0.9.34,4.1 and up
BK Arogyam Task Track,BUSINESS,5.0,8,3.7M,100+,Free,0,Everyone,Business,"June 5, 2018",1.1.1,4.1 and up
Monster Fishing 2018,SPORTS,4.4,32881,76M,"1,000,000+",Free,0,Everyone,Sports,"August 7, 2018",0.0.80,4.1 and up
Tuberculose Dz,MEDICAL,4.9,26,6.1M,"1,000+",Free,0,Everyone,Medical,"November 6, 2016",1.0.7,4.1 and up
Magisto Video Editor & Maker,VIDEO_PLAYERS,4.3,960726,Varies with device,"10,000,000+",Free,0,Everyone,Video Players & Editors,"August 2, 2018",Varies with device,Varies with device
FM News,EVENTS,,46,3.6M,"5,000+",Free,0,Everyone,Events,"July 4, 2018",1.4,4.2 and up
System Update Free,TOOLS,4.3,3068,6.0M,"100,000+",Free,0,Everyone,Tools,"July 20, 2018",11.1,4.0 and up
F-Secure SAFE,TOOLS,4.3,9433,9.3M,"500,000+",Free,0,Everyone,Tools,"July 30, 2018",17.4.0014017,5.0 and up
MadLipz,FAMILY,4.6,171017,13M,"10,000,000+",Free,0,Teen,Entertainment,"July 22, 2018",2.2.2,4.4 and up
Jigsaw Volvo FH 16 Trucks,FAMILY,5.0,5,8.1M,"1,000+",Free,0,Teen,Puzzle,"December 1, 2016",1.0,4.0 and up
Cooking Channel,ENTERTAINMENT,4.1,1033,16M,"100,000+",Free,0,Teen,Entertainment,"July 27, 2018",Varies with device,Varies with device
BN Pro LcdD HD Text,LIBRARIES_AND_DEMO,4.0,50,430k,"5,000+",Free,0,Everyone,Libraries & Demo,"February 5, 2017",2.3.2,1.6 and up
IHOP®,FOOD_AND_DRINK,4.2,441,24M,"100,000+",Free,0,Everyone,Food & Drink,"April 3, 2018",2.2.0,4.1 and up
BS Tractor,GAME,,3,36M,100+,Free,0,Everyone,Racing,"December 6, 2017",1.0,4.1 and up
STARDOM: THE A-LIST,GAME,4.5,152658,29M,"1,000,000+",Free,0,Teen,Adventure,"September 12, 2014",2.1.8,2.1 and up
BV Smart,BUSINESS,4.3,28,3.4M,"1,000+",Free,0,Everyone,Business,"May 1, 2015",1.1,4.0 and up
Wallpapers FN Herstal FNP 9,PERSONALIZATION,,0,11M,1+,Free,0,Teen,Personalization,"April 12, 2018",1.0,4.1 and up
Amino: Communities and Chats,SOCIAL,4.8,1264084,62M,"10,000,000+",Free,0,Teen,Social,"August 7, 2018",1.8.19179,4.0.3 and up
FP Opgaver,TOOLS,,9,61M,"1,000+",Free,0,Everyone,Tools,"May 31, 2018",1.9,4.0.3 and up
CE-STRONG,FAMILY,,0,16M,100+,Free,0,Everyone,Education,"June 17, 2016",1.0.4,4.0 and up
Skill Tree - BL Pre Sequel,FAMILY,4.3,855,7.0M,"10,000+",Free,0,Teen,Entertainment,"February 22, 2016",5.0,2.3.3 and up
GlassesOff,MEDICAL,3.5,1288,38M,"100,000+",Free,0,Everyone,Medical,"July 10, 2018",1.0.0.10,3.0 and up
My Telcel,TOOLS,3.1,45838,16M,"50,000,000+",Free,0,Everyone,Tools,"July 25, 2018",7.6.1,4.1 and up
CVRIA,BUSINESS,4.7,68,3.5M,"10,000+",Free,0,Everyone,Business,"May 11, 2017",1.1.10,4.4 and up
USMLE Step 2 CK Flashcards,FAMILY,5.0,1,40M,10+,Paid,$19.99,Everyone,Education,"May 26, 2014",2.47,2.2 and up
BX Mobile TMC for SAP B1,BUSINESS,4.7,3,11M,100+,Free,0,Everyone,Business,"January 20, 2015",1.0.16,4.0.3 and up
AR Remote Car,FAMILY,3.2,1354,30M,"100,000+",Free,0,Everyone,Simulation,"August 12, 2017",2.14,4.0 and up
Granny,GAME,4.5,1138239,59M,"50,000,000+",Free,0,Teen,Arcade,"May 29, 2018",1.4.0.1,4.0 and up
Angry Birds Star Wars,GAME,4.3,1218055,45M,"100,000,000+",Free,0,Everyone,Arcade,"May 25, 2018",1.5.12,4.1 and up
Easy Makeup Tutorials,LIFESTYLE,4.3,7287,5.0M,"1,000,000+",Free,0,Everyone,Lifestyle,"November 3, 2016",1.0,2.3 and up
Bacterial Vaginosis Treatment,MEDICAL,,0,3.4M,50+,Free,0,Everyone,Medical,"June 25, 2018",1.0,4.0 and up
imo free video calls and chat,COMMUNICATION,4.3,4785892,11M,"500,000,000+",Free,0,Everyone,Communication,"June 8, 2018",9.8.000000010501,4.0 and up
Domino's Pizza USA,FOOD_AND_DRINK,4.7,1032935,Varies with device,"10,000,000+",Free,0,Everyone,Food & Drink,"July 20, 2018",Varies with device,Varies with device
EI Mobile,FINANCE,3.8,4231,82M,"100,000+",Free,0,Everyone,Finance,"July 19, 2018",4.3.0,4.2 and up
DB Tools,FAMILY,4.6,37,3.3M,"1,000+",Free,0,Everyone,Education,"June 17, 2014",1.9,2.2 and up
Life market,SHOPPING,4.5,30834,13M,"1,000,000+",Free,0,Everyone,Shopping,"July 17, 2018",3.2.6,4.0.3 and up
Spring flowers theme couleurs d t space,ART_AND_DESIGN,5.0,1,2.9M,100+,Free,0,Everyone,Art & Design,"April 18, 2018",1.0.2,4.0 and up
Truck Chat & CB for Truckers,MAPS_AND_NAVIGATION,2.7,89,2.3M,"10,000+",Free,0,Mature 17+,Maps & Navigation,"July 31, 2018",1.0.10.5,4.0.3 and up
CL 2NE1 Wallpaper KPOP Fans HD,PERSONALIZATION,,7,3.4M,100+,Free,0,Everyone,Personalization,"May 19, 2018",1.1.1,4.0 and up
EJ Ecuador,LIFESTYLE,,9,6.8M,100+,Free,0,Teen,Lifestyle,"November 22, 2016",3.0.16,4.0 and up
Picktrainer: India's largest photo contest app,EVENTS,4.5,1065,9.0M,"100,000+",Free,0,Everyone,Events,"May 31, 2018",1.3.2,4.1 and up
HTC Service—Video Player,VIDEO_PLAYERS,4.2,6449,Varies with device,"5,000,000+",Free,0,Everyone,Video Players & Editors,"February 13, 2015",6.5.852058,5.0 and up
Z Day: Hearts of Heroes,FAMILY,3.9,5894,67M,"1,000,000+",Free,0,Everyone 10+,Strategy,"July 11, 2018",1.0.2,4.0.3 and up
FN Cam,PHOTOGRAPHY,3.4,181,10M,"10,000+",Free,0,Everyone,Photography,"January 13, 2016",1.1.5,4.0.3 and up
Hungry Hearts Diner: A Tale of Star-Crossed Souls,FAMILY,4.9,46253,56M,"500,000+",Free,0,Everyone 10+,Simulation,"February 7, 2018",1.0.1,4.0 and up
Qeek for Instagram - Zoom profile insta DP,SOCIAL,4.6,12111,9.1M,"500,000+",Free,0,Everyone,Social,"May 3, 2018",1.47,4.3 and up
"Programming Hub, Learn to code",EDUCATION,4.3,55704,15M,"1,000,000+",Free,0,Everyone,Education,"August 4, 2018",4.2.8,4.1 and up
Texas Holdem Poker,GAME,4.0,127831,26M,"10,000,000+",Free,0,Teen,Card,"December 20, 2017",4.7.0,3.0 and up
Photo Frames,PHOTOGRAPHY,4.3,28578,23M,"10,000,000+",Free,0,Everyone,Photography,"July 28, 2018",6.21,4.0 and up
Texas Holdem Poker Pro,GAME,4.5,114479,26M,"5,000,000+",Free,0,Teen,Card,"December 20, 2017",4.7.0,3.0 and up
Recipe Keeper,FOOD_AND_DRINK,4.4,1962,22M,"100,000+",Free,0,Everyone,Food & Drink,"June 27, 2018",3.17.1.0,4.1 and up
DL Hughley,FAMILY,4.6,12,10M,"1,000+",Free,0,Mature 17+,Entertainment,"March 23, 2018",2.0.4,4.1 and up
Inside Out Thought Bubbles,FAMILY,4.4,623398,58M,"10,000,000+",Free,0,Everyone,Puzzle;Brain Games,"August 31, 2017",1.22.0,4.0.3 and up
EP Mobile,MEDICAL,4.3,267,2.3M,"50,000+",Free,0,Everyone,Medical,"July 8, 2018",2.18,4.0 and up
CBS Sports Fantasy,SPORTS,4.0,43611,27M,"1,000,000+",Free,0,Everyone,Sports,"June 27, 2018",3.17.0+3,5.0 and up
"CBS Sports App - Scores, News, Stats & Watch Live",SPORTS,4.3,91033,Varies with device,"5,000,000+",Free,0,Everyone,Sports,"August 4, 2018",Varies with device,5.0 and up
FOSSIL Q: DESIGN YOUR DIAL,LIFESTYLE,4.3,985,16M,"500,000+",Free,0,Everyone,Lifestyle,"May 31, 2018",3.7,7.0 and up
RandoChat - Chat roulette,DATING,3.6,11806,12M,"1,000,000+",Free,0,Mature 17+,Dating,"June 26, 2018",4.0.18,4.0.3 and up
AJ+ Beta,NEWS_AND_MAGAZINES,,0,Varies with device,"1,000+",Free,0,Everyone,News & Magazines,"May 4, 2017",Varies with device,Varies with device
MyChart,MEDICAL,4.2,19473,Varies with device,"1,000,000+",Free,0,Everyone,Medical,"July 24, 2018",Varies with device,Varies with device
BMH-BJ Congregation,LIFESTYLE,,0,5.1M,10+,Free,0,Everyone,Lifestyle,"June 29, 2018",1.22,4.0.3 and up
Al Quran (Tafsir & by Word),BOOKS_AND_REFERENCE,4.8,57400,14M,"500,000+",Free,0,Everyone,Books & Reference,"July 30, 2018",1.6.5,4.0 and up
Cy-Reader,FAMILY,4.8,17,15M,100+,Free,0,Everyone,Education,"August 3, 2018",1.7,4.2 and up
Pedometer - Step Counter Free & Calorie Burner,HEALTH_AND_FITNESS,4.8,31139,6.9M,"1,000,000+",Free,0,Everyone,Health & Fitness,"July 24, 2018",1.0.11,4.1 and up
v-view,FAMILY,3.6,309,19M,"10,000+",Free,0,Everyone,Entertainment,"June 22, 2017",1.1.0.0402,4.2 and up
Sermon on Proverbs CH Spurgeon,GAME,4.8,35,3.1M,"10,000+",Free,0,Everyone,Trivia,"July 29, 2016",1.0.0,4.0 and up
Moodpath - Depression & Anxiety Test,MEDICAL,4.6,6035,8.9M,"100,000+",Free,0,Everyone,Medical,"July 5, 2018",1.2.0,4.4 and up
Mermaids,EDUCATION,4.2,14286,Varies with device,"5,000,000+",Free,0,Everyone,Education;Creativity,"April 26, 2018",Varies with device,4.1 and up
Evolution CP & IV Calculator for pokemon,FAMILY,4.3,9465,43M,"500,000+",Free,0,Everyone,Entertainment,"July 8, 2018",0.4.6,4.4 and up
Brexit EU,FAMILY,4.4,7,7.5M,500+,Free,0,Everyone,Casual,"March 10, 2016",1.0,2.3 and up
Sports Alerts - NFL edition,SPORTS,4.6,11549,Varies with device,"100,000+",Free,0,Everyone,Sports,"July 7, 2018",Varies with device,Varies with device
DT Manager,PRODUCTIVITY,4.0,9,3.1M,500+,Free,0,Everyone,Productivity,"May 21, 2015",1.7,2.3 and up
AdventureQuest 3D MMO,FAMILY,4.3,22667,35M,"1,000,000+",Free,0,Teen,Role Playing,"July 26, 2018",1.10.1,4.4 and up
Weight Loss Running by Verv,HEALTH_AND_FITNESS,4.5,27396,59M,"1,000,000+",Free,0,Mature 17+,Health & Fitness,"July 16, 2018",6.5.3,4.1 and up
"Learn Japanese, Korean, Chinese Offline & Free",EDUCATION,4.9,133136,26M,"1,000,000+",Free,0,Everyone,Education;Education,"July 20, 2018",2.16.11.10,4.2 and up
Eye Transplant : ER Emergency Hospital,FAMILY,3.9,1938,62M,"1,000,000+",Free,0,Teen,Educational,"May 25, 2018",1.6,4.1 and up
"Orbitz - Hotels, Flights & Package Deals",TRAVEL_AND_LOCAL,4.4,33256,Varies with device,"1,000,000+",Free,0,Everyone,Travel & Local,"July 31, 2018",Varies with device,Varies with device
101 C Programming Problems,FAMILY,4.6,498,5.0M,"50,000+",Free,0,Everyone,Education,"October 15, 2017",2.0,4.0.3 and up
Map Callouts for CS:GO,GAME,4.3,211,3.6M,"50,000+",Free,0,Everyone,Action,"January 26, 2018",2.1,4.0.3 and up
DB Stay Connected,BUSINESS,4.6,17,9.4M,"1,000+",Free,0,Everyone,Business,"December 8, 2017",1.4,4.0 and up
Alfred Home Security Camera,HOUSE_AND_HOME,4.5,103305,Varies with device,"5,000,000+",Free,0,Everyone,House & Home,"July 31, 2018",Varies with device,Varies with device
Agar.io,GAME,4.2,3815614,32M,"100,000,000+",Free,0,Everyone,Action,"July 23, 2018",2.2.8,4.0.3 and up
Skyscanner,TRAVEL_AND_LOCAL,4.5,481546,29M,"10,000,000+",Free,0,Everyone,Travel & Local,"August 6, 2018",5.48,4.4 and up
UFC,SPORTS,4.0,30840,Varies with device,"1,000,000+",Free,0,Teen,Sports,"May 22, 2018",Varies with device,Varies with device
PUBG MOBILE,GAME,4.4,3714270,36M,"50,000,000+",Free,0,Teen,Action,"July 24, 2018",0.7.0,4.3 and up
HBO GO: Stream with TV Package,FAMILY,3.8,87734,32M,"10,000,000+",Free,0,Teen,Entertainment,"July 19, 2018",16.0.0.437,4.1 and up
Dino War: Rise of Beasts,GAME,4.1,18996,81M,"1,000,000+",Free,0,Teen,Strategy,"August 1, 2018",1.5.2,4.1 and up
Moto Rider,GAME,4.2,115176,24M,"10,000,000+",Free,0,Teen,Racing,"June 15, 2018",1.2.1,4.0 and up
NOOK: Read eBooks & Magazines,BOOKS_AND_REFERENCE,4.5,155466,Varies with device,"10,000,000+",Free,0,Teen,Books & Reference,"April 25, 2018",Varies with device,Varies with device
Jigsaw Puzzles AK 74M,PERSONALIZATION,,0,4.9M,10+,Free,0,Mature 17+,Personalization,"May 7, 2018",1.0,4.0.3 and up
Fruits Bomb,GAME,4.4,74673,17M,"10,000,000+",Free,0,Everyone,Casual,"July 6, 2018",3.3.3179,4.0.3 and up
Hello Kitty Nail Salon,GAME,4.2,369203,24M,"50,000,000+",Free,0,Everyone,Casual;Pretend Play,"April 17, 2018",1.5,4.1 and up
Become a Job - Find a job or advertise,BUSINESS,4.1,6903,14M,"1,000,000+",Free,0,Everyone,Business,"July 10, 2018",2.3.6,4.1 and up
C Locker Pro,PERSONALIZATION,4.2,1531,7.7M,"10,000+",Paid,$2.99,Everyone,Personalization,"December 5, 2017",8.3.4,4.1 and up
FaFaFa™ Gold Casino: Free slot machines,GAME,4.3,11051,44M,"1,000,000+",Free,0,Teen,Casino,"June 25, 2018",1.9.58,4.0.3 and up
Manga Mania - Best online manga reader,COMICS,4.4,757,10M,"10,000+",Free,0,Teen,Comics,"May 24, 2018",1.0,4.1 and up
FB Live,BUSINESS,3.7,27,18M,"5,000+",Free,0,Everyone,Business,"May 17, 2018",1.2.0,5.0 and up
"Money Lover: Expense Tracker, Budget Planner",FINANCE,4.4,126431,Varies with device,"1,000,000+",Free,0,Everyone,Finance,"August 1, 2018",Varies with device,Varies with device
Live Hold’em Pro Poker - Free Casino Games,GAME,4.6,1123190,Varies with device,"10,000,000+",Free,0,Teen,Card,"August 7, 2018",Varies with device,Varies with device
OvuView: Ovulation and Fertility,HEALTH_AND_FITNESS,4.5,40296,Varies with device,"1,000,000+",Free,0,Everyone,Health & Fitness,"June 15, 2018",Varies with device,Varies with device
"Laftel - Watching and Announcing Snooping, Streaming",COMICS,4.6,4895,35M,"100,000+",Free,0,Everyone,Comics,"August 2, 2018",2.4.25,4.4 and up
H Band,HEALTH_AND_FITNESS,4.0,214,8.9M,"10,000+",Free,0,Everyone,Health & Fitness,"June 13, 2018",3.0.2,4.4 and up
"Wedding Planner by WeddingWire - Venues, Checklist",LIFESTYLE,4.2,3788,44M,"1,000,000+",Free,0,Everyone,Lifestyle,"July 24, 2018",8.5.1,5.0 and up
Tutorials for R Programming Offline,FAMILY,,2,4.4M,500+,Free,0,Everyone,Education,"December 4, 2017",1.0,4.0 and up
Lynda - Online Training Videos,EDUCATION,4.2,8599,17M,"1,000,000+",Free,0,Everyone,Education,"July 11, 2018",4.9.10,4.1 and up
Mobile Doc Scanner (MDScan) Lite,BUSINESS,4.2,46505,19M,"1,000,000+",Free,0,Everyone,Business,"August 2, 2018",3.4.49,4.1 and up
Ag Tools,TOOLS,,2,18M,"1,000+",Free,0,Everyone,Tools,"September 27, 2017",1.0,4.0.3 and up
MediaFire,PRODUCTIVITY,4.1,71432,3.8M,"5,000,000+",Free,0,Everyone,Productivity,"November 1, 2017",4.2.2,4.1 and up
BS Battery+,TOOLS,4.3,269,647k,"50,000+",Free,0,Everyone,Tools,"August 18, 2012",4.0.1,2.0 and up
Mobile C [ C/C++ Compiler ],FAMILY,4.3,4624,78M,"100,000+",Free,0,Everyone,Education,"July 7, 2018",2.5.1,4.0.3 and up
Myth Defense 2: DF,FAMILY,4.2,17108,8.3M,"100,000+",Free,0,Everyone,Strategy,"June 23, 2016",1.3.9,2.3.3 and up
CINE BR,VIDEO_PLAYERS,,23,7.5M,"1,000+",Free,0,Everyone,Video Players & Editors,"March 29, 2018",1,4.2 and up
Strike! Ten Pin Bowling,SPORTS,4.2,18584,49M,"5,000,000+",Free,0,Everyone,Sports,"June 27, 2018",1.7.0,4.1 and up
Aproveita DF,LIFESTYLE,,0,3.3M,1+,Free,0,Everyone,Lifestyle,"August 2, 2018",1.0,4.0 and up
FK Jablonec,SPORTS,,2,26M,50+,Free,0,Everyone,Sports,"February 27, 2018",1.0,4.1 and up
The Grand Wars: San Andreas,GAME,3.9,29990,96M,"1,000,000+",Free,0,Teen,Action,"December 8, 2017",Varies with device,2.3 and up
Share Music & Transfer Files - Xender,TOOLS,4.4,1280423,Varies with device,"100,000,000+",Free,0,Everyone,Tools,"July 20, 2018",Varies with device,Varies with device
"Mobizen Screen Recorder for LG - Record, Capture",VIDEO_PLAYERS,4.5,58820,37M,"1,000,000+",Free,0,Everyone,Video Players & Editors,"April 26, 2018",3.5.1.8,4.4 and up
Complete Anatomy for Android,MEDICAL,4.1,90,21M,"1,000+",Free,0,Everyone,Medical,"July 11, 2018",1.0.0,7.0 and up
StarTimes - Live International Champions Cup,ENTERTAINMENT,4.4,17682,9.7M,"1,000,000+",Free,0,Everyone,Entertainment,"August 3, 2018",5.2,4.0.3 and up
LG Health,HEALTH_AND_FITNESS,3.3,20098,25M,"10,000,000+",Free,0,Everyone,Health & Fitness,"May 14, 2018",5.31.75,4.4 and up
Brit + Co,LIFESTYLE,3.9,987,4.5M,"10,000+",Free,0,Everyone,Lifestyle,"August 29, 2017",2.0.4,4.0 and up
WiFi Baby Monitor - NannyCam,VIDEO_PLAYERS,4.1,29867,1.7M,"5,000,000+",Free,0,Everyone,Video Players & Editors,"May 24, 2017",3.1.0 (build 1210),2.3.3 and up
AV Anthony's,FOOD_AND_DRINK,,0,10M,50+,Free,0,Everyone,Food & Drink,"July 11, 2018",1.0.136,6.0 and up
W Box VMS,VIDEO_PLAYERS,1.9,105,9.1M,"10,000+",Free,0,Everyone,Video Players & Editors,"January 9, 2017",4.0.4,2.3.3 and up
BS Calendar / Patro / पात्रो,PRODUCTIVITY,4.2,218,Varies with device,"50,000+",Free,0,Everyone,Productivity,"July 15, 2018",Varies with device,Varies with device
HD Video Player,VIDEO_PLAYERS,4.3,1551,2.9M,"1,000,000+",Free,0,Everyone,Video Players & Editors,"July 25, 2018",1.1,4.1 and up
Cookbook Recipes,FOOD_AND_DRINK,4.1,46539,Varies with device,"5,000,000+",Free,0,Teen,Food & Drink,"July 23, 2018",Varies with device,Varies with device
Seen,FAMILY,4.5,118285,22M,"1,000,000+",Free,0,Teen,Simulation,"May 24, 2018",1.2.1,4.1 and up
Wordscapes,GAME,4.8,230727,87M,"10,000,000+",Free,0,Everyone,Word,"August 2, 2018",1.0.47,4.1 and up
Status For WhatsApp DP - pro,PERSONALIZATION,4.4,49,12M,"10,000+",Free,0,Teen,Personalization,"May 31, 2018",1.7,4.1 and up
BM Box,BOOKS_AND_REFERENCE,4.3,28,Varies with device,"1,000+",Free,0,Everyone,Books & Reference,"October 20, 2016",Varies with device,Varies with device
Azulones Getafe CF Fans,SPORTS,,4,7.8M,100+,Free,0,Teen,Sports,"March 25, 2017",2.3.11,2.3.3 and up
Trulia Mortgage Calculators,HOUSE_AND_HOME,4.1,81,16M,"50,000+",Free,0,Everyone,House & Home,"February 16, 2018",2.1.0,4.4 and up
Ant Smasher by Best Cool & Fun Games,GAME,4.2,1185148,29M,"100,000,000+",Free,0,Everyone,Arcade,"August 1, 2018",9.55,4.0.3 and up
Bi-Tank Ads Free,GAME,,0,Varies with device,1+,Paid,$0.99,Everyone,Arcade,"July 31, 2017",1.1,4.1 and up
that's lit,GAME,4.7,1115,39M,"100,000+",Free,0,Everyone,Arcade,"July 7, 2017",1.0,4.3 and up
Basket Manager 2016 Free,SPORTS,4.3,1879,4.4M,"100,000+",Free,0,Everyone,Sports,"February 9, 2017",2.9,4.1 and up
DF Wall Plus – Droid Firewall,TOOLS,,9,6.3M,500+,Free,0,Everyone,Tools,"August 20, 2017",1.0,4.0.3 and up
French to English Speaking - Apprendre l' Anglais,FAMILY,4.5,4251,13M,"1,000,000+",Free,0,Everyone,Education,"April 27, 2018",23.0,4.0.3 and up
Hovercraft Racer,SPORTS,4.0,218,28M,"100,000+",Free,0,Everyone,Sports,"July 19, 2018",5.0,4.1 and up
Bu the Baby Bunny - Cute pet care game,FAMILY,4.4,37122,89M,"1,000,000+",Free,0,Everyone,Educational,"June 14, 2018",1.03,4.1 and up
Eg Call,COMMUNICATION,4.2,91,6.0M,"10,000+",Free,0,Everyone,Communication,"February 26, 2017",3.8.6,2.2 and up
Transformers Rescue Bots: Disaster Dash,FAMILY,4.4,19245,25M,"1,000,000+",Free,0,Everyone,Casual;Action & Adventure,"March 28, 2018",1.3,4.1 and up
"Pzizz - Sleep, Nap, Focus",MEDICAL,4.3,5521,22M,"100,000+",Free,0,Everyone,Medical,"July 1, 2018",4.9.6,4.1 and up
DC-014,PHOTOGRAPHY,5.0,3,16M,500+,Free,0,Everyone,Photography,"June 14, 2018",1.0.3,4.1 and up
TUTORIAL CT SCAN CARDIAC,MEDICAL,,1,15M,"1,000+",Free,0,Everyone,Medical,"March 10, 2018",2.0,4.0.3 and up
Badoo - Free Chat & Dating App,SOCIAL,4.3,3781770,Varies with device,"100,000,000+",Free,0,Mature 17+,Social,"August 2, 2018",Varies with device,Varies with device
TownWiFi | Wi-Fi Everywhere,COMMUNICATION,3.9,2372,58M,"500,000+",Free,0,Everyone,Communication,"August 2, 2018",4.2.1,4.2 and up
Maps - Navigate & Explore,TRAVEL_AND_LOCAL,4.3,9231613,Varies with device,"1,000,000,000+",Free,0,Everyone,Travel & Local,"July 31, 2018",Varies with device,Varies with device
World of Warriors: Duel,GAME,4.3,25952,36M,"500,000+",Free,0,Everyone 10+,Action,"September 7, 2015",1.1.2,2.3 and up
EB Demo for Android,FAMILY,,0,13M,10+,Free,0,Teen,Entertainment,"May 17, 2017",1.0,4.1 and up
Microsoft OneNote,PRODUCTIVITY,4.4,480638,Varies with device,"100,000,000+",Free,0,Everyone,Productivity,"July 22, 2018",16.0.10325.20024,4.4 and up
Meet With Strangers: Video Chat & Dating,DATING,,2,3.7M,500+,Free,0,Mature 17+,Dating,"July 16, 2018",1.,4.0 and up
Oklahoma Ag Co-op Council,COMMUNICATION,,0,4.9M,10+,Free,0,Everyone,Communication,"July 23, 2018",2.2.3,4.0.3 and up
"KAYAK Flights, Hotels & Cars",TRAVEL_AND_LOCAL,4.5,216388,19M,"10,000,000+",Free,0,Everyone,Travel & Local,"July 31, 2018",Varies with device,Varies with device
Bible du Semeur-BDS (French),BOOKS_AND_REFERENCE,4.5,313,6.9M,"50,000+",Free,0,Everyone,Books & Reference,"August 4, 2018",0.7,1.0 and up
"CL Reader for Craigslist(For sale, jobs, rental..)",TOOLS,4.1,61,6.3M,"1,000+",Free,0,Everyone,Tools,"September 14, 2017",1.9,4.1 and up
NeuroNation - Focus and Brain Training,EDUCATION,4.5,248555,Varies with device,"5,000,000+",Free,0,Everyone,Education;Brain Games,"May 23, 2018",Varies with device,4.0.3 and up
FK Dedinje BGD,SPORTS,5.0,36,2.6M,100+,Free,0,Everyone,Sports,"February 11, 2017",1.1,4.0 and up
Masha and the Bear: Evolution,FAMILY,4.5,2062,42M,"500,000+",Free,0,Everyone,Strategy;Education,"June 14, 2018",1.0.9,4.0 and up
"Star Girl - Fashion, Makeup & Dress Up",FAMILY,4.3,556929,53M,"10,000,000+",Free,0,Teen,Casual,"April 19, 2018",4.2.1,4.0.3 and up
Weather by eltiempo.es,WEATHER,4.2,67854,Varies with device,"5,000,000+",Free,0,Everyone,Weather,"August 2, 2018",Varies with device,Varies with device
Squadron - Bullet Hell Shooter,GAME,4.2,177542,40M,"10,000,000+",Free,0,Everyone,Arcade,"May 2, 2016",1.0.7,2.3 and up
Down Dog: Great Yoga Anywhere,HEALTH_AND_FITNESS,4.9,28945,12M,"500,000+",Free,0,Teen,Health & Fitness,"May 17, 2018",2.6.1,4.2 and up
Rento - Dice Board Game Online,GAME,4.3,205830,63M,"10,000,000+",Free,0,Everyone,Board,"June 20, 2018",4.4.9,4.1 and up
CR Blue Icon Pack,PERSONALIZATION,4.5,323,38M,"10,000+",Free,0,Everyone,Personalization,"December 4, 2014",1.03,2.3.3 and up
Manga Books,COMICS,3.8,7326,Varies with device,"500,000+",Free,0,Adults only 18+,Comics,"August 3, 2018",Varies with device,Varies with device
Basket Manager 2018 Free,SPORTS,3.4,1520,6.3M,"50,000+",Free,0,Everyone,Sports,"April 17, 2018",3.7,4.4 and up
OBJECTIVE,VIDEO_PLAYERS,3.8,19738,33M,"1,000,000+",Free,0,Teen,Video Players & Editors,"August 7, 2018",9.7.6,4.0 and up
Q Link Wireless Zone,PRODUCTIVITY,4.0,2194,17M,"500,000+",Free,0,Everyone,Productivity,"March 8, 2018",2.0.4,4.4 and up
Bitdefender Antivirus Free,TOOLS,4.5,78629,6.3M,"1,000,000+",Free,0,Everyone,Tools,"July 20, 2018",3.4.406,4.0.3 and up
LINE I Love Coffee,FAMILY,4.0,250257,50M,"5,000,000+",Free,0,Everyone,Simulation,"November 16, 2016",1.1.5,2.3.3 and up
Fitbit Coach,HEALTH_AND_FITNESS,4.6,28951,60M,"1,000,000+",Free,0,Everyone,Health & Fitness,"July 16, 2018",4.4,4.4 and up
Wunderlist: To-Do List & Tasks,PRODUCTIVITY,4.6,404610,Varies with device,"10,000,000+",Free,0,Everyone,Productivity,"April 6, 2018",Varies with device,Varies with device
Driving Suv Toyota Car Simulator,FAMILY,3.7,187,54M,"10,000+",Free,0,Everyone,Simulation,"November 12, 2017",1,4.0 and up
To-U - free EV public charging,TRAVEL_AND_LOCAL,4.4,75,19M,"1,000+",Free,0,Everyone,Travel & Local,"May 23, 2018",2.9.0,4.1 and up
Custos F.O.,BUSINESS,,0,9.7M,1+,Free,0,Everyone,Business,"June 20, 2018",4.1.0,4.1 and up
Dr. Cares - Amy's Pet Clinic 🐈 🐕,FAMILY,4.5,3580,60M,"100,000+",Free,0,Everyone,Casual,"April 30, 2018",1.8,4.4 and up
Maps & GPS Navigation — OsmAnd,MAPS_AND_NAVIGATION,4.2,60838,Varies with device,"5,000,000+",Free,0,Everyone,Maps & Navigation,"August 6, 2018",Varies with device,Varies with device
"Pixel art pro-Sand box,paint by number,number draw",FAMILY,4.5,2442,13M,"100,000+",Free,0,Everyone,Casual;Brain Games,"July 6, 2018",2.5.111,4.0.3 and up
Z Camera,PHOTOGRAPHY,3.8,142,7.7M,"10,000+",Free,0,Everyone,Photography,"April 8, 2016",1.8,4.0 and up
Love Calendar - Couple Sharing Calendar & CoupleDay,DATING,,14,3.3M,50+,Free,0,Everyone,Dating,"July 30, 2018",1.6,4.1 and up
FD Fotografia,PHOTOGRAPHY,,2,4.2M,100+,Free,0,Everyone,Photography,"January 17, 2018",0.0.9,4.1 and up
"Cardiac diagnosis (heart rate, arrhythmia)",MEDICAL,4.4,8,6.5M,100+,Paid,$12.99,Everyone,Medical,"July 25, 2018",7,3.0 and up
Baba Yaad Hai?(BK's),FAMILY,4.8,160,13M,"10,000+",Free,0,Everyone,Entertainment,"March 5, 2017",1.3,2.3 and up
ESPN Fantasy Sports,SPORTS,4.0,176448,10M,"5,000,000+",Free,0,Everyone,Sports,"November 21, 2017",5.3.0,4.4 and up
Resume Builder and CV maker app,PRODUCTIVITY,4.3,2303,15M,"100,000+",Free,0,Everyone,Productivity,"August 2, 2018",8.9.2.pro,4.0.3 and up
Lottery Ticket Checker - Florida Results & Lotto,TOOLS,1.0,3,41M,500+,Free,0,Everyone,Tools,"December 12, 2017",1.0,4.2 and up
ai.type Free Emoji Keyboard,PERSONALIZATION,4.3,647844,Varies with device,"10,000,000+",Free,0,Everyone,Personalization,"July 24, 2018",Varies with device,Varies with device
BG TV Stations,FAMILY,,0,2.9M,100+,Free,0,Everyone,Entertainment,"February 10, 2018",1.0,4.1 and up
ZEDGE™ Ringtones & Wallpapers,PERSONALIZATION,4.6,6459626,Varies with device,"100,000,000+",Free,0,Teen,Personalization,"July 19, 2018",Varies with device,Varies with device
MouseMingle,DATING,2.7,3,3.9M,100+,Free,0,Mature 17+,Dating,"July 17, 2018",1.0.0,4.4 and up
ES Remote,FAMILY,3.3,707,15M,"100,000+",Free,0,Everyone,Entertainment,"November 20, 2014",2.1.1,2.3 and up
L.O.L. Surprise Ball Pop,FAMILY,4.3,10088,Varies with device,"1,000,000+",Free,0,Everyone,Casual;Action & Adventure,"March 8, 2018",Varies with device,4.1 and up
N-Back,FAMILY,4.1,413,930k,"10,000+",Free,0,Everyone,Puzzle,"February 15, 2016",1.6,2.1 and up
A-B repeater,VIDEO_PLAYERS,4.4,32,239k,"5,000+",Free,0,Everyone,Video Players & Editors,"May 18, 2018",1.8,3.0 and up
Talking Husky Dog,FAMILY,4.4,26545,40M,"1,000,000+",Free,0,Everyone,Casual,"July 20, 2018",2.08,4.1 and up
"FastMeet: Chat, Dating, Love",DATING,4.2,22544,5.9M,"1,000,000+",Free,0,Mature 17+,Dating,"July 27, 2018",1.31.4,4.0.3 and up
Socle Commun BO du 23-04-2015,LIBRARIES_AND_DEMO,,4,4.7M,100+,Paid,$0.99,Everyone,Libraries & Demo,"August 8, 2016",0.0.1,4.1 and up
MUTV - Manchester United TV,SPORTS,4.4,4549,24M,"500,000+",Free,0,Everyone,Sports,"August 1, 2018",2.4.0,4.1 and up
DU Browser Mini(Small&Fast),TOOLS,4.2,20941,2.0M,"1,000,000+",Free,0,Everyone,Tools,"December 23, 2016",1.12.23,4.0 and up
"Carousell: Snap-Sell, Chat-Buy",SHOPPING,4.3,125783,Varies with device,"10,000,000+",Free,0,Teen,Shopping,"August 6, 2018",Varies with device,Varies with device
CW Nuclear,BOOKS_AND_REFERENCE,3.3,15,12M,"1,000+",Free,0,Everyone,Books & Reference,"November 17, 2017",1.2,4.0 and up
EP Horlogerie,LIFESTYLE,4.9,18,24M,"1,000+",Free,0,Everyone,Lifestyle,"March 28, 2018",4.0.2,4.0.3 and up
EZ-Placard - Free Placard Calculator,TOOLS,2.9,7,2.4M,"1,000+",Free,0,Everyone,Tools,"October 26, 2017",2,4.1 and up
BZ Bingo,FAMILY,,1,17M,100+,Free,0,Everyone,Entertainment,"April 3, 2018",1.3,4.0.3 and up
BP Log lite,LIFESTYLE,5.0,3,1.5M,100+,Free,0,Everyone,Lifestyle,"November 15, 2014",1.1,2.2 and up
allhomes.com.au,HOUSE_AND_HOME,3.8,874,12M,"100,000+",Free,0,Everyone,House & Home,"August 1, 2018",5.13.1,4.3 and up
Bu Hangi Uygulama ?,FAMILY,,1,24M,10+,Free,0,Everyone,Puzzle,"March 6, 2018",3.2.6z,4.0.3 and up
I Screen Dialer,TOOLS,4.1,8137,3.9M,"1,000,000+",Free,0,Everyone,Tools,"February 25, 2018",1.11,4.3 and up
"PhotoGrid: Video & Pic Collage Maker, Photo Editor",PHOTOGRAPHY,4.6,7529865,Varies with device,"100,000,000+",Free,0,Everyone,Photography,"August 6, 2018",6.71,Varies with device
VLC for Android,VIDEO_PLAYERS,4.4,1031045,Varies with device,"100,000,000+",Free,0,Everyone,Video Players & Editors,"July 30, 2018",Varies with device,2.3 and up
Valentines love color by number-Pixel art coloring,FAMILY,4.4,767,18M,"100,000+",Free,0,Everyone,Entertainment,"February 23, 2018",1.1,4.1 and up
GKPB FP Online Church,LIFESTYLE,5.0,32,7.9M,"1,000+",Free,0,Everyone,Lifestyle,"December 31, 2017",0.7.1,4.4 and up
Flight Simulator X 2016 Free,FAMILY,3.8,44636,Varies with device,"1,000,000+",Free,0,Everyone,Simulation,"January 23, 2017",Varies with device,Varies with device
SBB Mobile,MAPS_AND_NAVIGATION,3.7,20605,Varies with device,"1,000,000+",Free,0,Everyone,Maps & Navigation,"August 6, 2018",Varies with device,Varies with device
Experian - Free Credit Report,FINANCE,4.6,23130,46M,"1,000,000+",Free,0,Everyone,Finance,"July 12, 2018",2.1.4,4.2 and up
DG UPnP Player Free,VIDEO_PLAYERS,3.2,39,12M,"10,000+",Free,0,Everyone,Video Players & Editors,"March 18, 2016",2.0,4.0.3 and up
bd's Mongolian Grill,LIFESTYLE,4.2,120,14M,"10,000+",Free,0,Everyone,Lifestyle,"February 23, 2018",1.5.1,4.1 and up
Mindvalley U Tallinn 2018,EVENTS,5.0,1,21M,100+,Free,0,Everyone,Events,"July 3, 2018",1.0.5,4.4 and up
Logo Maker - Small Business,ART_AND_DESIGN,4.0,450,14M,"100,000+",Free,0,Everyone,Art & Design,"April 20, 2018",4.0,4.1 and up
FI CFL,FINANCE,3.7,112,3.9M,"10,000+",Free,0,Everyone,Finance,"July 5, 2018",1.1.1,5.0 and up
Offline Maps & Navigation,TRAVEL_AND_LOCAL,4.7,193364,33M,"5,000,000+",Free,0,Everyone,Travel & Local,"June 7, 2018",17.4.1,4.0.3 and up
ONScripter Plus (Ad Free),GAME,4.5,100,17M,"1,000+",Paid,$3.99,Everyone,Adventure,"April 7, 2016",1.2.4,4.1 and up
Google Sheets,PRODUCTIVITY,4.3,496399,Varies with device,"100,000,000+",Free,0,Everyone,Productivity,"August 6, 2018",Varies with device,Varies with device
STARZ,ENTERTAINMENT,4.3,88185,Varies with device,"10,000,000+",Free,0,Mature 17+,Entertainment,"June 20, 2018",Varies with device,Varies with device
Bad Piggies,FAMILY,4.3,1168959,66M,"50,000,000+",Free,0,Everyone,Puzzle,"May 3, 2017",2.3.3,4.1 and up
Dots puzzle,FAMILY,4.0,179,14M,"50,000+",Paid,$0.99,Everyone,Puzzle,"April 18, 2018",,4.0 and up
Google Voice,COMMUNICATION,4.2,171031,Varies with device,"10,000,000+",Free,0,Everyone,Communication,"August 3, 2018",Varies with device,Varies with device
San Andreas Crime Stories,GAME,4.0,162530,97M,"10,000,000+",Free,0,Mature 17+,Racing,"July 2, 2018",1.0.0.0,4.1 and up
Talking Tom Gold Run,GAME,4.6,2698348,78M,"100,000,000+",Free,0,Everyone,Action,"July 31, 2018",2.8.2.59,4.1 and up
RISK: Global Domination,FAMILY,4.0,68559,75M,"5,000,000+",Free,0,Everyone,Board;Action & Adventure,"July 31, 2018",1.19.56.434,4.4 and up
"Blendr - Chat, Flirt & Meet",DATING,4.0,28671,Varies with device,"1,000,000+",Free,0,Mature 17+,Dating,"August 1, 2018",Varies with device,Varies with device
Lake Michigan CU Mobile,FINANCE,4.0,732,5.5M,"50,000+",Free,0,Everyone,Finance,"April 2, 2018",3.0.21,4.0 and up
USAA Mobile,FINANCE,4.5,100997,33M,"5,000,000+",Free,0,Everyone,Finance,"July 27, 2018",8.44.2,5.0 and up
ActionDirector Video Editor - Edit Videos Fast,VIDEO_PLAYERS,4.5,74531,32M,"5,000,000+",Free,0,Everyone,Video Players & Editors,"June 15, 2018",2.12.0,4.3 and up
Phone,TOOLS,3.6,45483,Varies with device,"10,000,000+",Free,0,Everyone,Tools,"July 30, 2018",Varies with device,Varies with device
Power Plug EV charger,MAPS_AND_NAVIGATION,3.7,13,3.9M,"1,000+",Free,0,Everyone,Maps & Navigation,"December 22, 2014",1.1,2.3.3 and up
converter video to mp3,LIBRARIES_AND_DEMO,4.4,783,6.4M,"100,000+",Free,0,Everyone,Libraries & Demo,"June 10, 2017",1.6,2.2 and up
Google Classroom,EDUCATION,4.2,69498,Varies with device,"10,000,000+",Free,0,Everyone,Education,"July 19, 2018",Varies with device,Varies with device
CE Intelligence,BUSINESS,,0,10M,5+,Free,0,Everyone,Business,"November 15, 2016",1.1,4.0 and up
Restart Navigator,AUTO_AND_VEHICLES,4.0,1403,201k,"100,000+",Free,0,Everyone,Auto & Vehicles,"August 26, 2014",1.0.1,2.2 and up
MX Player,VIDEO_PLAYERS,4.5,6469179,Varies with device,"500,000,000+",Free,0,Everyone,Video Players & Editors,"August 1, 2018",Varies with device,Varies with device
I am Rich,FINANCE,4.3,180,3.8M,"5,000+",Paid,$399.99,Everyone,Finance,"March 22, 2018",1.0,4.2 and up
Manage My Pain Pro,MEDICAL,4.4,726,Varies with device,"5,000+",Paid,$3.99,Everyone,Medical,"March 5, 2018",Varies with device,Varies with device
tv-ec,FAMILY,,1,3.4M,50+,Free,0,Everyone,Entertainment,"April 7, 2018",8.1,4.0.3 and up
Ek IRA,COMMUNICATION,,0,5.7M,10+,Free,0,Everyone,Communication,"July 27, 2018",0.3.1,4.1 and up
AP Planner,FAMILY,2.9,45,1.3M,"5,000+",Free,0,Everyone,Education,"August 3, 2015",1.1,2.1 and up
Simple Blood Pressure log,MEDICAL,3.9,31,10M,"1,000+",Free,0,Everyone,Medical,"January 15, 2016",1.0.1,4.4 and up
NBC Sports,SPORTS,3.1,78442,25M,"5,000,000+",Free,0,Everyone,Sports,"June 22, 2018",5.12.4,4.1 and up
DP and Status Images | All Latest Status 2018,LIFESTYLE,4.7,25,3.8M,"10,000+",Free,0,Teen,Lifestyle,"July 22, 2017",1.0,4.0 and up
BH Bikes Premium,SPORTS,3.0,26,15M,"1,000+",Free,0,Everyone,Sports,"May 9, 2017",2.1.1,5.0 and up
.R,TOOLS,4.5,259,203k,"10,000+",Free,0,Everyone,Tools,"September 16, 2014",1.1.06,1.5 and up
Puffin Web Browser,COMMUNICATION,4.3,541389,Varies with device,"10,000,000+",Free,0,Everyone,Communication,"July 9, 2018",7.5.3.20547,4.1 and up
RD/FD Calculator,FINANCE,4.4,92,1.5M,"10,000+",Free,0,Everyone,Finance,"January 31, 2017",1.2.1,4.0.3 and up
ElejaOnline DF,BUSINESS,,0,3.0M,50+,Free,0,Everyone,Business,"June 18, 2018",1.0.0,4.1 and up
AQ: First Contact,FAMILY,,0,Varies with device,"50,000+",Free,0,Everyone,Strategy,"July 26, 2018",Varies with device,Varies with device
"Evernote – Organizer, Planner for Notes & Memos",PRODUCTIVITY,4.6,1488397,Varies with device,"100,000,000+",Free,0,Everyone,Productivity,"August 3, 2018",Varies with device,Varies with device
AJ Styles HD Wallpapers,ART_AND_DESIGN,4.8,48,25M,"5,000+",Free,0,Everyone,Art & Design,"August 4, 2018",1.1.1,4.1 and up
Z PIVOT,COMMUNICATION,,0,5.7M,10+,Paid,$19.99,Everyone,Communication,"July 11, 2018",1.3,4.2 and up
DB Transport,MAPS_AND_NAVIGATION,1.9,179,10M,"10,000+",Free,0,Everyone,Maps & Navigation,"March 13, 2018",3.05,4.1 and up
Best CG views,FAMILY,4.2,4,2.5M,100+,Free,0,Teen,Entertainment,"June 24, 2015",5.1,3.0 and up
SK Bosnia Online EU Teplice,SPORTS,,2,10M,5+,Free,0,Everyone,Sports,"August 21, 2017",1.2,4.0 and up
OB-GYN USMLE Stp2 CK 300 Q & A,MEDICAL,4.4,34,4.9M,"10,000+",Free,0,Everyone,Medical,"May 16, 2015",1.2,2.0 and up
The Hunt for the Lost Treasure,FAMILY,4.6,7148,8.1M,"100,000+",Paid,$2.99,Everyone,Adventure;Brain Games,"September 13, 2017",1.8,4.0.3 and up
Strawberry Shortcake BerryRush,FAMILY,4.3,525552,48M,"10,000,000+",Free,0,Everyone,Action;Action & Adventure,"October 15, 2017",1.2.3,2.3 and up
Score! Hero,GAME,4.6,5419676,96M,"100,000,000+",Free,0,Everyone,Sports,"June 13, 2018",1.751,4.4 and up
Go Go Coupons - Free Coupon and Discount,SHOPPING,3.0,4,1.2M,"1,000+",Free,0,Everyone,Shopping,"July 1, 2018",10.0,4.0 and up
I Am Innocent,GAME,4.4,208501,56M,"1,000,000+",Free,0,Teen,Adventure,"July 23, 2018",2.8.307,4.0.3 and up
Аim Training for CS,GAME,3.6,2328,12M,"100,000+",Free,0,Everyone,Action,"October 25, 2014",1.8,2.3 and up
Eurosport,SPORTS,4.0,121003,Varies with device,"10,000,000+",Free,0,Everyone,Sports,"August 6, 2018",Varies with device,Varies with device
DH Mariage,LIFESTYLE,,0,4.9M,50+,Free,0,Everyone,Lifestyle,"September 12, 2017",1.0,4.3 and up
"Calendars (En, Bn, Ar)",PRODUCTIVITY,4.6,27,2.5M,"1,000+",Free,0,Everyone,Productivity,"June 5, 2017",1.2.3,4.0 and up
SHADOWGUN LEGENDS,GAME,4.6,100609,52M,"1,000,000+",Free,0,Teen,Action,"July 16, 2018",0.5.4,6.0 and up
Cover Fire: offline shooting games for free,GAME,4.7,725897,31M,"10,000,000+",Free,0,Teen,Action,"August 3, 2018",1.8.20,4.1 and up
EZ-ELD Driver App (Free),AUTO_AND_VEHICLES,2.1,83,4.8M,"5,000+",Free,0,Everyone,Auto & Vehicles,"July 29, 2018",1.0.12,4.3 and up
DreamMapper,MEDICAL,4.2,10710,8.5M,"100,000+",Free,0,Everyone,Medical,"July 3, 2018",2.15,5.0 and up
Thomas & Friends: Race On!,FAMILY,4.1,29319,26M,"5,000,000+",Free,0,Everyone,Casual;Action & Adventure,"May 18, 2018",2.4,4.4 and up
Angry Birds Rio,GAME,4.4,2610622,46M,"100,000,000+",Free,0,Everyone,Arcade,"July 3, 2018",2.6.9,4.1 and up
Endurance Lifestyle,EVENTS,4.6,7,3.8M,500+,Free,0,Teen,Events,"July 10, 2017",2.1,4.2 and up
Wallpapers Bus Scania Irizar K,PERSONALIZATION,,35,15M,"10,000+",Free,0,Teen,Personalization,"April 21, 2016",1.0,2.3.3 and up
Coupons for Dairy Queen,FOOD_AND_DRINK,4.6,42,3.9M,100+,Free,0,Teen,Food & Drink,"July 18, 2018",1.0,5.0 and up
Youper - AI Therapy,MEDICAL,4.6,2006,69M,"50,000+",Free,0,Everyone,Medical,"August 3, 2018",6.02.000,6.0 and up
Music Collector Inventory Organizer UPC Discogs,LIFESTYLE,3.5,155,12M,"10,000+",Free,0,Everyone,Lifestyle,"October 13, 2017",3.1,4.1 and up
DMC ER Now,MEDICAL,4.3,6,5.3M,"1,000+",Free,0,Everyone,Medical,"March 16, 2017",1.4,2.3 and up
Socratic - Math Answers & Homework Help,EDUCATION,4.6,37862,5.4M,"1,000,000+",Free,0,Everyone,Education,"June 7, 2018",1.8.1,4.1 and up
Webull - Stock Quotes & Free Stock Trading,FINANCE,4.3,34861,Varies with device,"1,000,000+",Free,0,Everyone,Finance,"August 3, 2018",Varies with device,Varies with device
ClanHQ,COMMUNICATION,2.7,560,37M,"10,000+",Free,0,Everyone,Communication,"July 25, 2018",1.0.21,4.4 and up
Google I/O 2018,BOOKS_AND_REFERENCE,4.3,22401,4.6M,"500,000+",Free,0,Everyone,Books & Reference,"May 7, 2018",6.1.2,5.0 and up
OptoDrum,MEDICAL,3.9,10,378k,"1,000+",Paid,$5.99,Everyone,Medical,"May 26, 2015",1.0,3.0 and up
EyeEm - Camera & Photo Filter,PHOTOGRAPHY,4.2,215343,44M,"10,000,000+",Free,0,Everyone,Photography,"July 14, 2018",6.4.3,4.0.3 and up
AE Video Poker,GAME,4.0,721,18M,"50,000+",Free,0,Teen,Casino,"December 31, 2015",1.3.2,2.3 and up
ER Surgery Simulator,FAMILY,3.6,19601,56M,"1,000,000+",Free,0,Everyone 10+,Casual,"June 6, 2018",1.0.4,4.1 and up
Xbox,FAMILY,4.3,556659,46M,"10,000,000+",Free,0,Everyone,Entertainment,"June 20, 2018",1805.0618.1637,4.1 and up
AE Master Moto,GAME,4.0,17876,37M,"1,000,000+",Free,0,Everyone,Racing,"December 10, 2015",1.8.6,2.3 and up
Power Pop Bubbles,GAME,4.4,104303,Varies with device,"10,000,000+",Free,0,Everyone,Arcade,"August 2, 2018",3.15,4.1 and up
Kiamichi EC,TOOLS,4.6,7,3.9M,"1,000+",Free,0,Everyone,Tools,"February 23, 2018",1.283.0037,2.3.3 and up
BV Productions,BUSINESS,,0,2.8M,1+,Free,0,Everyone,Business,"October 25, 2016",1.0.1,4.0 and up
Learn 50 languages,EDUCATION,4.4,55256,14M,"5,000,000+",Free,0,Everyone,Education,"June 19, 2018",10.9.1,4.0 and up
Sabka Malik Ek Sai,SOCIAL,4.2,17,5.1M,"1,000+",Free,0,Teen,Social,"May 25, 2013",1.3,2.2 and up
Block Puzzle Classic Legend !,GAME,4.2,17039,4.9M,"5,000,000+",Free,0,Everyone,Puzzle,"April 13, 2018",2.9,2.3.3 and up
Galactic Core Free Wallpaper,PERSONALIZATION,4.1,69417,853k,"10,000,000+",Free,0,Everyone,Personalization,"May 1, 2014",2.41,2.1 and up
T-Mobile DIGITS,COMMUNICATION,3.0,1820,33M,"100,000+",Free,0,Everyone,Communication,"February 15, 2018",1.1.50,4.4 and up
BT Speed,SPORTS,,3,948k,10+,Paid,$4.80,Everyone,Sports,"May 21, 2015",1.0.1,4.0.3 and up
The Weather Network,WEATHER,3.9,135337,Varies with device,"5,000,000+",Free,0,Everyone,Weather,"August 6, 2018",Varies with device,Varies with device
DIRECTV,FAMILY,4.1,235486,63M,"10,000,000+",Free,0,Teen,Entertainment,"June 1, 2018",5.9.006,4.1 and up
Blood Pressure Companion,MEDICAL,4.2,178,4.8M,"1,000+",Paid,$0.99,Everyone,Medical,"July 22, 2018",4.1.5 (Steglitz),4.1 and up
Hotspot Shield Free VPN Proxy & Wi-Fi Security,TOOLS,4.2,1116393,8.2M,"50,000,000+",Free,0,Everyone,Tools,"August 6, 2018",6.1.0,4.1 and up
QuickPic - Photo Gallery with Google Drive Support,PHOTOGRAPHY,4.6,847159,4.2M,"10,000,000+",Free,0,Everyone,Photography,"November 10, 2017",4.7.4,4.0 and up
Barbie™ Fashion Closet,FAMILY,4.1,68286,85M,"10,000,000+",Free,0,Everyone,Casual;Creativity,"July 30, 2018",1.3.7,4.1 and up
Evil Apples: A Dirty Card Game,GAME,4.3,137696,55M,"5,000,000+",Free,0,Mature 17+,Word,"July 19, 2018",2.3.3,4.2 and up
"Jaumo Dating, Flirt & Live Video",SOCIAL,4.4,900064,13M,"10,000,000+",Free,0,Mature 17+,Social,"July 31, 2018",4.17.2,4.1 and up
osmino Wi-Fi: free WiFi,TOOLS,4.2,134203,4.1M,"10,000,000+",Free,0,Everyone,Tools,"August 6, 2018",6.06.14,4.4 and up
Abs Workout - 30 Days Fitness App for Six Pack Abs,HEALTH_AND_FITNESS,4.6,299,11M,"100,000+",Free,0,Everyone,Health & Fitness,"August 3, 2018",1.3.8,4.4 and up
U-Dictionary: Best English Learning Dictionary,FAMILY,4.5,166886,21M,"10,000,000+",Free,0,Everyone 10+,Education,"July 29, 2018",3.6.2,4.0.3 and up
Hitwe - meet people and chat,DATING,4.2,243950,21M,"10,000,000+",Free,0,Mature 17+,Dating,"May 10, 2018",4.3.2,4.1 and up
Myanmar 2D/3D,BUSINESS,4.6,822,3.1M,"100,000+",Free,0,Everyone,Business,"June 8, 2018",1.5,4.0.3 and up
BM Tahmin: Ücretsiz İddaa Tahminleri,SPORTS,,7,1.9M,500+,Free,0,Everyone,Sports,"December 11, 2017",1.3,4.0.3 and up
Texas Bar-B-Q Rewards,FOOD_AND_DRINK,,0,14M,5+,Free,0,Everyone,Food & Drink,"March 28, 2018",2.0.24,4.1 and up
Virtual Mother Surgery Doctor : Emergency Hospital,FAMILY,3.9,70,61M,"10,000+",Free,0,Teen,Educational,"May 30, 2018",1.1,4.0 and up
Tubi TV - Free Movies & TV,ENTERTAINMENT,4.3,296771,11M,"10,000,000+",Free,0,Teen,Entertainment,"July 15, 2018",2.13.5,4.1 and up
CG Daily News,NEWS_AND_MAGAZINES,4.3,65,3.5M,"10,000+",Free,0,Everyone,News & Magazines,"April 29, 2018",8.2,4.0.3 and up
wetter.com - Weather and Radar,WEATHER,4.2,189313,38M,"10,000,000+",Free,0,Everyone,Weather,"August 6, 2018",Varies with device,Varies with device
Order & Chaos 2: 3D MMO RPG,FAMILY,4.1,242722,54M,"10,000,000+",Free,0,Teen,Role Playing,"July 9, 2018",3.1.2b,4.0.3 and up
EasyBib: Citation Generator,EDUCATION,3.5,1405,7.3M,"100,000+",Free,0,Everyone,Education,"March 29, 2018",2.4.4,4.0 and up
Dual N-Back - Brain game,FAMILY,4.3,817,28M,"100,000+",Free,0,Everyone,Educational,"May 25, 2018",2.4.2,4.1 and up
Morse Code Reader,COMMUNICATION,3.9,1436,20k,"100,000+",Free,0,Everyone,Communication,"August 26, 2013",1.0,1.6 and up
Hollywood U: Rising Stars,FAMILY,4.2,233588,74M,"5,000,000+",Free,0,Teen,Simulation,"April 21, 2017",3.8.0,4.0.3 and up
DG OFF - 100% Free Coupons & Deals,SHOPPING,5.0,1,1.1M,10+,Free,0,Everyone,Shopping,"July 11, 2018",1.0,4.0 and up
Hamilton — The Official App,ENTERTAINMENT,4.5,1575,43M,"100,000+",Free,0,Everyone,Entertainment,"July 13, 2018",2.3.2,5.0 and up
Galaxy Defense,FAMILY,4.1,78142,17M,"5,000,000+",Free,0,Everyone,Strategy,"August 22, 2015",1.2.3,3.0 and up
Ayyush wih wih new without Net,LIBRARIES_AND_DEMO,3.8,912,13M,"500,000+",Free,0,Everyone,Libraries & Demo,"January 9, 2018",2.0.0,2.3 and up
"JotterPad - Writer, Screenplay, Novel",PRODUCTIVITY,4.6,57904,11M,"1,000,000+",Free,0,Everyone,Productivity,"July 1, 2018",12.8.2-pi,4.2 and up
Be you GO Launcher Theme,PERSONALIZATION,4.3,1580,3.6M,"100,000+",Free,0,Everyone,Personalization,"November 12, 2014",v1.0,2.3 and up
"energyly (TNEB,BESCOM,MH,DL..)",TOOLS,3.9,627,4.1M,"10,000+",Free,0,Everyone,Tools,"February 21, 2017",6.0,4.0 and up
US 115th CD,TRAVEL_AND_LOCAL,,0,5.7M,5+,Free,0,Everyone,Travel & Local,"November 3, 2017",106,4.0.3 and up
DraftKings - Daily Fantasy Sports,SPORTS,4.5,50017,41M,"1,000,000+",Free,0,Adults only 18+,Sports,"July 24, 2018",3.21.324,4.4 and up
Vimeo,FAMILY,3.9,85578,Varies with device,"10,000,000+",Free,0,Teen,Entertainment,"August 1, 2018",Varies with device,Varies with device
What's Up,LIFESTYLE,4.1,23453,10M,"1,000,000+",Free,0,Everyone,Lifestyle,"October 26, 2017",2.0,4.0 and up
Offline Jízdní řády CG Transit,MAPS_AND_NAVIGATION,4.6,7314,7.0M,"100,000+",Free,0,Everyone,Maps & Navigation,"September 7, 2017",3.1.4,4.0 and up
Blood Pressure,MEDICAL,,10,2.4M,"1,000+",Free,0,Everyone,Medical,"March 14, 2015",1.0,2.3 and up
Ek-yatri: Travel where you Belong,TRAVEL_AND_LOCAL,,0,29M,1+,Free,0,Everyone,Travel & Local,"August 1, 2018",1.0.0,4.4 and up
The Sims™ FreePlay,FAMILY,4.3,931503,31M,"10,000,000+",Free,0,Teen,Simulation,"July 16, 2018",5.39.1,4.0.3 and up
Be My Love Animated Keyboard,PERSONALIZATION,4.6,838,11M,"50,000+",Free,0,Teen,Personalization,"March 30, 2018",1.70,4.1 and up
E*TRADE Mobile,FINANCE,3.9,10657,58M,"1,000,000+",Free,0,Everyone,Finance,"August 2, 2018",6.8.2,4.4 and up
"Sleep as Android: Sleep cycle tracker, smart alarm",LIFESTYLE,4.3,246201,Varies with device,"10,000,000+",Free,0,Everyone,Lifestyle,"July 23, 2018",Varies with device,Varies with device
Thomas & Friends: Delivery,FAMILY,4.2,28737,17M,"1,000,000+",Free,0,Everyone,Casual;Action & Adventure,"February 5, 2016",1.0,2.3 and up
Fix Error Google Playstore,BOOKS_AND_REFERENCE,4.3,18,5.7M,"1,000+",Free,0,Everyone,Books & Reference,"July 22, 2017",1.0,4.0 and up
Text SMS,COMMUNICATION,4.5,349384,8.2M,"10,000,000+",Free,0,Everyone,Communication,"July 24, 2018",3.47,4.0.3 and up
USA TODAY,NEWS_AND_MAGAZINES,4.1,49259,Varies with device,"5,000,000+",Free,0,Everyone 10+,News & Magazines,"August 2, 2018",Varies with device,Varies with device
Device Info Ex Live Wallpaper,PERSONALIZATION,4.1,2645,1.1M,"50,000+",Paid,$0.99,Everyone,Personalization,"December 20, 2015",11.0.0,2.1 and up
I LOVE PASTA,FAMILY,4.0,83875,43M,"1,000,000+",Free,0,Everyone,Simulation,"September 8, 2017",1.6.1,2.3.3 and up
Faster for Facebook Lite,SOCIAL,4.3,24456,4.6M,"1,000,000+",Free,0,Teen,Social,"May 29, 2018",4.7,4.1 and up
My Claro Peru,PRODUCTIVITY,3.2,11200,11M,"5,000,000+",Free,0,Everyone,Productivity,"July 23, 2018",3.1.1,4.4 and up
Le Fe de Jesus,BOOKS_AND_REFERENCE,,3,4.1M,500+,Free,0,Everyone,Books & Reference,"December 17, 2015",1.0,2.3.3 and up
"High-Speed Camera (GIF,Burst)",PHOTOGRAPHY,4.1,78140,10M,"5,000,000+",Free,0,Everyone,Photography,"February 11, 2018",5.5.2,4.0.3 and up
"REG - Check the regnumber, find information about Swedish vehicles",AUTO_AND_VEHICLES,3.9,3971,3.6M,"100,000+",Free,0,Everyone,Auto & Vehicles,"July 30, 2018",2.493,4.4 and up
Chess of Blades (Demo),FAMILY,4.2,45,23M,"1,000+",Free,0,Teen,Casual,"January 25, 2018",1.5,2.3.3 and up
"Dating App, Flirt & Chat : W-Match",SOCIAL,4.3,175523,Varies with device,"10,000,000+",Free,0,Mature 17+,Social,"July 23, 2018",Varies with device,Varies with device
Dance School Stories - Dance Dreams Come True,FAMILY,4.4,91171,36M,"1,000,000+",Free,0,Everyone,Role Playing,"August 3, 2018",1.0.8,4.1 and up
Android P Rotation,TOOLS,4.5,502,2.0M,"10,000+",Free,0,Everyone,Tools,"July 15, 2018",1.5,5.0 and up
Relax Meditation: Sleep with Sleep Sounds,HEALTH_AND_FITNESS,4.4,26540,43M,"1,000,000+",Free,0,Everyone,Health & Fitness,"February 9, 2017",2.5.1,4.0.3 and up
Pic Stitch - #1 Collage Maker,PHOTOGRAPHY,4.2,15426,50M,"1,000,000+",Free,0,Everyone,Photography,"July 24, 2018",3.8.3,5.1 and up
Photo Editor Selfie Camera Filter & Mirror Image,PHOTOGRAPHY,4.3,527247,Varies with device,"50,000,000+",Free,0,Everyone,Photography,"February 1, 2018",1.6.1,Varies with device
Arrayanes EC,LIFESTYLE,,2,7.9M,100+,Free,0,Everyone,Lifestyle,"June 27, 2018",3.5,4.4 and up
CO CASE Events,FAMILY,,0,54M,100+,Free,0,Everyone,Education,"January 30, 2018",1.3,4.1 and up
Blackpink as if it's your last,LIBRARIES_AND_DEMO,4.7,831,24M,"100,000+",Free,0,Everyone,Libraries & Demo,"February 20, 2018",8.0,2.3 and up
Fever,EVENTS,4.0,20611,12M,"1,000,000+",Free,0,Teen,Events,"July 18, 2018",4.3.6,4.1 and up
Google+,SOCIAL,4.2,4831125,Varies with device,"1,000,000,000+",Free,0,Teen,Social,"July 26, 2018",Varies with device,Varies with device
Big Days - Events Countdown,LIFESTYLE,4.6,39724,Varies with device,"1,000,000+",Free,0,Everyone,Lifestyle,"June 29, 2018",Varies with device,Varies with device
News: DW Español,NEWS_AND_MAGAZINES,4.3,25,6.3M,"1,000+",Free,0,Everyone,News & Magazines,"April 26, 2018",1.0,4.1 and up
Familial Hypercholesterolaemia,MEDICAL,,0,34M,10+,Free,0,Everyone,Medical,"July 5, 2018",2.0.1,4.1 and up
BW Switch,GAME,,1,13M,10+,Free,0,Everyone,Arcade,"April 16, 2018",1.25,4.1 and up
Iraq love chat,DATING,,14,5.0M,50+,Free,0,Teen,Dating,"August 3, 2018",8.2,4.0.3 and up
Talking Ginger 2,ENTERTAINMENT,4.2,702975,49M,"50,000,000+",Free,0,Everyone,Entertainment,"July 5, 2018",2.6.6.11,4.1 and up
Trine 2: Complete Story,GAME,3.8,252,11M,"10,000+",Paid,$16.99,Teen,Action,"February 27, 2015",2.22,5.0 and up
GoodRx Drug Prices and Coupons,MEDICAL,4.8,59158,11M,"1,000,000+",Free,0,Everyone,Medical,"July 26, 2018",5.4.8,4.1 and up
Fertilizer Removal By Crop,BOOKS_AND_REFERENCE,4.1,295,6.9M,"50,000+",Free,0,Everyone,Books & Reference,"June 20, 2017",2.0.3,4.0.3 and up
Chictopia,LIFESTYLE,4.1,360,4.6M,"10,000+",Free,0,Everyone,Lifestyle,"April 30, 2014",1.6.2,2.2 and up
Clover Dating App,DATING,4.1,11633,23M,"500,000+",Free,0,Mature 17+,Dating,"July 24, 2018",2.5.1,4.1 and up
Mapy.cz - Cycling & Hiking offline maps,MAPS_AND_NAVIGATION,4.5,56409,43M,"1,000,000+",Free,0,Everyone,Maps & Navigation,"June 26, 2018",6.2.0,4.1 and up
EF English Live Business Tablet,FAMILY,3.3,279,14M,"10,000+",Free,0,Everyone,Education,"December 25, 2017",1.6.6,4.4 and up
Goibibo - Flight Hotel Bus Car IRCTC Booking App,TRAVEL_AND_LOCAL,4.3,459851,Varies with device,"10,000,000+",Free,0,Everyone,Travel & Local,"August 1, 2018",3.9.7,4.3 and up
Ivanti AE Agent,BUSINESS,,1,2.9M,"1,000+",Free,0,Everyone,Business,"May 10, 2018",11.0.0,4.0.3 and up
SEEK Job Search,BUSINESS,4.3,14955,Varies with device,"1,000,000+",Free,0,Everyone,Business,"July 30, 2018",Varies with device,Varies with device
Best Wallpapers QHD,PERSONALIZATION,4.4,294701,5.1M,"10,000,000+",Free,0,Teen,Personalization,"March 17, 2018",2.85,4.0.3 and up
Equestria Girl Snapchat Addict,FAMILY,,20,31M,"1,000+",Free,0,Everyone,Educational,"April 19, 2018",1.0.0,4.0 and up
Dairy Queen,FOOD_AND_DRINK,3.6,742,43M,"100,000+",Free,0,Everyone,Food & Drink,"July 25, 2018",2.1.0,4.1 and up
V-CUBE Seminar Mobile,BUSINESS,4.3,542,30M,"100,000+",Free,0,Everyone,Business,"April 17, 2018",1.23.0,4.0 and up
ABC News - US & World News,NEWS_AND_MAGAZINES,4.0,18976,35M,"1,000,000+",Free,0,Everyone 10+,News & Magazines,"June 6, 2018",3.19.11,5.0 and up
"Calm - Meditate, Sleep, Relax",HEALTH_AND_FITNESS,4.6,111455,Varies with device,"5,000,000+",Free,0,Everyone,Health & Fitness,"August 5, 2018",Varies with device,Varies with device
AAFP,MEDICAL,3.8,63,24M,"10,000+",Free,0,Everyone,Medical,"June 22, 2018",2.3.1,5.0 and up
BR Classified,BUSINESS,,0,28M,50+,Free,0,Everyone,Business,"August 30, 2017",1.0,4.2 and up
Ay Peruk,BUSINESS,,0,3.4M,1+,Free,0,Everyone,Business,"October 31, 2017",1.1.0,4.0 and up
Free Dating Hook Up Messenger,DATING,3.3,1157,21M,"100,000+",Free,0,Mature 17+,Dating,"January 27, 2017",5.0.1,4.2 and up
Comboios de Portugal,MAPS_AND_NAVIGATION,3.4,1147,19M,"100,000+",Free,0,Everyone,Maps & Navigation,"May 28, 2018",1.0.3.8,4.0.3 and up
Glanceable Ap Watch Face,PERSONALIZATION,,0,11M,5+,Paid,$0.99,Everyone,Personalization,"August 14, 2016",1.0.103,4.4 and up
iBP Blood Pressure,MEDICAL,4.4,578,704k,"10,000+",Paid,$0.99,Everyone,Medical,"November 30, 2014",7.0.1,2.2 and up
RT News (Russia Today),NEWS_AND_MAGAZINES,4.6,56524,14M,"1,000,000+",Free,0,Teen,News & Magazines,"August 6, 2018",3.5.13,4.0.3 and up
"JEFIT Workout Tracker, Weight Lifting, Gym Log App",HEALTH_AND_FITNESS,4.5,60096,27M,"5,000,000+",Free,0,Teen,Health & Fitness,"April 7, 2018",10.0,4.0.3 and up
Assemblr - Create 3D Models (Sandbox AR),FAMILY,3.8,1745,Varies with device,"1,000,000+",Free,0,Everyone,Simulation,"July 17, 2018",2.25,5.0 and up
Guns'n'Glory Premium,FAMILY,4.4,3570,21M,"100,000+",Paid,$2.99,Everyone 10+,Strategy,"September 22, 2017",1.8.1,2.3.3 and up
Zap-Map: EV charging points UK,MAPS_AND_NAVIGATION,3.8,181,9.8M,"10,000+",Free,0,Everyone,Maps & Navigation,"July 6, 2018",4.0.4,4.1 and up
Tattoo Name On My Photo Editor,ART_AND_DESIGN,4.2,44829,20M,"10,000,000+",Free,0,Teen,Art & Design,"April 2, 2018",3.8,4.1 and up
MinT BI,PRODUCTIVITY,,0,2.9M,10+,Free,0,Everyone,Productivity,"January 13, 2018",3.1,4.2 and up
Glitch Fixers: Powerpuff Girls,GAME,4.4,39698,51M,"5,000,000+",Free,0,Everyone,Arcade,"December 1, 2016",1.0.0,4.1 and up
Daily Yoga - Yoga Fitness Plans,HEALTH_AND_FITNESS,4.4,70769,35M,"5,000,000+",Free,0,Everyone,Health & Fitness,"July 24, 2018",6.2.73,4.0 and up
Masterchef Cooking Games: Fun Restaurant & Kitchen,FAMILY,3.9,1036,33M,"100,000+",Free,0,Everyone,Casual,"July 6, 2018",2.6,2.3 and up
K-9 Mail,COMMUNICATION,4.2,88427,5.1M,"5,000,000+",Free,0,Everyone,Communication,"January 6, 2018",5.403,4.0.3 and up
BSPlayer ARMv7 VFP CPU support,VIDEO_PLAYERS,4.3,9966,5.5M,"1,000,000+",Free,0,Everyone,Video Players & Editors,"March 31, 2017",1.23,2.1 and up
Draw A Stickman,GAME,3.4,29265,17M,"1,000,000+",Free,0,Everyone,Adventure,"May 19, 2017",1.1.0,4.0.3 and up
Anti Adware,TOOLS,3.9,18751,3.6M,"1,000,000+",Free,0,Everyone,Tools,"June 19, 2018",3.6,4.1 and up
Pet Beauty Salon,FAMILY,3.8,20292,47M,"1,000,000+",Free,0,Everyone,Educational;Creativity,"May 24, 2015",1.2,2.3 and up
"Chinese Chess 3D Online (Xiangqi, 象棋, co tuong)",GAME,3.5,23,37M,"1,000+",Paid,$0.99,Everyone,Board,"December 27, 2017",2.2.1,4.1 and up
Floor Plan Creator,ART_AND_DESIGN,4.1,36639,Varies with device,"5,000,000+",Free,0,Everyone,Art & Design,"July 14, 2018",Varies with device,2.3.3 and up
AMM Events & CPD,EVENTS,,5,6.1M,100+,Free,0,Everyone,Events,"August 4, 2018",1.0.5,4.3 and up
Al-Muhaffiz,BOOKS_AND_REFERENCE,4.7,2319,27M,"50,000+",Free,0,Everyone,Books & Reference,"April 22, 2018",10.10,4.1 and up
The CW,ENTERTAINMENT,4.4,288150,21M,"5,000,000+",Free,0,Teen,Entertainment,"July 23, 2018",2.17,4.4 and up
Visuelles Wörterbuch Audio-App,FAMILY,3.1,192,66M,"10,000+",Free,0,Everyone,Education,"July 7, 2017",1.1.6,4.1 and up
CZ-52 pistol explained,BOOKS_AND_REFERENCE,,0,9.3M,10+,Paid,$5.99,Everyone,Books & Reference,"September 3, 2015",Android 3.0 - 2015,1.6 and up
Deaf - Hearing chat device H,COMMUNICATION,4.4,9,51k,500+,Paid,$3.99,Everyone,Communication,"February 8, 2017",3.6,2.2 and up
"TryDate - Free Online Dating App, Chat Meet Adults",DATING,4.4,7888,15M,"500,000+",Free,0,Mature 17+,Dating,"April 29, 2018",2.4.0,4.1 and up
m-Faisaa,FINANCE,4.0,142,6.2M,"10,000+",Free,0,Everyone,Finance,"July 13, 2018",5.3,4.0.3 and up
Alerte au gogol,FAMILY,,14,2.0M,"1,000+",Free,0,Everyone,Entertainment,"February 9, 2018",1.0.0.0,4.0 and up
MealLogger-Photo Food Journal,HEALTH_AND_FITNESS,3.5,217,9.4M,"50,000+",Free,0,Teen,Health & Fitness,"August 23, 2017",4.6.2,4.0.3 and up
CPU-Z,TOOLS,4.5,295430,1.4M,"10,000,000+",Free,0,Everyone,Tools,"April 17, 2018",1.26,2.2 and up
AEE AP,PHOTOGRAPHY,,4,17M,"1,000+",Free,0,Everyone,Photography,"February 7, 2018",1.01,2.2 and up
Pocket Lab Values,MEDICAL,4.3,214,899k,"10,000+",Paid,$2.99,Everyone,Medical,"November 22, 2012",2.5,2.1 and up
RUN JUMP RUN-fun games for free,GAME,4.4,661,42M,"100,000+",Free,0,Everyone,Action,"April 20, 2018",1.5.2,3.0 and up
Remote EX for NISSAN,COMMUNICATION,2.3,223,1.0M,"5,000+",Paid,$1.49,Everyone,Communication,"July 26, 2014",1.3,3.0 and up
Lord Fairfax EMS Council,MEDICAL,,0,30M,50+,Free,0,Everyone,Medical,"July 17, 2018",1,4.0.3 and up
Dance On Mobile,FAMILY,4.1,23609,31M,"1,000,000+",Free,0,Teen,Casual,"April 13, 2018",1.26,4.0 and up
SavingStar - Grocery Coupons,SHOPPING,4.2,31519,21M,"1,000,000+",Free,0,Everyone,Shopping,"June 12, 2018",4.9.1,4.0 and up
C BOOK-C PROGRAMS,FAMILY,4.8,138,2.1M,"10,000+",Free,0,Everyone,Education,"September 22, 2017",1.0,3.0 and up
Robocar X Ray,GAME,4.5,3432,99M,"1,000,000+",Free,0,Mature 17+,Action,"January 23, 2017",1.0,2.3 and up
Pistachio Launcher for Android P 9.0,PERSONALIZATION,,0,2.3M,1+,Paid,$1.49,Everyone,Personalization,"July 11, 2018",1.0.2,4.1 and up
"Bleacher Report: sports news, scores, & highlights",SPORTS,4.4,122282,Varies with device,"5,000,000+",Free,0,Everyone 10+,Sports,"July 20, 2018",Varies with device,Varies with device
CARDIAC CT TECHNIQUE,MEDICAL,5.0,6,17M,"1,000+",Free,0,Everyone,Medical,"March 10, 2018",2.0,4.0.3 and up
Qapital - Save Small. Live Large,FINANCE,4.5,8662,38M,"100,000+",Free,0,Everyone,Finance,"July 20, 2018",2.5.7,4.4 and up
First Federal Bank of Florida,FINANCE,4.3,133,30M,"10,000+",Free,0,Everyone,Finance,"May 23, 2018",18.1.79,5.0 and up
School scientific calculator fx 500 es plus 500 ms,FAMILY,4.6,1553,9.2M,"100,000+",Free,0,Everyone,Education,"August 2, 2018",3.3.1-build-02-08-2018-19-release,4.0 and up
Adobe Acrobat Reader,PRODUCTIVITY,4.3,3014548,Varies with device,"100,000,000+",Free,0,Everyone,Productivity,"April 17, 2018",Varies with device,Varies with device
Hadith du jour,FAMILY,4.4,276,Varies with device,"50,000+",Free,0,Everyone,Education,"March 22, 2016",Varies with device,Varies with device
Learners Test Free: AU Driver Knowledge Test (DKT),FAMILY,3.9,623,8.5M,"100,000+",Free,0,Everyone,Education,"March 26, 2018",3.5,4.1 and up
Dream League Soccer 2018,GAME,4.6,9882639,74M,"100,000,000+",Free,0,Everyone,Sports,"July 16, 2018",5.064,4.4 and up
"Women""s Health Tips(Breast,Face,Body,weight lose)",HEALTH_AND_FITNESS,4.2,2509,5.0M,"1,000,000+",Free,0,Mature 17+,Health & Fitness,"April 20, 2018",1.8,4.1 and up
Magical Insta DP,PHOTOGRAPHY,,2,5.2M,"1,000+",Free,0,Everyone,Photography,"June 28, 2018",1.1,4.0 and up
"Movies by Flixster, with Rotten Tomatoes",ENTERTAINMENT,4.5,653008,16M,"10,000,000+",Free,0,Everyone,Entertainment,"June 20, 2018",9.1.4,4.4 and up
"Hole19: Golf GPS App, Rangefinder & Scorecard",SPORTS,4.4,6106,Varies with device,"100,000+",Free,0,Everyone,Sports,"August 1, 2018",Varies with device,Varies with device
Hotels.com: Book Hotel Rooms & Find Vacation Deals,TRAVEL_AND_LOCAL,4.5,260133,Varies with device,"10,000,000+",Free,0,Everyone,Travel & Local,"July 4, 2018",Varies with device,Varies with device
Pick-a-Paint,LIFESTYLE,1.6,242,36M,"50,000+",Free,0,Everyone,Lifestyle,"May 14, 2018",1.2.1,3.0 and up
Extreme Coupon Finder,SHOPPING,4.1,11798,Varies with device,"1,000,000+",Free,0,Everyone,Shopping,"May 10, 2018",Varies with device,Varies with device
Meu Cartão BV,FINANCE,4.1,15057,5.7M,"500,000+",Free,0,Everyone,Finance,"August 3, 2018",2.4.0,5.0 and up
OnePlus Gallery,VIDEO_PLAYERS,3.8,5555,64M,"1,000,000+",Free,0,Everyone,Video Players & Editors,"July 12, 2018",2.6.71,7.1 and up
metroZONE,LIFESTYLE,4.1,47497,34M,"10,000,000+",Free,0,Everyone,Lifestyle,"June 8, 2018",5.3.0.54.7,5.0 and up
Field Goal Tournament,SPORTS,3.7,2980,21M,"100,000+",Free,0,Everyone,Sports,"September 1, 2015",1.2.8,2.3 and up
CB Trader,FINANCE,4.7,11,2.2M,"1,000+",Free,0,Everyone,Finance,"April 11, 2018",1.6.1,4.0 and up
MagiMobile – Mighty Magiswords,FAMILY,4.2,120035,45M,"5,000,000+",Free,0,Everyone,Entertainment;Action & Adventure,"January 4, 2018",1.0.11,4.1 and up
I Can't Wake Up!,TOOLS,4.7,963,3.7M,"10,000+",Paid,$2.99,Everyone,Tools,"May 25, 2018",3.4.0,4.0 and up
Flights,TRAVEL_AND_LOCAL,4.4,18039,3.1M,"1,000,000+",Free,0,Everyone,Travel & Local,"July 26, 2018",3.6.6,4.1 and up
Guardian Hunter: SuperBrawlRPG,FAMILY,4.5,364013,27M,"1,000,000+",Free,0,Everyone 10+,Role Playing,"August 6, 2018",14.4.4.00,4.1 and up
Superbrothers Sword & Sworcery,GAME,4.4,11023,16M,"100,000+",Paid,$3.99,Teen,Adventure,"January 26, 2018",1.0.20,2.3 and up
An Elite Warrior Ex,GAME,4.7,15,93M,100+,Paid,$0.99,Everyone,Adventure,"November 21, 2016",1.59,4.0.3 and up
RoboPad,FAMILY,4.6,41,9.2M,"1,000+",Free,0,Everyone,Education,"July 7, 2017",5.1,2.3 and up
Kinot & Eichah for Tisha B'Av,BOOKS_AND_REFERENCE,4.4,98,6.3M,"10,000+",Free,0,Everyone,Books & Reference,"August 4, 2014",1.5,2.2 and up
Painting Lulu DC Super Friends,BOOKS_AND_REFERENCE,,7,17M,"1,000+",Free,0,Everyone,Books & Reference,"February 9, 2017",1.2,4.0.3 and up
MYCU TX Mobile Banking,FINANCE,3.0,4,Varies with device,100+,Free,0,Everyone,Finance,"August 1, 2018",1.0.2,Varies with device
WatchESPN,SPORTS,4.1,288809,6.6M,"10,000,000+",Free,0,Everyone,Sports,"September 27, 2017",2.5.1,4.4 and up
EI Calculator,TOOLS,4.0,8,1.5M,100+,Free,0,Everyone,Tools,"May 23, 2016",1.3,1.6 and up
AO-EVENT,BUSINESS,,0,42M,100+,Free,0,Everyone,Business,"May 28, 2018",6.2.6,4.1 and up
FR Plus 1.6,AUTO_AND_VEHICLES,,4,3.9M,100+,Free,0,Everyone,Auto & Vehicles,"July 24, 2018",1.3.6,4.4W and up
Sweet Baby Girl - Dream House and Play Time,FAMILY,3.9,95537,58M,"10,000,000+",Free,0,Everyone,Educational;Education,"July 13, 2018",2.2.54,4.4 and up
Babbel – Learn Languages,EDUCATION,4.3,266948,21M,"10,000,000+",Free,0,Everyone,Education,"July 30, 2018",20.7.2,4.4 and up
Evolve CP Calc. for PokemonGo,TOOLS,3.9,116,3.3M,"10,000+",Free,0,Everyone,Tools,"December 18, 2016",2.6,4.4 and up
Dude Perfect,SPORTS,4.5,97,1.9M,"10,000+",Free,0,Everyone,Sports,"June 28, 2017",1.0,4.1 and up
SwingAid - Level up Golf,SPORTS,4.3,752,33M,"100,000+",Free,0,Everyone,Sports,"July 10, 2018",2.6.3,4.1 and up
Freedom Christian BF,LIFESTYLE,,0,12M,10+,Free,0,Everyone,Lifestyle,"February 22, 2016",1.0,4.0.3 and up
Next Launcher 3D Bold-CF Theme,PERSONALIZATION,4.4,175,5.5M,"1,000+",Paid,$0.99,Everyone,Personalization,"January 11, 2014",1.042,2.2 and up
She Will Be Loved Lyrics,FAMILY,,2,705k,100+,Free,0,Everyone,Entertainment,"March 1, 2016",1.0,2.1 and up
Google Arts & Culture,FAMILY,3.7,24137,Varies with device,"5,000,000+",Free,0,Everyone,Education,"June 25, 2018",Varies with device,Varies with device
Hill Climb Racing 2,GAME,4.6,2750410,Varies with device,"100,000,000+",Free,0,Everyone,Racing,"August 2, 2018",1.17.2,4.2 and up
Ah! Monster,FAMILY,4.1,1998,9.8M,"100,000+",Free,0,Everyone,Casual,"June 21, 2017",4.0.0,4.0 and up
Google Keep,PRODUCTIVITY,4.4,691474,Varies with device,"100,000,000+",Free,0,Everyone,Productivity,"August 6, 2018",Varies with device,Varies with device
Cheating Tom 3 - Genius School,GAME,4.3,90415,84M,"10,000,000+",Free,0,Everyone,Arcade,"July 24, 2018",1.0.20,4.1 and up
AB Mobile App,HEALTH_AND_FITNESS,3.4,2105,8.2M,"100,000+",Free,0,Everyone,Health & Fitness,"August 21, 2017",2.1.0,4.0.3 and up
YEBIS OpenGL ES 3.0 Tech Demo,FAMILY,4.6,380,6.7M,"10,000+",Free,0,Everyone,Entertainment,"March 11, 2014",1.0,4.3 and up
Hangouts Dialer - Call Phones,COMMUNICATION,4.0,122512,79k,"10,000,000+",Free,0,Everyone,Communication,"September 2, 2015",0.1.100944346,4.0.3 and up
Moto File Manager,TOOLS,4.1,38655,5.9M,"10,000,000+",Free,0,Everyone,Tools,"February 1, 2018",v3.7.93,5.0 and up
Dubsmash,VIDEO_PLAYERS,4.2,1971777,29M,"100,000,000+",Free,0,Teen,Video Players & Editors,"May 11, 2018",2.35.8,4.1 and up
IMDb Movies & TV,ENTERTAINMENT,4.2,501498,12M,"100,000,000+",Free,0,Teen,Entertainment,"July 26, 2018",Varies with device,Varies with device
Like A Boss,FAMILY,4.4,17069,94M,"500,000+",Free,0,Everyone 10+,Role Playing,"August 1, 2018",1.0.17.2,5.0 and up
Starbucks,FOOD_AND_DRINK,4.5,455377,35M,"10,000,000+",Free,0,Everyone,Food & Drink,"August 1, 2018",4.11.1,4.4 and up
BD Earn Pro,FAMILY,4.2,540,3.2M,"10,000+",Free,0,Everyone,Entertainment,"August 1, 2018",2.4,4.1 and up
Cartoon Network App,FAMILY,4.0,119173,Varies with device,"10,000,000+",Free,0,Everyone 10+,Video Players & Editors;Music & Video,"June 21, 2018",Varies with device,Varies with device
CL 2ne1 Wallpaper KPOP UHD Fans,PERSONALIZATION,,1,3.4M,10+,Free,0,Everyone,Personalization,"July 15, 2018",1.1.1,4.0 and up
White Sound Pro,HEALTH_AND_FITNESS,4.7,16570,73M,"500,000+",Free,0,Everyone,Health & Fitness,"July 29, 2018",4.8.0,4.4 and up
Merck CE,BUSINESS,4.5,2,25M,100+,Free,0,Everyone,Business,"February 13, 2017",1.0,4.1 and up
"m, cm, mm to yard, feet, inch converter tool",TOOLS,4.3,246,2.8M,"100,000+",Free,0,Everyone,Tools,"February 6, 2018",1.1,4.0 and up
NetSpend Prepaid,FINANCE,4.2,15993,45M,"1,000,000+",Free,0,Everyone,Finance,"May 9, 2018",4.10.0,4.4 and up
CA UIM Mobile,BUSINESS,3.2,54,7.7M,"1,000+",Free,0,Everyone,Business,"February 29, 2016",8.4.1,4.0 and up
AE Roundy POP,FAMILY,4.4,5262,26M,"100,000+",Free,0,Everyone,Casual,"March 23, 2016",1.1.2,2.3 and up
Cathy AH,TOOLS,,0,20M,1+,Free,0,Everyone,Tools,"July 16, 2018",1.0.4,4.1 and up
NYTimes - Latest News,NEWS_AND_MAGAZINES,3.9,63647,23M,"10,000,000+",Free,0,Everyone 10+,News & Magazines,"August 1, 2018",6.19.5,4.4 and up
Fantastic Chefs: Match 'n Cook,FAMILY,4.7,8600,91M,"500,000+",Free,0,Everyone,Puzzle,"July 27, 2018",1.0.7,4.0.3 and up
STARZ,ENTERTAINMENT,4.3,88185,Varies with device,"10,000,000+",Free,0,Mature 17+,Entertainment,"June 20, 2018",Varies with device,Varies with device
All Types DP & Status Maker,PHOTOGRAPHY,4.5,16,14M,"1,000+",Free,0,Teen,Photography,"July 12, 2018",2.1.5,4.0.3 and up
"Red Bull TV: Live Sports, Music & Entertainment",FAMILY,4.4,42069,Varies with device,"1,000,000+",Free,0,Teen,Entertainment,"August 3, 2018",Varies with device,Varies with device
Wherever BQ,TRAVEL_AND_LOCAL,,7,18M,50+,Free,0,Teen,Travel & Local,"September 5, 2017",5.63.0,4.0.3 and up
Flipkart Online Shopping App,SHOPPING,4.4,6012719,Varies with device,"100,000,000+",Free,0,Teen,Shopping,"August 6, 2018",Varies with device,Varies with device
QR Scanner & Barcode Scanner 2018,PRODUCTIVITY,3.8,8226,4.1M,"10,000,000+",Free,0,Everyone,Productivity,"July 20, 2018",1.8.4,4.4 and up
"Candy selfie - photo editor, live filter camera",PHOTOGRAPHY,4.4,53421,26M,"10,000,000+",Free,0,Everyone,Photography,"August 6, 2018",2.74.685,4.0.3 and up
House app: beautiful everyday ~,HOUSE_AND_HOME,4.6,2669,10M,"500,000+",Free,0,Teen,House & Home,"August 3, 2018",2.0.6.9,4.1 and up
Yahoo Fantasy Sports - #1 Rated Fantasy App,SPORTS,4.2,277904,Varies with device,"5,000,000+",Free,0,Mature 17+,Sports,"August 2, 2018",Varies with device,Varies with device
Eventbrite - Discover popular events & nearby fun,FAMILY,4.4,63773,8.8M,"5,000,000+",Free,0,Everyone,Entertainment,"July 30, 2018",5.7.2,5.0 and up
Education First FCU Mobile,FINANCE,2.9,204,29M,"10,000+",Free,0,Everyone,Finance,"May 9, 2018",18.1.79,5.0 and up
Fan App for Reading FC,SPORTS,3.6,9,13M,500+,Free,0,Teen,Sports,"August 6, 2016",060816,4.2 and up
Binaural Beats Therapy,HEALTH_AND_FITNESS,4.3,13724,Varies with device,"1,000,000+",Free,0,Everyone,Health & Fitness,"August 17, 2017",Varies with device,Varies with device
Facebook,SOCIAL,4.1,78158306,Varies with device,"1,000,000,000+",Free,0,Teen,Social,"August 3, 2018",Varies with device,Varies with device
Deck Shop for Clash Royale,FAMILY,4.6,2167,13M,"100,000+",Free,0,Everyone,Entertainment,"August 6, 2018",1.1.5,4.4 and up
"Breaking News, Local news, Attacks and Alerts Free",NEWS_AND_MAGAZINES,4.7,2543,6.3M,"500,000+",Free,0,Everyone,News & Magazines,"July 19, 2018",8.0.6,4.1 and up
THE aMAZEing Labyrinth,FAMILY,3.9,1615,1.2M,"10,000+",Paid,$4.99,Everyone,Board;Brain Games,"February 9, 2016",1.0.3,4.0 and up
Ambulance Simulator 3D,FAMILY,3.9,29415,66M,"1,000,000+",Free,0,Mature 17+,Simulation,"December 11, 2016",2.0.1,2.3 and up
Blood pressure,HEALTH_AND_FITNESS,3.4,2256,1.6M,"500,000+",Free,0,Everyone,Health & Fitness,"July 31, 2014",1.1.0,4.0 and up
Rabo Banking,FINANCE,3.4,31906,Varies with device,"1,000,000+",Free,0,Everyone,Finance,"July 19, 2018",5.16.0,4.0 and up
Aw Restaurant,FAMILY,4.8,4,43M,100+,Free,0,Everyone,Casual,"February 6, 2018",1.0,4.0 and up
detikcom - Latest & Most Complete News,NEWS_AND_MAGAZINES,4.1,190888,11M,"10,000,000+",Free,0,Teen,News & Magazines,"July 13, 2018",5.2.5,4.1 and up
Fortune City - A Finance App,FINANCE,4.6,49275,91M,"500,000+",Free,0,Everyone,Finance,"July 17, 2018",2.0.3.1,4.4 and up
Endless Ducker,GAME,4.5,8193,41M,"500,000+",Free,0,Everyone,Arcade,"September 16, 2016",1.0.7,4.0.3 and up
Bubble Shooter,GAME,4.5,43576,50M,"5,000,000+",Free,0,Everyone,Arcade,"September 13, 2017",4.4,2.3 and up
Lite Messenger for Facebook Lite,SOCIAL,3.8,108,2.8M,"10,000+",Free,0,Teen,Social,"May 28, 2018",3.1,4.2 and up
Apk Installer,LIBRARIES_AND_DEMO,3.8,7750,292k,"1,000,000+",Free,0,Everyone,Libraries & Demo,"June 29, 2011",1.0,1.6 and up
Ríos de Fe,LIFESTYLE,5.0,141,15M,"1,000+",Free,0,Everyone,Lifestyle,"March 24, 2018",1.8,4.1 and up
Grand Gangsters 3D,GAME,4.2,401643,Varies with device,"10,000,000+",Free,0,Teen,Action,"July 18, 2018",Varies with device,Varies with device
Woodman Deluxe,GAME,4.0,82,4.4M,"5,000+",Free,0,Everyone,Action,"July 6, 2015",1.0.2,2.3 and up
ZArchiver Donate,TOOLS,4.8,1721,Varies with device,"10,000+",Paid,$2.50,Everyone,Tools,"February 16, 2018",Varies with device,Varies with device
THAI DICT 2018,EDUCATION,4.4,29855,Varies with device,"1,000,000+",Free,0,Mature 17+,Education,"July 29, 2018",Varies with device,Varies with device
Habbo - Virtual World,FAMILY,3.8,159398,28M,"5,000,000+",Free,0,Teen,Role Playing,"May 30, 2018",2.22.0,4.2 and up
D.L. Evans Bank Mobile Banking,FINANCE,4.3,85,30M,"10,000+",Free,0,Everyone,Finance,"May 2, 2018",18.1.79,5.0 and up
BN Pro ArialXL-b HD Text,LIBRARIES_AND_DEMO,4.0,24,478k,"1,000+",Free,0,Everyone,Libraries & Demo,"February 5, 2017",2.3.2,1.6 and up
Stock Quote,FINANCE,4.1,4344,4.5M,"500,000+",Free,0,Everyone,Finance,"July 30, 2018",3.6.2,4.0 and up
CM FILE MANAGER HD,PRODUCTIVITY,4.3,144873,Varies with device,"10,000,000+",Free,0,Everyone,Productivity,"January 24, 2016",3.5.0,Varies with device
DG TV,NEWS_AND_MAGAZINES,5.0,3,5.7M,100+,Free,0,Everyone,News & Magazines,"May 26, 2018",1.2,4.1 and up
LG AV REMOTE,TOOLS,3.4,2420,1.8M,"1,000,000+",Free,0,Everyone,Tools,"June 3, 2016",1.1.8,2.3.3 and up
Beautiful Design Birthday Cake,LIFESTYLE,4.3,665,3.0M,"500,000+",Free,0,Everyone,Lifestyle,"August 4, 2018",2.0,2.3 and up
Verdad o Reto,SOCIAL,3.8,826,5.1M,"500,000+",Free,0,Teen,Social,"May 10, 2018",2.0,4.1 and up
Fitness Dance for Zum.ba Workout Exercise,HEALTH_AND_FITNESS,4.2,287,12M,"50,000+",Free,0,Everyone,Health & Fitness,"July 30, 2018",1.8,4.2 and up
Soccer 2018,SPORTS,3.5,172373,47M,"10,000,000+",Free,0,Everyone,Sports,"July 12, 2018",1.3,4.3 and up
EyeCloud,LIBRARIES_AND_DEMO,3.1,1267,55M,"100,000+",Free,0,Everyone,Libraries & Demo,"August 2, 2018",5.1.2,4.4 and up
G-NetWiFi Pro,TOOLS,3.3,6,1.5M,100+,Paid,$5.99,Everyone,Tools,"June 18, 2018",3.2,4.0 and up
AQ Math Facts,FAMILY,,1,16M,1+,Paid,$2.99,Everyone,Educational,"May 17, 2017",1.0.3,4.0 and up
TN Patta Citta & EC,BOOKS_AND_REFERENCE,3.8,48,1.5M,"10,000+",Free,0,Everyone,Books & Reference,"March 27, 2018",1.0,3.0 and up
Terminal Emulator for Android,TOOLS,4.4,113951,551k,"10,000,000+",Free,0,Everyone,Tools,"April 15, 2015",1.0.70,1.6 and up
2017 BN SM Sales Conference,BUSINESS,,2,10M,100+,Free,0,Teen,Business,"September 28, 2017",v2.7.11.6,4.1 and up
Volume Slider Like Android P Volume Control,TOOLS,4.1,1129,1.7M,"10,000+",Paid,$0.99,Everyone,Tools,"June 30, 2018",1.28,4.1 and up
ESS Mobile for AE,PRODUCTIVITY,1.9,63,1.8M,"5,000+",Free,0,Everyone,Productivity,"September 27, 2016",2.0.1027,3.0 and up
DB Welt - Die Zeitung der DB,NEWS_AND_MAGAZINES,,145,16M,"10,000+",Free,0,Everyone,News & Magazines,"February 26, 2016",3.1.3,4.0 and up
FINAL FANTASY DIMENSIONS,FAMILY,4.3,8450,1.1M,"100,000+",Paid,$13.99,Everyone,Role Playing,"March 15, 2017",1.1.3,2.3.3 and up
Bk Bee Sales Manager,BUSINESS,,0,2.1M,5+,Paid,$0.99,Everyone,Business,"December 16, 2017",1.0,4.1 and up
Permit Test Connecticut CT DMV,FAMILY,4.6,186,9.6M,"10,000+",Free,0,Everyone,Education,"October 12, 2017",2.9.0,4.1 and up
FAV KWGT,PERSONALIZATION,4.9,88,66M,"1,000+",Paid,$0.99,Everyone,Personalization,"July 26, 2018",8.0,5.0 and up
Cat Sim Online: Play with Cats,FAMILY,4.6,137198,81M,"5,000,000+",Free,0,Everyone 10+,Simulation,"April 22, 2018",3.7,4.0 and up
TAMAGO,FAMILY,3.0,42515,1.6M,"5,000,000+",Free,0,Everyone,Casual,"May 23, 2018",1.0.3,2.3.3 and up
BTS j-hope LINE Launcher theme,PERSONALIZATION,4.9,934,3.8M,"10,000+",Free,0,Everyone,Personalization,"October 17, 2014",4.1,4.0.3 and up
TorrDroid - Torrent Downloader,TOOLS,4.7,59632,10M,"1,000,000+",Free,0,Everyone,Tools,"April 3, 2018",1.5.2,4.1 and up
TwitCasting Live,SOCIAL,3.6,14835,Varies with device,"1,000,000+",Free,0,Teen,Social,"August 2, 2018",Varies with device,Varies with device
EZ-GUI Ground Station,TOOLS,4.7,3696,29M,"50,000+",Free,0,Everyone,Tools,"August 10, 2017",4.5,4.3 and up
Calorie Counter - MyNetDiary,HEALTH_AND_FITNESS,4.5,27439,19M,"1,000,000+",Free,0,Everyone,Health & Fitness,"July 16, 2018",6.5.1,5.0 and up
Flo's CH Boss Timer,FAMILY,3.5,163,3.4M,"1,000+",Free,0,Everyone,Role Playing,"March 27, 2017",1.2,4.0.3 and up
Quiz&Learn Python,EDUCATION,4.0,304,2.0M,"10,000+",Free,0,Everyone,Education,"July 4, 2016",1.3.0,4.0 and up
DEM DZ,HEALTH_AND_FITNESS,,2,957k,100+,Free,0,Teen,Health & Fitness,"November 13, 2017",1.0,2.3.3 and up
CP Ready,BUSINESS,4.5,56,Varies with device,"1,000+",Free,0,Everyone,Business,"March 5, 2018",6.4.16,4.0 and up
Q Actions - Digital Assistant,PRODUCTIVITY,,0,Varies with device,500+,Free,0,Everyone,Productivity,"July 20, 2018",Varies with device,Varies with device
My EF,FAMILY,3.3,4114,14M,"100,000+",Free,0,Everyone,Education,"July 10, 2018",3.29,4.2 and up
Draw In,GAME,4.2,46416,73M,"10,000,000+",Free,0,Everyone,Arcade,"July 23, 2018",1.0.8,4.1 and up
350 Diy Room Decor Ideas,ART_AND_DESIGN,4.5,27,17M,"10,000+",Free,0,Everyone,Art & Design,"November 7, 2017",1.0,2.3 and up
Stack Jump,GAME,4.3,118253,40M,"10,000,000+",Free,0,Teen,Arcade,"May 3, 2018",1.4.6,4.1 and up
Homescapes,GAME,4.6,3093932,Varies with device,"10,000,000+",Free,0,Everyone,Casual,"July 13, 2018",1.8.0.900,4.0.3 and up
F-1 watchface by Delta,PERSONALIZATION,,0,Varies with device,10+,Paid,$2.49,Everyone,Personalization,"August 23, 2017",Varies with device,Varies with device
Neighborhoods & Apartments,LIFESTYLE,3.9,2042,3.0M,"100,000+",Free,0,Everyone,Lifestyle,"August 28, 2015",3.1.6,4.0 and up
AP Stamps and Registration,BOOKS_AND_REFERENCE,3.4,82,2.7M,"10,000+",Free,0,Everyone,Books & Reference,"March 27, 2018",2.0,3.0 and up
Ovia Fertility Tracker & Ovulation Calculator,MEDICAL,4.8,53743,13M,"1,000,000+",Free,0,Everyone,Medical,"July 27, 2018",Varies with device,4.3 and up
ek tuhi,VIDEO_PLAYERS,4.7,316,2.8M,"10,000+",Free,0,Everyone,Video Players & Editors,"July 4, 2014",1.0,4.0 and up
Eyeliner step by step 2018,BEAUTY,4.3,18,3.2M,"5,000+",Free,0,Everyone,Beauty,"June 1, 2018",1.2.13,4.0.3 and up
Advanced Warfare Guns,FAMILY,2.9,2079,5.6M,"100,000+",Free,0,Everyone,Entertainment,"June 6, 2015",1.2.2,3.0 and up
DV 2019 - EDV Photo & Form,BOOKS_AND_REFERENCE,3.9,314,2.6M,"50,000+",Free,0,Everyone,Books & Reference,"October 24, 2016",6.0.0,4.0.3 and up
DW Event,EVENTS,4.3,9,39M,"1,000+",Free,0,Everyone,Events,"May 29, 2018",2.32.2,4.1 and up
BT Panorama,FINANCE,4.3,34,Varies with device,"5,000+",Free,0,Everyone,Finance,"June 14, 2017",Varies with device,Varies with device
Best DP and Status - All Type DP & Status,FAMILY,,1,5.7M,100+,Free,0,Everyone,Entertainment,"May 30, 2018",1.0,4.0.3 and up
Acorns - Invest Spare Change,FINANCE,4.3,45957,Varies with device,"1,000,000+",Free,0,Everyone,Finance,"July 31, 2018",Varies with device,Varies with device
How Do I Look,PHOTOGRAPHY,2.7,3032,2.8M,"500,000+",Free,0,Everyone,Photography,"December 8, 2017",1.3,3.0 and up
HD Video Downloader : 2018 Best video mate,VIDEO_PLAYERS,3.7,430643,4.9M,"50,000,000+",Free,0,Everyone,Video Players & Editors,"May 31, 2018",2.5.0,4.1 and up
Sugar Daddy Dating App,DATING,2.5,277,5.7M,"100,000+",Free,0,Mature 17+,Dating,"December 4, 2017",3.0.0,4.1 and up
6 Pack Promise - Ultimate Abs,HEALTH_AND_FITNESS,4.6,18921,Varies with device,"1,000,000+",Free,0,Everyone,Health & Fitness,"August 4, 2018",Varies with device,Varies with device
Marble Woka Woka 2018 - Bubble Shooter Match 3,GAME,4.6,155186,Varies with device,"10,000,000+",Free,0,Everyone,Puzzle,"August 3, 2018",1.3.35,4.1 and up
Ek Kauwa Pyasa Tha,FAMILY,4.1,35,3.1M,"50,000+",Free,0,Everyone,Entertainment,"June 25, 2017",1.3.6,4.0 and up
eBoox: book reader fb2 epub zip,BOOKS_AND_REFERENCE,4.7,21336,23M,"1,000,000+",Free,0,Everyone,Books & Reference,"June 20, 2018",1.28,3.0 and up
Glitter Color By Number - Glitter Number Coloring,FAMILY,3.5,1380,6.9M,"500,000+",Free,0,Everyone,Entertainment,"July 18, 2018",1.6,4.0 and up
Cops N Robbers - FPS Mini Game,GAME,4.2,156862,64M,"5,000,000+",Free,0,Everyone 10+,Action,"July 31, 2018",7.0.4,4.1 and up
DP Battle,FAMILY,4.5,132,2.5M,"5,000+",Free,0,Everyone,Entertainment,"March 26, 2017",2.0.5,4.0.3 and up
Crossy Road,GAME,4.5,4230886,60M,"100,000,000+",Free,0,Everyone,Action,"August 1, 2018",3.1.0,5.0 and up
English Communication - Learn English for Chinese (Learn English for Chinese),EDUCATION,4.7,2544,18M,"100,000+",Free,0,Everyone,Education,"December 29, 2017",3.1,4.0 and up
Scoompa Video - Slideshow Maker and Video Editor,PHOTOGRAPHY,4.5,559931,Varies with device,"10,000,000+",Free,0,Everyone,Photography,"May 10, 2018",Varies with device,Varies with device
Ladies' Ab Workout FREE,HEALTH_AND_FITNESS,4.0,12906,8.5M,"1,000,000+",Free,0,Everyone,Health & Fitness,"October 8, 2012",1.01,2.1 and up
Out of Bounds BH Demo,GAME,,3,14M,10+,Free,0,Everyone,Action,"November 19, 2015",1.0,2.3.3 and up
"XOS - Launcher,Theme,Wallpaper",PERSONALIZATION,4.6,49657,8.7M,"5,000,000+",Free,0,Everyone,Personalization,"August 6, 2018",3.6.21_pre,4.4 and up
bk Group Mobile,BUSINESS,,1,30M,50+,Free,0,Everyone,Business,"February 26, 2018",2.0,4.4W and up
Telemundo Deportes - Live,SPORTS,4.5,36255,25M,"1,000,000+",Free,0,Everyone,Sports,"August 1, 2018",5.10.5,4.1 and up
BA Pro Financial Calculator,FINANCE,2.4,36,9.4M,"1,000+",Paid,$1.99,Everyone,Finance,"November 16, 2015",1.3.3,2.3 and up
Wanelo Shopping,SHOPPING,4.6,94205,6.5M,"1,000,000+",Free,0,Everyone,Shopping,"June 13, 2018",5.6.8,4.4 and up
"play2prep: ACT, SAT prep",EDUCATION,4.2,3692,4.4M,"100,000+",Free,0,Everyone,Education,"July 23, 2015",4.1.3,2.3.3 and up
Run with Map My Run,HEALTH_AND_FITNESS,4.5,183662,57M,"5,000,000+",Free,0,Everyone,Health & Fitness,"July 27, 2018",18.7.1,5.0 and up
Sir C J New Primary School,FAMILY,5.0,3,9.2M,100+,Free,0,Everyone,Education,"July 25, 2018",1.0.10,4.0 and up
My Days - Ovulation Calendar & Period Tracker ™,HEALTH_AND_FITNESS,4.5,93691,Varies with device,"5,000,000+",Free,0,Everyone,Health & Fitness,"July 5, 2018",Varies with device,Varies with device
CA Clarity Mobile Time Manager,BUSINESS,3.1,104,5.3M,"10,000+",Free,0,Everyone,Business,"May 14, 2015",2.0,2.2 and up
Robbery Bob,GAME,4.5,617732,44M,"10,000,000+",Free,0,Everyone 10+,Action,"July 29, 2018",1.18.4,4.1 and up
Six Packs for Man–Body Building with No Equipment,HEALTH_AND_FITNESS,4.6,2880,7.1M,"100,000+",Free,0,Everyone,Health & Fitness,"July 24, 2018",1.0.8,4.1 and up
Eating Show - Food BJ,FAMILY,4.4,103,36M,"10,000+",Free,0,Everyone,Simulation,"October 30, 2017",1.29,4.1 and up
CM Apps,TOOLS,3.8,3341,1.9M,"100,000+",Free,0,Everyone,Tools,"April 17, 2016",4.5,4.2 and up
Learn to code with el Chavo,FAMILY,3.9,5933,60M,"1,000,000+",Free,0,Everyone,Educational,"March 27, 2018",2.6,4.1 and up
What Am I? - Brain Teasers,GAME,4.2,4537,15M,"100,000+",Free,0,Everyone,Trivia,"April 5, 2017",2.2,4.0.3 and up
Helper for CS:GO,TOOLS,4.4,208,6.0M,"10,000+",Free,0,Everyone,Tools,"June 16, 2016",1.2.1,4.1 and up
Dog Run - Pet Dog Simulator,GAME,4.7,48615,24M,"10,000,000+",Free,0,Everyone,Simulation;Action & Adventure,"May 22, 2018",1.4.12,4.1 and up
AH Alarm Panel,TOOLS,3.9,7,81k,100+,Paid,$4.99,Everyone,Tools,"May 12, 2011",1.2.0,1.5 and up
CQ,NEWS_AND_MAGAZINES,3.7,7,3.4M,"1,000+",Free,0,Everyone 10+,News & Magazines,"May 18, 2018",1.0.11,4.0.3 and up
The Artificial Intelligence Project (A.I. Chat),FAMILY,3.0,76,39M,"5,000+",Paid,$1.99,Everyone,Simulation,"March 29, 2018",1.2,2.3 and up
Paint By Number,FAMILY,3.5,807,4.6M,"500,000+",Free,0,Everyone,Casual,"May 1, 2018",1.4.0,3.0 and up
BS Play,FAMILY,3.7,56,1.5M,"5,000+",Free,0,Everyone,Education,"March 4, 2015",1.1.2,4.0 and up
Nancy Drew Codes and Clues,FAMILY,4.1,154,16M,"10,000+",Free,0,Everyone,Educational;Education,"January 13, 2017",2.0.0,4.1 and up
Learn R Programming Full,BOOKS_AND_REFERENCE,,11,9.2M,"5,000+",Free,0,Everyone,Books & Reference,"January 30, 2018",1.5,5.0 and up
"Fiesta by Tango - Find, Meet and Make New Friends",SOCIAL,4.3,112223,34M,"1,000,000+",Free,0,Mature 17+,Social,"July 5, 2018",5.68.1,5.0 and up
HTC Transfer Tool,TOOLS,4.3,40907,2.6M,"5,000,000+",Free,0,Everyone,Tools,"July 27, 2017",6.0.932740,2.2 and up
Mike V: Skateboard Party PRO,SPORTS,4.2,2506,Varies with device,"50,000+",Paid,$3.99,Everyone,Sports,"January 23, 2017",Varies with device,Varies with device
BN Pro Percent White HD Text,LIBRARIES_AND_DEMO,4.0,45,335k,"5,000+",Free,0,Everyone,Libraries & Demo,"February 5, 2017",2.3.2,1.6 and up
"Truecaller: Caller ID, SMS spam blocking & Dialer",COMMUNICATION,4.5,7820209,Varies with device,"100,000,000+",Free,0,Everyone,Communication,"August 1, 2018",Varies with device,Varies with device
Allegiant,TRAVEL_AND_LOCAL,3.1,5572,21M,"1,000,000+",Free,0,Everyone,Travel & Local,"July 12, 2018",5.16.1,4.4 and up
Outdoor Movies BC,EVENTS,2.9,7,Varies with device,500+,Free,0,Everyone,Events,"June 22, 2018",Varies with device,4.4 and up
MEGA MAN MOBILE,GAME,4.0,267,40M,"10,000+",Paid,$1.99,Everyone,Action,"February 17, 2017",1.02.01,4.0 and up
R-TYPE,GAME,4.5,7687,23M,"100,000+",Paid,$1.99,Everyone,Arcade,"February 27, 2017",2.3.1,2.3.3 and up
ES Task Manager (Task Killer ),BUSINESS,4.3,171771,3.2M,"10,000,000+",Free,0,Everyone,Business,"January 15, 2018",2.0.6.4,2.1 and up
Next Island: Dino Village,FAMILY,3.9,29,37M,"1,000+",Free,0,Everyone 10+,Casual,"May 4, 2018",1.0,5.0 and up
Study Checker,EDUCATION,4.2,3816,2.6M,"500,000+",Free,0,Everyone,Education,"May 4, 2016",3.6.0.115_FN,2.3 and up
PORTABLE SOCCER DX Lite,SPORTS,4.2,15068,2.5M,"1,000,000+",Free,0,Everyone,Sports,"June 19, 2018",3.4,2.3 and up
Evolution CP,FAMILY,3.6,13,4.7M,500+,Free,0,Everyone,Entertainment,"September 4, 2016",1.0.2,4.0.3 and up
Bacterial Vaginosis Symptoms,MEDICAL,4.1,698,2.4M,"100,000+",Free,0,Everyone 10+,Medical,"February 3, 2015",1.1,3.0 and up
Cyprus CU Mobile Banking,FINANCE,3.4,295,Varies with device,"10,000+",Free,0,Everyone,Finance,"February 13, 2018",5.3.4,4.4 and up
Super School: Educational Kids Games & Rhymes,FAMILY,4.5,1791,56M,"500,000+",Free,0,Everyone,Education;Education,"June 2, 2018",5.3.11,5.0 and up
CF PD,FINANCE,,4,2.7M,100+,Free,0,Everyone,Finance,"March 28, 2018",1.10,4.1 and up
CM Locker - Security Lockscreen,TOOLS,4.6,3090680,Varies with device,"100,000,000+",Free,0,Everyone,Tools,"July 31, 2018",Varies with device,Varies with device
CF Riga,HEALTH_AND_FITNESS,,12,11M,100+,Free,0,Everyone,Health & Fitness,"July 9, 2018",4.2.2,4.1 and up
Good house to buy a house,HOUSE_AND_HOME,3.8,491,15M,"100,000+",Free,0,Everyone,House & Home,"July 25, 2018",2.6.0,4.0.3 and up
Castle Clash: Heroes of the Empire US,GAME,4.6,4578476,24M,"50,000,000+",Free,0,Everyone 10+,Strategy,"July 17, 2018",1.4.51,4.1 and up
Pregnancy Calculator and Tracker app,MEDICAL,4.8,69126,61M,"1,000,000+",Free,0,Everyone,Medical,"June 1, 2018",2.6.1,4.1 and up
Zombie Tsunami,GAME,4.4,4921409,Varies with device,"100,000,000+",Free,0,Everyone 10+,Arcade,"June 15, 2018",Varies with device,Varies with device
Free Cam Girls - Live Webcam,DATING,3.5,35,16M,"1,000+",Free,0,Mature 17+,Dating,"July 16, 2018",2.4,4.0.3 and up
NEMA ei,BUSINESS,5.0,4,12M,100+,Free,0,Everyone,Business,"November 6, 2017",1.0.4,4.4 and up
"CM Browser - Ad Blocker , Fast Download , Privacy",COMMUNICATION,4.6,2265084,6.1M,"50,000,000+",Free,0,Everyone,Communication,"July 31, 2018",5.22.18.0006,4.0 and up
B612 - Beauty & Filter Camera,PHOTOGRAPHY,4.4,5282558,Varies with device,"100,000,000+",Free,0,Everyone,Photography,"July 30, 2018",7.6.5,4.3 and up
"CBS Sports App - Scores, News, Stats & Watch Live",SPORTS,4.3,91031,Varies with device,"5,000,000+",Free,0,Everyone,Sports,"August 4, 2018",Varies with device,5.0 and up
Extreme Rally Championship,AUTO_AND_VEHICLES,4.2,129,54M,"100,000+",Free,0,Everyone,Auto & Vehicles,"July 26, 2018",3.0,4.1 and up
Bubble Witch 2 Saga,FAMILY,4.3,2838064,Varies with device,"100,000,000+",Free,0,Everyone,Casual,"August 6, 2018",Varies with device,Varies with device
EI!,PRODUCTIVITY,,0,7.7M,10+,Free,0,Everyone,Productivity,"July 19, 2018",1.1.14,4.1 and up
FlashLight F.Light,TOOLS,4.3,3943,11M,"100,000+",Free,0,Everyone,Tools,"May 23, 2018",1.4.2,5.0 and up
Pedi STAT,MEDICAL,4.6,129,2.9M,"10,000+",Paid,$5.49,Everyone,Medical,"April 6, 2018",3.0.1.0,4.1 and up
SofaScore Live Score,SPORTS,4.8,221722,Varies with device,"10,000,000+",Free,0,Everyone,Sports,"July 26, 2018",Varies with device,Varies with device
Install images with music to make video without Net - 2018,ART_AND_DESIGN,4.6,1070,26M,"100,000+",Free,0,Everyone,Art & Design,"November 14, 2017",1.6,4.1 and up
Pink Silver Bow Keyboard Theme,ART_AND_DESIGN,4.2,1120,9.2M,"100,000+",Free,0,Everyone,Art & Design,"July 12, 2018",6.7.12.2018,4.0.3 and up
Aj.Petra,COMMUNICATION,,5,14M,100+,Free,0,Everyone,Communication,"September 29, 2017",1.0.1,4.1 and up
BlackCam Pro - B&W Camera,PHOTOGRAPHY,4.5,1376,5.5M,"100,000+",Paid,$1.49,Everyone,Photography,"March 26, 2018",1.51,4.0 and up
AQ Guards,PRODUCTIVITY,,0,3.2M,10+,Free,0,Everyone,Productivity,"July 6, 2018",2.1.22,4.4 and up
"realestate.com.au - Buy, Rent & Sell Property",HOUSE_AND_HOME,3.8,14653,Varies with device,"1,000,000+",Free,0,Everyone,House & Home,"July 16, 2018",Varies with device,Varies with device
Angry Birds Rio,GAME,4.4,2610526,46M,"100,000,000+",Free,0,Everyone,Arcade,"July 3, 2018",2.6.9,4.1 and up
Weight Watchers Mobile,HEALTH_AND_FITNESS,4.2,270294,58M,"5,000,000+",Free,0,Everyone,Health & Fitness,"July 31, 2018",6.15.0,4.1 and up
iHoroscope - 2018 Daily Horoscope & Astrology,LIFESTYLE,4.5,398307,19M,"10,000,000+",Free,0,Everyone,Lifestyle,"July 25, 2018",Varies with device,Varies with device
VitusVet: Pet Health Care App,MEDICAL,4.8,3052,12M,"100,000+",Free,0,Everyone,Medical,"July 31, 2018",3.8.0,4.1 and up
HotelTonight: Book amazing deals at great hotels,TRAVEL_AND_LOCAL,4.4,57556,Varies with device,"5,000,000+",Free,0,Everyone,Travel & Local,"July 31, 2018",Varies with device,Varies with device
ZenUI Themes – Stylish Themes,PERSONALIZATION,4.4,47393,7.2M,"10,000,000+",Free,0,Everyone,Personalization,"May 24, 2018",1.8.0.24_180511,5.0 and up
WICShopper,SHOPPING,3.9,3023,Varies with device,"500,000+",Free,0,Everyone,Shopping,"July 26, 2018",Varies with device,Varies with device
Vintage Flower CM Locker Theme,PERSONALIZATION,4.3,2910,2.3M,"500,000+",Free,0,Everyone,Personalization,"January 24, 2016",1.0.0,4.0 and up
Online Kerala EB Bill Pay,FINANCE,4.0,37,3.9M,"5,000+",Free,0,Everyone,Finance,"November 16, 2017",1.0.0,4.0.3 and up
Gang Wars of San Andreas,GAME,4.1,9898,63M,"1,000,000+",Free,0,Mature 17+,Action,"February 15, 2018",Varies with device,4.0.3 and up
ExDialer - Dialer & Contacts,COMMUNICATION,4.2,125232,2.7M,"10,000,000+",Free,0,Everyone,Communication,"March 5, 2017",196,2.1 and up
Belo Horizonte Map offline,TRAVEL_AND_LOCAL,,11,18M,"1,000+",Free,0,Everyone,Travel & Local,"July 12, 2018",1.73,4.3 and up
Bible,BOOKS_AND_REFERENCE,4.7,2440695,Varies with device,"100,000,000+",Free,0,Teen,Books & Reference,"August 2, 2018",Varies with device,Varies with device
Viber Messenger,COMMUNICATION,4.3,11334973,Varies with device,"500,000,000+",Free,0,Everyone,Communication,"July 18, 2018",Varies with device,Varies with device
Power Rangers Dino Charge,GAME,4.3,194969,30M,"10,000,000+",Free,0,Everyone 10+,Action,"January 29, 2018",1.4.0,4.1 and up
AE Bingo: Offline Bingo Games,GAME,4.4,61746,Varies with device,"500,000+",Free,0,Teen,Casino,"September 30, 2016",Varies with device,2.3.3 and up
Marítimo EC,TOOLS,,1,5.3M,10+,Free,0,Everyone,Tools,"February 14, 2018",1.9.8,4.0 and up
The Aether: Life as a God,FAMILY,4.1,1407,3.4M,"100,000+",Free,0,Everyone 10+,Role Playing,"March 12, 2018",1.0.5,4.0 and up
Talkray - Free Calls & Texts,COMMUNICATION,4.2,244863,Varies with device,"10,000,000+",Free,0,Everyone,Communication,"May 29, 2018",Varies with device,Varies with device
BG MUSIC PLAYER - MUSIC PLAYER,VIDEO_PLAYERS,,0,8.6M,100+,Free,0,Everyone,Video Players & Editors,"June 26, 2018",1.0,4.1 and up
Mackolik Live Results,SPORTS,3.9,188834,Varies with device,"10,000,000+",Free,0,Everyone,Sports,"July 24, 2018",Varies with device,Varies with device
Kristian Hla Bu,BOOKS_AND_REFERENCE,4.8,238,27M,"10,000+",Free,0,Everyone,Books & Reference,"May 25, 2018",1.0,4.0 and up
Dungeon Legends - PvP Action MMO RPG Co-op Games,FAMILY,4.4,102215,42M,"1,000,000+",Free,0,Teen,Role Playing,"June 25, 2018",3.10,4.0.3 and up
Chest Simulator for Clash Royale,FAMILY,4.4,4756,33M,"100,000+",Free,0,Everyone,Simulation,"July 19, 2018",1.1.9,4.1 and up
"iDates - Chats, Flirts, Dating, Love & Relations",DATING,3.4,13890,20M,"500,000+",Free,0,Mature 17+,Dating,"June 19, 2018",4.9.2 (Oasis),4.2 and up
SCB EASY,FINANCE,4.2,112656,93M,"5,000,000+",Free,0,Everyone,Finance,"July 19, 2018",3.9.0,4.1 and up
OmniMedix Medical Calculator,MEDICAL,4.7,25,1.2M,"1,000+",Paid,$4.99,Everyone,Medical,"June 11, 2016",3.1.6,3.0 and up
A-Z App Store,PRODUCTIVITY,3.2,2728,4.4M,"500,000+",Free,0,Everyone,Productivity,"October 5, 2016",1.0.5,4.1 and up
NBA LIVE Mobile Basketball,SPORTS,4.4,1690802,58M,"50,000,000+",Free,0,Everyone,Sports,"May 21, 2018",2.3.1,4.0 and up
Find a Way: Addictive Puzzle,FAMILY,4.8,39480,14M,"500,000+",Free,0,Everyone,Puzzle,"June 16, 2017",4.1.1,4.1 and up
bz Basellandschaftliche News,NEWS_AND_MAGAZINES,2.8,33,33M,"1,000+",Free,0,Everyone,News & Magazines,"June 6, 2018",1.4.0,5.0 and up
Economic Times : Market News,NEWS_AND_MAGAZINES,4.3,93708,Varies with device,"5,000,000+",Free,0,Everyone,News & Magazines,"July 9, 2018",Varies with device,Varies with device
DN Events,PRODUCTIVITY,,4,18M,500+,Free,0,Teen,Productivity,"June 7, 2018",7.17.2.0,5.0 and up
My Study Life - School Planner,EDUCATION,4.3,47847,21M,"1,000,000+",Free,0,Everyone,Education,"June 13, 2017",6.1.3,4.0.3 and up
Kill Shot Bravo: Sniper FPS,GAME,4.4,579519,99M,"10,000,000+",Free,0,Mature 17+,Action,"July 18, 2018",5.1,4.1 and up
EF-myHR,FINANCE,2.9,26,36M,"1,000+",Free,0,Everyone,Finance,"February 21, 2018",1.0.38,4.0 and up
AQ Aspergers Test,MEDICAL,3.9,265,714k,"10,000+",Free,0,Everyone,Medical,"October 14, 2015",1.4.0,2.3.3 and up
Dr. Battery - Fast Charger - Super Cleaner 2018,TOOLS,4.5,101738,10M,"1,000,000+",Free,0,Everyone,Tools,"July 26, 2018",2.2.82,4.0 and up
GPS Speedometer and Odometer,MAPS_AND_NAVIGATION,4.8,15865,3.3M,"1,000,000+",Free,0,Everyone,Maps & Navigation,"August 3, 2018",10.0,4.1 and up
DC Comics Amino,SOCIAL,4.9,117,63M,"1,000+",Free,0,Teen,Social,"July 13, 2018",1.8.19106,4.0.3 and up
Colors of white in Urdu,BEAUTY,4.5,36,6.7M,"10,000+",Free,0,Everyone,Beauty,"July 26, 2018",6.0,4.0 and up
My BF App,COMMUNICATION,4.1,141,9.9M,"50,000+",Free,0,Everyone,Communication,"December 19, 2017",2.0,4.0 and up
Masha and the Bear- House Cleaning Games for Girls,FAMILY,,0,74M,100+,Paid,$1.99,Everyone,Educational;Pretend Play,"January 25, 2018",0.0.1,4.1 and up
FINAL FANTASY V,FAMILY,4.5,15924,4.2M,"100,000+",Paid,$7.99,Teen,Role Playing,"March 15, 2017",1.2.1,4.0 and up
Knife Hit,GAME,4.5,461137,60M,"10,000,000+",Free,0,Everyone,Arcade,"May 22, 2018",1.7.2,4.0.3 and up
Car Driving Simulator Drift,GAME,4.4,19816,57M,"1,000,000+",Free,0,Everyone,Racing,"November 3, 2017",1.8.1,4.4 and up
"Homes.com 🏠 For Sale, Rent",HOUSE_AND_HOME,4.0,6000,18M,"1,000,000+",Free,0,Everyone,House & Home,"July 28, 2018",9.6.8,4.1 and up
codeSpark Academy & The Foos,FAMILY,4.1,4522,57M,"500,000+",Free,0,Everyone,Educational;Education,"June 21, 2018",2.19.01,4.1 and up
Children's cartoons (Mithu-Mina-Raju),COMICS,4.6,279,3.3M,"100,000+",Free,0,Everyone,Comics,"December 18, 2017",1.6,4.0 and up
Bird - Enjoy The Ride,TRAVEL_AND_LOCAL,4.3,2649,25M,"500,000+",Free,0,Everyone,Travel & Local,"August 3, 2018",4.1.1,4.4 and up
Mapy.cz - Cycling & Hiking offline maps,MAPS_AND_NAVIGATION,4.5,56443,43M,"1,000,000+",Free,0,Everyone,Maps & Navigation,"June 26, 2018",6.2.0,4.1 and up
GS SHOP,SHOPPING,3.8,44255,15M,"10,000,000+",Free,0,Everyone,Shopping,"August 3, 2018",6.0.4,4.1 and up
Bowmasters,GAME,4.7,1535973,Varies with device,"50,000,000+",Free,0,Teen,Action,"July 23, 2018",2.12.5,4.1 and up
Bx-WiFi-GI,VIDEO_PLAYERS,,0,21M,100+,Free,0,Everyone,Video Players & Editors,"August 15, 2017",1.3.6,4.1 and up
Oxford Dictionary of English : Free,BOOKS_AND_REFERENCE,4.1,364452,7.1M,"10,000,000+",Free,0,Everyone,Books & Reference,"July 11, 2018",9.1.363,4.1 and up
HD Themes Toyota Cruiser 70,PERSONALIZATION,4.5,86,17M,"10,000+",Free,0,Teen,Personalization,"October 2, 2016",1.0,2.3.3 and up
AF Nutrition - Integratori,HEALTH_AND_FITNESS,,6,19M,100+,Free,0,Everyone,Health & Fitness,"August 2, 2018",1.3,4.1 and up
B.T.,NEWS_AND_MAGAZINES,2.8,636,1.4M,"100,000+",Free,0,Everyone,News & Magazines,"June 8, 2018",1.12.2,4.1 and up
Supermarket – Game for Kids,FAMILY,4.4,112080,26M,"10,000,000+",Free,0,Everyone,Casual;Pretend Play,"July 26, 2018",1.24,4.1 and up
Co-Dependents Anonymous,LIFESTYLE,,0,12M,500+,Free,0,Everyone,Lifestyle,"February 28, 2018",1.0.1,4.1 and up
BL info,TRAVEL_AND_LOCAL,4.1,98,2.0M,"5,000+",Free,0,Everyone,Travel & Local,"July 17, 2018",2.0,4.3 and up
studentsLife by FH Kärnten,FAMILY,4.4,108,Varies with device,"5,000+",Free,0,Everyone,Education,"March 30, 2018",4.0.1,4.4 and up
Uber,MAPS_AND_NAVIGATION,4.2,4921866,Varies with device,"100,000,000+",Free,0,Everyone,Maps & Navigation,"August 2, 2018",Varies with device,Varies with device
DN Driver,FAMILY,,0,7.5M,5+,Free,0,Everyone,Education,"June 9, 2018",1.0.2,4.1 and up
Windguru Lite,WEATHER,4.0,9307,5.0M,"1,000,000+",Free,0,Everyone,Weather,"January 9, 2018",2.0.8,4.4 and up
DEER HUNTER 2018,GAME,4.3,955614,82M,"10,000,000+",Free,0,Teen,Action,"June 26, 2018",5.1.2,3.0 and up
CF SPOT,HEALTH_AND_FITNESS,,0,9.7M,100+,Free,0,Everyone,Health & Fitness,"July 9, 2018",4.2.2,4.1 and up
KTB Netbank,FINANCE,3.8,42644,19M,"5,000,000+",Free,0,Everyone,Finance,"June 28, 2018",8.18,4.2 and up
"Fox News – Breaking News, Live Video & News Alerts",NEWS_AND_MAGAZINES,4.5,249919,Varies with device,"10,000,000+",Free,0,Everyone 10+,News & Magazines,"July 30, 2018",Varies with device,Varies with device
A/C Universal Remote Control,TOOLS,3.1,3263,3.0M,"1,000,000+",Free,0,Everyone,Tools,"May 16, 2017",1.17,3.0 and up
Mental Hospital V,GAME,4.2,2460,25M,"50,000+",Paid,$0.99,Mature 17+,Action,"November 19, 2016",1.04,4.2 and up
"ipsy: Makeup, Beauty, and Tips",BEAUTY,4.9,49790,14M,"1,000,000+",Free,0,Everyone,Beauty,"November 9, 2017",2.3.0,4.1 and up
MultiMessage for FB Messenger,PRODUCTIVITY,4.2,182,7.0M,"50,000+",Free,0,Everyone,Productivity,"April 28, 2018",1.0.1,4.2 and up
Houzz Interior Design Ideas,HOUSE_AND_HOME,4.6,353799,Varies with device,"10,000,000+",Free,0,Everyone,House & Home,"August 1, 2018",Varies with device,Varies with device
Xperia Link™,COMMUNICATION,4.1,45487,Varies with device,"10,000,000+",Free,0,Everyone,Communication,"October 27, 2016",Varies with device,Varies with device
HomeWork,EDUCATION,4.3,16195,5.2M,"1,000,000+",Free,0,Everyone,Education,"September 20, 2016",8.5.2,4.0 and up
"Even - organize your money, get paid early",FINANCE,4.8,12304,21M,"100,000+",Free,0,Everyone,Finance,"August 2, 2018",6.0.16,5.0 and up
Archos File Manager,PRODUCTIVITY,4.0,2131,2.3M,"5,000,000+",Free,0,Everyone,Productivity,"April 22, 2016",4.1.4,4.1 and up
m.ride - your motorcycle app,AUTO_AND_VEHICLES,4.5,189,16M,"10,000+",Free,0,Everyone,Auto & Vehicles,"July 3, 2018",1.1.6,6.0 and up
My Photo Keyboard,PHOTOGRAPHY,4.1,211620,20M,"10,000,000+",Free,0,Everyone,Photography,"March 29, 2018",7.4,4.0 and up
Auto Dslr Photo Effect : Auto Focus Effect,PHOTOGRAPHY,3.8,6,3.5M,"1,000+",Free,0,Everyone,Photography,"February 20, 2018",1.6,4.0.3 and up
CG Smart,SPORTS,,2,1.5M,100+,Free,0,Everyone,Sports,"August 12, 2016",1.4,4.0.3 and up
Co-op Credit Union on the Go,FINANCE,4.4,5,30M,"1,000+",Free,0,Everyone,Finance,"April 25, 2018",18.1.79,5.0 and up
BC Camera,PHOTOGRAPHY,4.2,5,5.5M,500+,Free,0,Everyone,Photography,"January 10, 2018",1.0,4.0.3 and up
My Diet Diary Calorie Counter,HEALTH_AND_FITNESS,4.1,18539,57M,"1,000,000+",Free,0,Everyone,Health & Fitness,"July 30, 2018",1.11.4,4.0.3 and up
"USA Singles Meet, Match and Date Free - Date",DATING,4.2,5084,9.6M,"100,000+",Free,0,Mature 17+,Dating,"August 3, 2018",1.55,4.1 and up
CB News,FAMILY,5.0,7,20M,50+,Free,0,Everyone,Education,"September 10, 2016",1.2.0,4.1 and up
Special Forces Group 2,GAME,4.6,1432809,29M,"10,000,000+",Free,0,Mature 17+,Action,"July 29, 2018",3.3,4.0 and up
"Moneycontrol – Stocks, Sensex, Mutual Funds, IPO",FINANCE,4.4,281485,Varies with device,"5,000,000+",Free,0,Everyone,Finance,"May 11, 2018",Varies with device,Varies with device
AP World History: Practice Tests and Flashcards,FAMILY,4.8,21,5.4M,"5,000+",Free,0,Everyone,Education,"July 3, 2018",1.6.7.1,4.1 and up
C++ Programming,EDUCATION,4.3,11904,1.8M,"1,000,000+",Free,0,Everyone,Education,"August 22, 2015",2.0,2.3 and up
BeautyPlus - Easy Photo Editor & Selfie Camera,PHOTOGRAPHY,4.4,3156484,53M,"100,000,000+",Free,0,Everyone,Photography,"July 31, 2018",6.9.031,4.1 and up
AC-BL,COMMUNICATION,,0,4.3M,50+,Free,0,Everyone,Communication,"April 20, 2018",1.7,2.1 and up
Sherbourne AH,MEDICAL,,1,29M,50+,Free,0,Everyone,Medical,"February 27, 2018",300000.0.98,4.0.3 and up
Alarm Clock,TOOLS,4.3,114788,Varies with device,"5,000,000+",Free,0,Everyone,Tools,"January 22, 2018",Varies with device,Varies with device
I am Rich Premium Plus,FINANCE,4.6,459,2.0M,"10,000+",Paid,$18.99,Everyone,Finance,"February 17, 2018",1.1,4.0.3 and up
AV HD Video Player,FAMILY,3.8,6,23M,"1,000+",Free,0,Everyone,Entertainment,"January 19, 2018",1.0,4.4 and up
Comunidad De Fe Minitries,LIFESTYLE,5.0,19,11M,500+,Free,0,Everyone,Lifestyle,"March 1, 2018",1.1,4.1 and up
BeautyPlus - Easy Photo Editor & Selfie Camera,PHOTOGRAPHY,4.4,3158151,53M,"100,000,000+",Free,0,Everyone,Photography,"July 31, 2018",6.9.031,4.1 and up
AW,FAMILY,,0,Varies with device,5+,Free,0,Everyone 10+,Strategy,"August 28, 2015",Varies with device,Varies with device
Blood Pressure Log - bpresso.com,MEDICAL,4.2,5661,Varies with device,"500,000+",Free,0,Everyone,Medical,"April 19, 2017",Varies with device,Varies with device
W-History Standalone,SOCIAL,3.2,38,1.5M,"1,000+",Paid,$0.99,Everyone,Social,"March 9, 2018",1.935,7.0 and up
ES Summer Chill Theme for Free,TOOLS,4.3,940,387k,"100,000+",Free,0,Everyone,Tools,"August 24, 2017",2.0.7,4.0 and up
ep-liggare - Elektronisk personalliggare,TOOLS,,0,21M,100+,Free,0,Everyone,Tools,"June 26, 2018",1.1.0,4.1 and up
Periscope - Live Video,SOCIAL,4.0,479909,15M,"10,000,000+",Free,0,Mature 17+,Social,"July 9, 2018",1.23.3.0,4.4 and up
bp e-store,BOOKS_AND_REFERENCE,4.4,52,2.2M,"1,000+",Free,0,Everyone,Books & Reference,"January 15, 2016",2.0.7,4.0 and up
Co Checker,TOOLS,1.9,12,2.0M,"1,000+",Free,0,Everyone,Tools,"October 20, 2017",1.8.6,4.3 and up
DG ग्राम / Digital Gram Panchayat,NEWS_AND_MAGAZINES,4.5,53,5.9M,"10,000+",Free,0,Teen,News & Magazines,"June 19, 2018",1.7,4.0 and up
Tamilnadu EB Online Payment,FINANCE,3.7,155,3.9M,"100,000+",Free,0,Everyone,Finance,"July 30, 2018",1.0.0,4.0.3 and up
Burger King Italia,LIFESTYLE,4.0,4160,30M,"500,000+",Free,0,Everyone,Lifestyle,"July 6, 2018",2.3.6,4.0.3 and up
Catholic La Bu Zo Kam,BOOKS_AND_REFERENCE,5.0,23,Varies with device,500+,Free,0,Everyone,Books & Reference,"March 20, 2016",0.0.1,4.0 and up
211:CK,GAME,5.0,8,38M,10+,Paid,$0.99,Teen,Arcade,"April 11, 2018",1.3,4.1 and up
Add-On: bq (c),PRODUCTIVITY,,17,1.2M,"1,000+",Free,0,Everyone,Productivity,"May 19, 2015",10.0.3086,4.0 and up
"Meet, chat & date. Free dating app - Chocolate app",DATING,3.9,8661,9.5M,"1,000,000+",Free,0,Mature 17+,Dating,"April 3, 2018",0.1.11,4.0 and up
3D Blue Glass Water Keyboard Theme,PERSONALIZATION,4.1,62209,7.4M,"10,000,000+",Free,0,Everyone,Personalization,"July 1, 2018",6.7.1,4.0.3 and up
O Céu e o Inferno,BOOKS_AND_REFERENCE,,14,754k,500+,Paid,$0.99,Everyone,Books & Reference,"October 7, 2013",1.1,1.6 and up
Offroad Car G,FAMILY,4.3,64884,37M,"5,000,000+",Free,0,Everyone,Simulation,"July 12, 2016",1,2.3.3 and up
Block Craft 3D: Building Simulator Games For Free,FAMILY,4.5,944661,57M,"50,000,000+",Free,0,Everyone,Simulation,"March 5, 2018",2.10.2,4.0.3 and up
VidPlay,VIDEO_PLAYERS,4.2,3546,3.7M,"1,000,000+",Free,0,Everyone,Video Players & Editors,"May 27, 2018",2.0.19,4.1 and up
DS Helpdesk Plus,BUSINESS,3.6,21,Varies with device,100+,Paid,$12.99,Everyone,Business,"January 30, 2017",Varies with device,Varies with device
Wallpapers Toyota FJ Cruiser,PERSONALIZATION,4.2,78,10M,"10,000+",Free,0,Everyone,Personalization,"June 20, 2016",1.0,2.3.3 and up
Arab Halls - For Wedding & Events,EVENTS,4.8,28,6.3M,"1,000+",Free,0,Everyone,Events,"May 20, 2018",8.0bld14,4.1 and up
DrivingTest,FAMILY,2.9,975,45M,"100,000+",Free,0,Everyone,Simulation,"February 27, 2017",5,4.1 and up
Mama Lala 's song,LIBRARIES_AND_DEMO,,102,21M,"50,000+",Free,0,Everyone,Libraries & Demo,"July 1, 2018",6.0.0,2.3 and up
EC Games Datecs,SPORTS,,76,329k,"10,000+",Free,0,Everyone,Sports,"February 12, 2016",4.4,2.1 and up
Home Decor Showpiece Art making: Medium Difficulty,HOUSE_AND_HOME,4.3,273,7.0M,"50,000+",Free,0,Everyone,House & Home,"May 30, 2018",1.2,4.0.3 and up
Easy DIY CD Craft Ideas,ART_AND_DESIGN,,7,5.6M,"5,000+",Free,0,Everyone,Art & Design,"May 30, 2018",1.0,2.3 and up
SH-02J Owner's Manual (Android 8.0),BOOKS_AND_REFERENCE,,2,7.2M,"50,000+",Free,0,Everyone,Books & Reference,"June 15, 2018",3.0,6.0 and up
AÖF Ev İdaresi 1. Sınıf,FAMILY,,2,11M,"1,000+",Free,0,Everyone,Education,"July 15, 2018",3.0,4.1 and up
AF Link,NEWS_AND_MAGAZINES,4.7,210,18M,"10,000+",Free,0,Everyone,News & Magazines,"May 31, 2018",v4.29.0.9,4.4 and up
Strawberry Shortcake BerryRush,FAMILY,4.3,525552,48M,"10,000,000+",Free,0,Everyone,Action;Action & Adventure,"October 15, 2017",1.2.3,2.3 and up
Sniper 3D Gun Shooter: Free Shooting Games - FPS,GAME,4.6,7671249,Varies with device,"100,000,000+",Free,0,Mature 17+,Action,"August 2, 2018",Varies with device,Varies with device
Weight Watchers Mobile,HEALTH_AND_FITNESS,4.2,270294,58M,"5,000,000+",Free,0,Everyone,Health & Fitness,"July 31, 2018",6.15.0,4.1 and up
HTC Sense Input - EN,TOOLS,4.3,24175,8.5M,"5,000,000+",Free,0,Everyone,Tools,"October 30, 2015",1.0.612931,5.0 and up
Wide address pocket prep,MEDICAL,4.5,513,12M,"5,000+",Free,0,Everyone,Medical,"July 11, 2018",4.5.2,4.4 and up
My Diet Diary Calorie Counter,HEALTH_AND_FITNESS,4.1,18539,57M,"1,000,000+",Free,0,Everyone,Health & Fitness,"July 30, 2018",1.11.4,4.0.3 and up
CD Library,PRODUCTIVITY,3.9,44,3.3M,"10,000+",Free,0,Everyone,Productivity,"February 18, 2017",5.7.2,2.1 and up
FREE LIVE TALK,DATING,4.9,776,4.9M,"5,000+",Free,0,Mature 17+,Dating,"July 14, 2018",8.2,4.0.3 and up
Going Abroad,FAMILY,3.0,606,42M,"50,000+",Free,0,Everyone 10+,Educational,"August 16, 2016",1.2,4.0 and up
Fresh News,NEWS_AND_MAGAZINES,4.4,2207,9.8M,"100,000+",Free,0,Everyone,News & Magazines,"July 26, 2018",41.0,4.1 and up
OK cashbag [point of pleasure],LIFESTYLE,3.7,33264,18M,"10,000,000+",Free,0,Everyone,Lifestyle,"June 15, 2018",6.2.1,4.0 and up
BT Satmeter,TOOLS,,0,2.4M,100+,Free,0,Everyone,Tools,"April 12, 2018",V2.3,4.3 and up
BZ-Digital,NEWS_AND_MAGAZINES,,4,36M,100+,Free,0,Everyone,News & Magazines,"March 5, 2018",2.4.1,4.4 and up
WedMeGood - Wedding Planner,LIFESTYLE,4.6,1658,9.7M,"100,000+",Free,0,Everyone,Lifestyle,"July 31, 2018",2.0.9,4.4 and up
Pixelmania - Color by number & create pixel art,FAMILY,4.4,3588,18M,"500,000+",Free,0,Everyone,Entertainment,"February 25, 2018",1.18,4.3 and up
Should I Answer?,COMMUNICATION,4.8,237468,8.8M,"1,000,000+",Free,0,Everyone,Communication,"July 26, 2018",2018.1.715,4.0 and up
Firefox Focus: The privacy browser,COMMUNICATION,4.4,36981,4.0M,"1,000,000+",Free,0,Everyone,Communication,"July 6, 2018",5.2,5.0 and up
Kids Corner: Interactive Tales and Games for kids,FAMILY,4.5,6404,46M,"500,000+",Free,0,Everyone,Educational;Brain Games,"July 16, 2018",1.8.3,4.1 and up
Go,PERSONALIZATION,4.6,89,11M,"5,000+",Paid,$0.99,Everyone,Personalization,"October 21, 2017",1.6.1,4.0.3 and up
"Goal Meter: Goal Tracker, Habit Changer,To-Do List",PRODUCTIVITY,4.6,7969,20M,"100,000+",Free,0,Everyone,Productivity,"February 6, 2018",2.7.92,4.4 and up
Be Like Bro - Compilation,FAMILY,4.4,146,3.9M,"10,000+",Free,0,Teen,Entertainment,"March 30, 2018",2.4,4.1 and up
AZ Plugin 2 (newest),LIBRARIES_AND_DEMO,4.2,11087,34M,"1,000,000+",Free,0,Everyone,Libraries & Demo,"March 16, 2017",4.1.4,5.0 and up
3D Tennis,SPORTS,4.2,1008012,13M,"50,000,000+",Free,0,Everyone,Sports,"December 5, 2017",1.7.7,2.1 and up
Dead Zombie Evil Killer:Axe,GAME,3.9,71,52M,"10,000+",Free,0,Teen,Action,"December 1, 2016",1.1,2.3 and up
Racing CX,GAME,,4,20M,500+,Free,0,Everyone,Racing,"June 6, 2017",1,2.2 and up
EO GSEA,BUSINESS,,1,30M,10+,Free,0,Everyone,Business,"January 4, 2018",1.0.0,4.4 and up
Instagram,SOCIAL,4.5,66577313,Varies with device,"1,000,000,000+",Free,0,Teen,Social,"July 31, 2018",Varies with device,Varies with device
RAR,TOOLS,4.4,669901,Varies with device,"50,000,000+",Free,0,Everyone,Tools,"August 7, 2018",Varies with device,Varies with device
DX Simulation for OOO Dx Belt,FAMILY,4.6,67,31M,"10,000+",Free,0,Everyone,Simulation,"August 4, 2018",1.7,4.1 and up
Financial Calculator India,FINANCE,4.6,13819,3.9M,"1,000,000+",Free,0,Everyone,Finance,"July 4, 2018",3.3,4.0 and up
Helix Jump,GAME,4.2,1500999,33M,"100,000,000+",Free,0,Everyone,Action,"April 9, 2018",1.0.6,4.1 and up
Bubble Shooter DX,FAMILY,4.2,636,4.0M,"100,000+",Free,0,Everyone,Casual,"June 21, 2018",1.21,4.0.3 and up
Ability DS UNO,PRODUCTIVITY,,3,2.3M,50+,Paid,$2.60,Everyone,Productivity,"May 19, 2014",1.0,1.5 and up
BT Notifier,TOOLS,2.5,2794,3.8M,"1,000,000+",Free,0,Everyone,Tools,"May 28, 2018",2.9,4.3 and up
BK murli today (Mobile Murli) - Gyan,FAMILY,4.8,100,4.5M,"5,000+",Free,0,Everyone,Education,"August 5, 2018",2.0,4.4 and up
Gunship Modern Combat 3D,GAME,4.2,3247,26M,"500,000+",Free,0,Teen,Action,"July 25, 2017",1.05,2.3 and up
cloudLibrary,BOOKS_AND_REFERENCE,4.0,10774,35M,"100,000+",Free,0,Everyone,Books & Reference,"June 28, 2018",3.8.10,4.1 and up
No.Draw - Colors by Number 2018,FAMILY,4.5,235906,13M,"10,000,000+",Free,0,Everyone,Entertainment;Brain Games,"July 29, 2018",1.2.0,4.1 and up
CONTRACT KILLER: ZOMBIES (NR),GAME,4.4,206602,13M,"5,000,000+",Free,0,Mature 17+,Action,"July 1, 2013",3.1.0,2.1 and up
EW PDF,BOOKS_AND_REFERENCE,,0,8.7M,5+,Free,0,Everyone,Books & Reference,"February 14, 2018",1.0.2,4.4 and up
Castlight Mobile,MEDICAL,3.7,529,26M,"100,000+",Free,0,Everyone,Medical,"July 30, 2018",4.4.7,5.0 and up
"theScore: Live Sports Scores, News, Stats & Videos",SPORTS,4.4,133825,34M,"10,000,000+",Free,0,Everyone 10+,Sports,"July 25, 2018",6.17.2,4.4 and up
Frozen Free Fall,FAMILY,4.3,1574204,37M,"50,000,000+",Free,0,Everyone,Puzzle;Action & Adventure,"July 27, 2018",6.7.0,4.2 and up
Pyaar Ek Dhoka hai Game - Anti Valentines,FAMILY,,8,17M,100+,Free,0,Everyone,Casual,"February 11, 2018",3,4.1 and up
Casino X - Free Online Slots,GAME,4.5,30515,Varies with device,"1,000,000+",Free,0,Teen,Casino,"May 22, 2018",2.92,4.0 and up
MetaTrader 4,FINANCE,4.6,260547,Varies with device,"5,000,000+",Free,0,Everyone,Finance,"July 31, 2018",Varies with device,Varies with device
Band O'Clock,LIFESTYLE,3.8,1140,746k,"100,000+",Free,0,Everyone,Lifestyle,"December 3, 2011",0.11,2.1 and up
Au Mobile: Audition Chính Hiệu,GAME,3.9,85278,23M,"1,000,000+",Free,0,Mature 17+,Music,"July 17, 2018",1.8.0716,4.0.3 and up
RRIMS FO,BUSINESS,,2,5.2M,100+,Free,0,Everyone,Business,"July 27, 2018",4.2,5.0 and up
Rage Z: Multiplayer Zombie FPS Online Shooter,GAME,4.1,11258,44M,"500,000+",Free,0,Mature 17+,Action,"December 8, 2016",1.25,4.2 and up
Cochrane Library,MEDICAL,3.7,3,10.0M,100+,Free,0,Everyone,Medical,"July 17, 2018",1.5.0,4.1 and up
Deck Advisor for CR,TOOLS,4.1,37975,23M,"5,000,000+",Free,0,Everyone,Tools,"February 2, 2017",1.4.0,4.1 and up
Sports Tracker Running Cycling,HEALTH_AND_FITNESS,4.5,190247,Varies with device,"5,000,000+",Free,0,Everyone,Health & Fitness,"August 3, 2018",Varies with device,Varies with device
Vaniday - Beauty Booking App,LIFESTYLE,3.6,1067,Varies with device,"100,000+",Free,0,Everyone,Lifestyle,"March 20, 2018",3.8.15,4.1 and up
University of Florida,FAMILY,4.0,168,7.6M,"10,000+",Free,0,Everyone,Education,"October 2, 2017",2.0,4.1 and up
WFLA News Channel 8 - Tampa FL,NEWS_AND_MAGAZINES,3.8,133,14M,"10,000+",Free,0,Everyone,News & Magazines,"July 18, 2018",v4.30.0.8,5.0 and up
FC Bayern Munich,SPORTS,4.6,37140,71M,"1,000,000+",Free,0,Everyone,Sports,"August 1, 2018",1.3.11,4.1 and up
WoW AH Tracker,TOOLS,2.9,33,Varies with device,"10,000+",Free,0,Everyone,Tools,"July 23, 2018",Varies with device,Varies with device
CS Browser Beta,COMMUNICATION,4.3,125,53M,"5,000+",Free,0,Everyone,Communication,"October 16, 2017",60.0.3112.3046279,4.1 and up
FK Crvena zvezda,SPORTS,4.9,1211,15M,"10,000+",Free,0,Everyone,Sports,"January 22, 2018",1.0.1,4.4 and up
AJ Jump: Animal Jam Kangaroos!,GAME,4.4,2975,42M,"50,000+",Paid,$1.99,Everyone,Arcade,"March 7, 2016",1.6,4.0 and up
DF-CAM,TOOLS,,2,20M,100+,Free,0,Everyone,Tools,"May 16, 2018",2.0.1,4.3 and up
With Helper Pro Pill Reminder,MEDICAL,4.6,358,Varies with device,"5,000+",Paid,$3.99,Everyone,Medical,"October 25, 2017",Varies with device,Varies with device
EZ Financial Calculator,FINANCE,4.4,32,2.3M,"1,000+",Free,0,Everyone,Finance,"January 13, 2018",2.3,4.4 and up
Flipboard: News For Our Time,NEWS_AND_MAGAZINES,4.4,1284018,Varies with device,"500,000,000+",Free,0,Everyone 10+,News & Magazines,"August 3, 2018",Varies with device,Varies with device
Zillow: Find Houses for Sale & Apartments for Rent,HOUSE_AND_HOME,4.5,417907,34M,"10,000,000+",Free,0,Everyone,House & Home,"August 1, 2018",9.8.1.7425,4.4 and up
Remix Second Hand,SHOPPING,4.2,867,7.5M,"100,000+",Free,0,Everyone,Shopping,"August 2, 2018",1.5.8,4.4 and up
Young Speeches,LIBRARIES_AND_DEMO,,2221,2.4M,"500,000+",Free,0,Everyone,Libraries & Demo,"January 8, 2017",1.1,2.3 and up
"ARuler - AR Ruler app, Measure tools",TOOLS,4.3,1602,5.0M,"100,000+",Free,0,Everyone,Tools,"August 3, 2018",1.1.7,7.0 and up
DM security - Dragon Mobile,TOOLS,3.9,27,3.0M,"1,000+",Free,0,Everyone,Tools,"April 26, 2017",1.1.1,4.1 and up
CT-REMOTE,GAME,3.3,19,1.6M,100+,Paid,$4.49,Everyone,Action,"February 10, 2015",1.4,2.3 and up
DT Baby Cam,TOOLS,1.7,10,23M,500+,Free,0,Everyone,Tools,"December 5, 2017",3.0,2.2 and up
Ah! Cutie,FAMILY,3.9,536,10M,"10,000+",Free,0,Everyone,Casual,"June 27, 2017",2.0.0,4.0 and up
RollerCoaster Tycoon® Classic,GAME,4.6,10795,69M,"100,000+",Paid,$5.99,Everyone,Simulation,"December 21, 2017",1.2.1.1712080,4.0.3 and up
"Parallel U - App Cloner, Duals APP, tarallel",TOOLS,4.1,3315,5.1M,"500,000+",Free,0,Everyone,Tools,"May 15, 2018",1.0.24,4.1 and up
CrossFire: Legends,GAME,4.3,144040,29M,"5,000,000+",Free,0,Teen,Action,"July 25, 2018",1.0.9.10,4.0 and up
Lifetime - Watch Full Episodes & Original Movies,ENTERTAINMENT,4.0,35931,19M,"1,000,000+",Free,0,Teen,Entertainment,"July 16, 2018",3.1.4,4.4 and up
DYPSOET,FAMILY,5.0,8,7.4M,50+,Free,0,Everyone,Education,"August 7, 2018",1.0.2,4.1 and up
"Eve Period Tracker - Love, Sex & Relationships App",HEALTH_AND_FITNESS,4.6,20326,28M,"1,000,000+",Free,0,Teen,Health & Fitness,"August 4, 2018",2.9.18,4.1 and up
InstaSize Photo Filters & Collage Editor,PHOTOGRAPHY,4.3,811693,50M,"50,000,000+",Free,0,Everyone,Photography,"August 2, 2018",4.0.26,4.4 and up
"Canva: Poster, banner, card maker & graphic design",ART_AND_DESIGN,4.7,174531,24M,"10,000,000+",Free,0,Everyone,Art & Design,"July 31, 2018",1.6.1,4.1 and up
Fever Care,MEDICAL,3.5,19,2.2M,"5,000+",Free,0,Everyone,Medical,"May 12, 2018",1.4.15-free,4.0.3 and up
Alto's Adventure,GAME,4.6,515240,63M,"10,000,000+",Free,0,Everyone,Action,"June 5, 2018",1.7.1,4.0 and up
Memorado - Brain Games,EDUCATION,4.4,56897,97M,"1,000,000+",Free,0,Everyone,Education;Brain Games,"January 16, 2017",1.10.0,4.1 and up
Fast Tract Diet,HEALTH_AND_FITNESS,4.4,35,2.4M,"1,000+",Paid,$7.99,Everyone,Health & Fitness,"August 8, 2018",1.9.3,4.2 and up
KineMaster – Pro Video Editor,VIDEO_PLAYERS,4.5,1013867,32M,"50,000,000+",Free,0,Everyone,Video Players & Editors,"August 3, 2018",4.5.0.10701.GP,4.1 and up
[BN] Blitz,SPORTS,3.2,4,5.6M,100+,Free,0,Everyone,Sports,"May 17, 2018",4.6,4.3 and up
XX HD Video downloader-Free Video Downloader,VIDEO_PLAYERS,4.1,7624,6.0M,"1,000,000+",Free,0,Everyone,Video Players & Editors,"April 20, 2018",1.9,4.0.3 and up
Khrifa Hla Bu (Solfa),BOOKS_AND_REFERENCE,,0,44M,10+,Free,0,Everyone,Books & Reference,"July 8, 2018",1.0,2.1 and up
Questland: Turn Based RPG,FAMILY,4.6,31134,48M,"1,000,000+",Free,0,Everyone 10+,Role Playing,"August 2, 2018",1.10.6,4.1 and up
Peggle Blast,GAME,4.1,166251,19M,"5,000,000+",Free,0,Everyone,Card,"December 11, 2017",2.16.0,4.0.3 and up
"Meet24 - Love, Chat, Singles",DATING,4.2,57081,7.9M,"1,000,000+",Free,0,Mature 17+,Dating,"July 27, 2018",1.31.3,4.0.3 and up
OE TRACKER CE Attendance App,MEDICAL,3.4,16,7.8M,"5,000+",Free,0,Everyone,Medical,"March 20, 2018",1.3.0,4.4 and up
gps tracker cg,TOOLS,,0,1.4M,50+,Free,0,Everyone,Tools,"May 27, 2017",1.0,4.1 and up
Blood Pressure Log - MyDiary,MEDICAL,4.7,8347,2.6M,"500,000+",Free,0,Everyone,Medical,"April 13, 2018",1.4.6,4.0 and up
Human Anatomy Atlas 2018: Complete 3D Human Body,MEDICAL,4.5,2921,25M,"100,000+",Paid,$24.99,Everyone,Medical,"May 25, 2018",2018.5.47,5.0 and up
Summer Madness,EVENTS,,4,1.4M,100+,Free,0,Everyone,Events,"July 26, 2018",1.107,4.0 and up
Nedir Bu ?,GAME,,0,33M,10+,Free,0,Everyone,Trivia,"March 18, 2018",3.1.6z,4.0.3 and up
Pinoy Kid Song Ako ay may Lobo,FAMILY,4.6,23,17M,"10,000+",Free,0,Everyone,Education,"September 12, 2016",1.0,2.2 and up
Lalafo Pulsuz Elanlar,SHOPPING,4.4,61392,Varies with device,"1,000,000+",Free,0,Everyone,Shopping,"August 8, 2018",Varies with device,Varies with device
Offroad Police Car DE,FAMILY,4.3,9149,80M,"1,000,000+",Free,0,Everyone,Simulation,"March 15, 2017",1.3,2.3.3 and up
Screen Lock,TOOLS,4.2,68309,2.1M,"1,000,000+",Free,0,Everyone,Tools,"November 23, 2017",v3.9f,4.0 and up
Car Parking Game 3D - Real City Driving Challenge,FAMILY,4.4,187892,40M,"5,000,000+",Free,0,Everyone,Simulation,"May 10, 2018",1.2.0,4.0 and up
FK Events,PRODUCTIVITY,,0,18M,5+,Free,0,Teen,Productivity,"June 27, 2018",7.17.2.1,5.0 and up
BZ Delivery,SHOPPING,,1,6.2M,500+,Free,0,Everyone,Shopping,"January 15, 2018",1.1.0,4.0.3 and up
V Bucks ProTips New,SOCIAL,4.7,594,3.6M,"1,000+",Free,0,Everyone,Social,"July 19, 2018",1.0,2.1 and up
Sat-Fi,COMMUNICATION,3.6,97,Varies with device,"5,000+",Free,0,Everyone,Communication,"August 31, 2017",Varies with device,Varies with device
AZ Camera - Manual Pro Cam,PHOTOGRAPHY,3.4,2332,1.6M,"100,000+",Free,0,Everyone,Photography,"August 28, 2015",2.2,5.0 and up
"Hily: Dating, Chat, Match, Meet & Hook up",DATING,4.1,2560,56M,"100,000+",Free,0,Mature 17+,Dating,"August 1, 2018",2.5.2,4.1 and up
Cloud Print,PRODUCTIVITY,4.1,282460,Varies with device,"500,000,000+",Free,0,Everyone,Productivity,"May 23, 2018",Varies with device,Varies with device
SuperPhoto - Effects & Filters,PHOTOGRAPHY,4.1,43296,Varies with device,"5,000,000+",Free,0,Everyone,Photography,"September 20, 2017",Varies with device,Varies with device
The Walking Zombie: Dead City,GAME,4.6,58575,96M,"1,000,000+",Free,0,Teen,Action,"February 21, 2018",2.55,4.1 and up
Football Live Scores,SPORTS,4.5,107724,6.5M,"5,000,000+",Free,0,Everyone,Sports,"July 31, 2018",1004.0,4.0 and up
Lazionews.eu,NEWS_AND_MAGAZINES,,25,18M,"1,000+",Free,0,Everyone,News & Magazines,"May 18, 2018",1.0.1,4.0 and up
Ferguson AH,MEDICAL,,0,29M,100+,Free,0,Everyone,Medical,"July 17, 2017",300000.0.86,4.0.3 and up
SPEED L,SHOPPING,4.3,85,2.9M,"50,000+",Free,0,Everyone,Shopping,"June 26, 2018",1.24,4.4 and up
X Launcher Pro - IOS Style Theme & Control Center,ART_AND_DESIGN,4.8,1216,8.6M,"10,000+",Paid,$1.99,Everyone,Art & Design,"June 26, 2018",1.0.0,4.1 and up
Themes Volvo FH Trucks,PERSONALIZATION,,14,14M,"1,000+",Free,0,Teen,Personalization,"June 17, 2016",1.0,2.3.3 and up
Analog and Digital Clock AW-7PRO,TOOLS,,4,2.7M,100+,Paid,$1.99,Everyone,Tools,"March 15, 2018",2.0,4.3 and up
All Type DP,FAMILY,4.3,1853,5.8M,"500,000+",Free,0,Everyone,Entertainment,"May 10, 2018",1.8,4.0 and up
"2Date Dating App, Love and matching",DATING,4.4,41605,8.1M,"500,000+",Free,0,Mature 17+,Dating,"July 26, 2018",4.813,4.0.3 and up
AO/OTA Fracture Classification,MEDICAL,4.9,25,46M,"5,000+",Free,0,Everyone,Medical,"April 17, 2018",1.0,5.0 and up
[substratum] Vacuum: P,PERSONALIZATION,4.4,230,11M,"1,000+",Paid,$1.49,Everyone,Personalization,"July 20, 2018",4.4,
O-Star,DATING,4.4,59,38M,"5,000+",Free,0,Everyone,Dating,"July 19, 2018",1.0.1,4.3 and up
CZ Kompas,TOOLS,5.0,2,3.5M,10+,Free,0,Everyone,Tools,"July 9, 2018",1.1,4.0 and up
OnTrack Diabetes,MEDICAL,4.3,6079,1.8M,"500,000+",Free,0,Everyone,Medical,"January 17, 2018",3.2.7,2.1 and up
Golf GPS Rangefinder: Golf Pad,SPORTS,4.6,13098,Varies with device,"1,000,000+",Free,0,Everyone,Sports,"July 28, 2018",Varies with device,Varies with device
War Robots,GAME,4.6,3073251,33M,"50,000,000+",Free,0,Everyone 10+,Action,"July 25, 2018",4.1.1,4.1 and up
DRAGON BALL LEGENDS,GAME,4.6,337913,48M,"5,000,000+",Free,0,Teen,Action,"August 3, 2018",1.11.0,6.0 and up
Business Mitra (BM),BUSINESS,4.9,13,5.3M,100+,Free,0,Everyone,Business,"July 12, 2018",1.11.1prod,4.0.3 and up
Quran Khmer Offline AY,FAMILY,5.0,41,4.0M,"1,000+",Free,0,Everyone,Education,"December 13, 2017",10.6,4.2 and up
What's Your CS:GO rank?,GAME,2.3,278,2.4M,"10,000+",Free,0,Teen,Trivia,"February 11, 2017",1.0,2.3 and up
Br Shafi,FAMILY,4.9,1288,26M,"10,000+",Free,0,Everyone,Education,"July 11, 2018",1.0,4.1 and up
GITZ.bz,SHOPPING,4.0,4,2.4M,10+,Free,0,Everyone,Shopping,"August 4, 2017",1.0,4.1 and up
AirWatch Inbox,BUSINESS,2.7,8346,Varies with device,"1,000,000+",Free,0,Everyone,Business,"September 20, 2017",Varies with device,4.0 and up
Stickman Warriors Heroes 2,GAME,4.4,13714,41M,"1,000,000+",Free,0,Everyone 10+,Action,"April 15, 2017",1.0.4,4.0.3 and up
amazer - Global Kpop Video Community,VIDEO_PLAYERS,4.3,1215,23M,"100,000+",Free,0,Everyone 10+,Video Players & Editors,"July 20, 2018",1.5.4,4.1 and up
Thuglife Video Maker,FAMILY,3.5,38824,12M,"1,000,000+",Free,0,Mature 17+,Entertainment,"January 21, 2018",2.4.1,5.0 and up
Cute Dolphin Keyboard,PERSONALIZATION,4.5,237,6.4M,"10,000+",Free,0,Everyone,Personalization,"July 30, 2018",1.279.13.93,4.0.3 and up
Undertale AU Amino,SOCIAL,4.8,5369,63M,"50,000+",Free,0,Teen,Social,"July 13, 2018",1.8.19106,4.0.3 and up
DC HSEMA,BOOKS_AND_REFERENCE,3.8,38,7.2M,"5,000+",Free,0,Everyone,Books & Reference,"June 18, 2018",4.0,4.4 and up
Google Chrome: Fast & Secure,COMMUNICATION,4.3,9643041,Varies with device,"1,000,000,000+",Free,0,Everyone,Communication,"August 1, 2018",Varies with device,Varies with device
Random Video Chat App With Strangers,DATING,,3,4.8M,"1,000+",Free,0,Mature 17+,Dating,"July 17, 2018",1.,4.0 and up
ARK: Survival Evolved,GAME,3.8,51523,36M,"500,000+",Free,0,Teen,Adventure,"August 2, 2018",1.0.90,7.0 and up
AB Anywhere Mobile Banking,FINANCE,,3,11M,500+,Free,0,Everyone,Finance,"July 3, 2018",4.17.82,4.4 and up
ePazar.bg,SHOPPING,,28,2.1M,"1,000+",Free,0,Everyone,Shopping,"January 7, 2017",3.0,3.0 and up
"Meditation Music - Relax, Yoga",HEALTH_AND_FITNESS,4.6,48226,28M,"1,000,000+",Free,0,Everyone,Health & Fitness,"March 5, 2018",3.1.9,4.0.3 and up
Es-Bg Offline Voice Translator,TRAVEL_AND_LOCAL,,1,87M,10+,Paid,$1.49,Everyone,Travel & Local,"March 19, 2017",2.55,3.0 and up
Reindeer VPN - Proxy VPN,TOOLS,4.2,7339,4.0M,"100,000+",Free,0,Everyone,Tools,"May 10, 2018",1.74,4.1 and up
BG Advisor™,TOOLS,4.4,7,5.6M,"1,000+",Free,0,Everyone,Tools,"January 10, 2017",1.3,4.0.3 and up
Radiology CT Viewer,MEDICAL,3.6,35,88M,"10,000+",Free,0,Everyone,Medical,"January 20, 2018",2,4.0 and up
Miss FQ,NEWS_AND_MAGAZINES,,0,36M,10+,Free,0,Everyone,News & Magazines,"April 5, 2018",3.8,4.4 and up
EZ-ELD Update,AUTO_AND_VEHICLES,3.1,14,4.6M,"1,000+",Free,0,Everyone,Auto & Vehicles,"February 9, 2018",16.00,4.3 and up
"AliExpress - Smarter Shopping, Better Living",SHOPPING,4.6,5911055,Varies with device,"100,000,000+",Free,0,Teen,Shopping,"August 1, 2018",Varies with device,Varies with device
Calorie Counter & Diet Tracker,HEALTH_AND_FITNESS,4.5,32606,Varies with device,"1,000,000+",Free,0,Everyone,Health & Fitness,"March 22, 2018",Varies with device,Varies with device
Universal AC Remote Control,TOOLS,3.8,40934,5.2M,"1,000,000+",Free,0,Everyone,Tools,"July 28, 2018",acremotecontrol18,4.0.3 and up
Free Cam Girls - Live Webcam,DATING,3.5,35,16M,"1,000+",Free,0,Mature 17+,Dating,"July 16, 2018",2.4,4.0.3 and up
Running & Jogging,HEALTH_AND_FITNESS,4.5,6238,3.9M,"500,000+",Free,0,Everyone,Health & Fitness,"July 30, 2018",1.1.22,4.1 and up
X-WOLF,GAME,4.2,4878,27M,"100,000+",Free,0,Everyone 10+,Adventure,"February 2, 2018",1.2.0,4.1 and up
DCUO|CR Calculator Pro,TOOLS,4.6,82,1.7M,500+,Paid,$0.99,Everyone,Tools,"August 14, 2017",3.3,3.0 and up
Ultimate Fighter Z,GAME,4.3,180,24M,"5,000+",Free,0,Everyone,Action,"July 16, 2018",2.0,4.4 and up
Ultimate Calculator for CR,PRODUCTIVITY,3.7,7389,41M,"500,000+",Free,0,Everyone,Productivity,"March 15, 2017",1.0.4,4.0 and up
AJ Wallpapers,PERSONALIZATION,,0,3.9M,100+,Free,0,Everyone,Personalization,"May 6, 2018",2.0,4.0.3 and up
Crew - Free Messaging and Scheduling,BUSINESS,4.6,4159,48M,"500,000+",Free,0,Everyone,Business,"July 20, 2018",6.1.2,4.0.3 and up
Denis Brogniart - AH !,FAMILY,4.5,2931,818k,"100,000+",Free,0,Everyone,Entertainment,"August 4, 2017",1.1,4.2 and up
Beauty Makeup Snappy Collage Photo Editor - Lidow,PHOTOGRAPHY,4.5,420973,Varies with device,"10,000,000+",Free,0,Everyone,Photography,"August 2, 2018",Varies with device,Varies with device
Zombie Catchers,GAME,4.7,990796,75M,"10,000,000+",Free,0,Everyone,Action,"May 24, 2018",1.0.27,4.1 and up
Mobile Strike,FAMILY,3.9,903392,Varies with device,"50,000,000+",Free,0,Everyone 10+,Strategy,"June 14, 2018",3.30.4.207,4.1 and up
BJ card game blackjack,GAME,,3,21M,500+,Free,0,Teen,Card,"December 2, 2016",1.0,2.3 and up
Alba Heaven - Alvarez Job Portal Services,BUSINESS,4.0,8941,12M,"5,000,000+",Free,0,Everyone,Business,"July 31, 2018",4.6.30,4.0.3 and up
X Back - Icon Pack,PERSONALIZATION,4.5,56,26M,"10,000+",Paid,$0.99,Everyone,Personalization,"June 29, 2018",1.6.2,4.1 and up
"Hily: Dating, Chat, Match, Meet & Hook up",DATING,4.1,2556,56M,"100,000+",Free,0,Mature 17+,Dating,"August 1, 2018",2.5.2,4.1 and up
RetroSelfie - Selfie Editor,PHOTOGRAPHY,4.1,106080,35M,"10,000,000+",Free,0,Everyone,Photography,"June 27, 2018",6.1.6,4.1 and up
CE SmartApp.com,BUSINESS,,0,42M,100+,Free,0,Everyone,Business,"March 16, 2018",102.0.875,4.2 and up
Bu Hangi Film ?,FAMILY,,3,25M,100+,Free,0,Everyone,Puzzle,"August 31, 2017",3.2.2dk,4.0.3 and up
Makeup Photo Editor: Makeup Camera & Makeup Editor,PHOTOGRAPHY,4.4,10525,25M,"1,000,000+",Free,0,Everyone,Photography,"July 27, 2018",8.9.9,4.0 and up
Email TypeApp - Mail App,COMMUNICATION,4.6,183374,44M,"1,000,000+",Free,0,Everyone,Communication,"August 1, 2018",1.9.4.74,4.1 and up
My MLS App,LIFESTYLE,4.1,1213,13M,"100,000+",Free,0,Everyone,Lifestyle,"June 4, 2018",2.8.4,4.0.3 and up
Stick 'Em Up 2 Starter Edition,GAME,3.8,2102,40M,"100,000+",Free,0,Everyone 10+,Action,"September 11, 2015",1.1.3,4.0.3 and up
myMetro,TOOLS,4.0,26189,5.3M,"10,000,000+",Free,0,Everyone,Tools,"June 27, 2018",MyMetro_HTML_2.0_430029,4.0 and up
Santa Fe App,SPORTS,,196,5.0M,"5,000+",Free,0,Everyone,Sports,"August 9, 2017",2.1.0,4.0.3 and up
Clash Royale,GAME,4.6,23134775,97M,"100,000,000+",Free,0,Everyone 10+,Strategy,"June 27, 2018",2.3.2,4.1 and up
Wallpapers Mercedes Benz CL,PERSONALIZATION,,2,12M,100+,Free,0,Teen,Personalization,"March 5, 2017",1.0,4.1 and up
BeFunky Photo Editor Pro,PHOTOGRAPHY,4.5,4724,Varies with device,"50,000+",Paid,$1.99,Everyone,Photography,"August 14, 2017",Varies with device,Varies with device
Dark Infusion Substratum Theme for Android N & O,PERSONALIZATION,4.8,133,59M,"1,000+",Paid,$2.49,Everyone,Personalization,"August 3, 2018",15.6,7.0 and up
Dt. Jyothi Srinivas,HEALTH_AND_FITNESS,5.0,18,13M,100+,Free,0,Everyone,Health & Fitness,"February 6, 2018",1.0.6,4.1 and up
Target - now with Cartwheel,SHOPPING,4.1,68406,24M,"10,000,000+",Free,0,Everyone,Shopping,"August 6, 2018",6.25.0+1906001476,5.0 and up
